# CalCrypt7-7.dat - First 7-form 127-D calibration for CalCrypt.py 
[[1,2,3,4,5,6,7], [1,2,3,8,9,10,11], [1,2,3,12,13,14,15],
 [1,2,3,16,17,18,19], [1,2,3,20,21,22,23], [1,2,3,24,25,26,27],
 [1,2,3,28,29,30,31], [1,2,3,32,33,34,35], [1,2,3,36,37,38,39],
 [1,2,3,40,41,42,43], [1,2,3,44,45,46,47], [1,2,3,48,49,50,51],
 [1,2,3,52,53,54,55], [1,2,3,56,57,58,59], [1,2,3,60,61,62,63],
 [1,2,3,64,65,66,67], [1,2,3,68,69,70,71], [1,2,3,72,73,74,75],
 [1,2,3,76,77,78,79], [1,2,3,80,81,82,83], [1,2,3,84,85,86,87],
 [1,2,3,88,89,90,91], [1,2,3,92,93,94,95], [1,2,3,96,97,98,99],
 [1,2,3,100,101,102,103], [1,2,3,104,105,106,107], [1,2,3,108,109,110,111],
 [1,2,3,112,113,114,115], [1,2,3,116,117,118,119], [1,2,3,120,121,122,123],
 [1,2,3,124,125,126,127], [1,4,5,8,9,12,13], [1,4,5,10,11,14,15],
 [1,4,5,16,17,20,21], [1,4,5,18,19,22,23], [1,4,5,24,25,28,29],
 [1,4,5,26,27,30,31], [1,4,5,32,33,36,37], [1,4,5,34,35,38,39],
 [1,4,5,40,41,44,45], [1,4,5,42,43,46,47], [1,4,5,48,49,52,53],
 [1,4,5,50,51,54,55], [1,4,5,56,57,60,61], [1,4,5,58,59,62,63],
 [1,4,5,64,65,68,69], [1,4,5,66,67,70,71], [1,4,5,72,73,76,77],
 [1,4,5,74,75,78,79], [1,4,5,80,81,84,85], [1,4,5,82,83,86,87],
 [1,4,5,88,89,92,93], [1,4,5,90,91,94,95], [1,4,5,96,97,100,101],
 [1,4,5,98,99,102,103], [1,4,5,104,105,108,109], [1,4,5,106,107,110,111],
 [1,4,5,112,113,116,117], [1,4,5,114,115,118,119], [1,4,5,120,121,124,125],
 [1,4,5,122,123,126,127], [1,6,7,8,9,14,15], [1,6,7,10,11,12,13],
 [1,6,7,16,17,22,23], [1,6,7,18,19,20,21], [1,6,7,24,25,30,31],
 [1,6,7,26,27,28,29], [1,6,7,32,33,38,39], [1,6,7,34,35,36,37],
 [1,6,7,40,41,46,47], [1,6,7,42,43,44,45], [1,6,7,48,49,54,55],
 [1,6,7,50,51,52,53], [1,6,7,56,57,62,63], [1,6,7,58,59,60,61],
 [1,6,7,64,65,70,71], [1,6,7,66,67,68,69], [1,6,7,72,73,78,79],
 [1,6,7,74,75,76,77], [1,6,7,80,81,86,87], [1,6,7,82,83,84,85],
 [1,6,7,88,89,94,95], [1,6,7,90,91,92,93], [1,6,7,96,97,102,103],
 [1,6,7,98,99,100,101], [1,6,7,104,105,110,111], [1,6,7,106,107,108,109],
 [1,6,7,112,113,118,119], [1,6,7,114,115,116,117], [1,6,7,120,121,126,127],
 [1,6,7,122,123,124,125], [1,8,9,16,17,24,25], [1,8,9,18,19,26,27],
 [1,8,9,20,21,28,29], [1,8,9,22,23,30,31], [1,8,9,32,33,40,41],
 [1,8,9,34,35,42,43], [1,8,9,36,37,44,45], [1,8,9,38,39,46,47],
 [1,8,9,48,49,56,57], [1,8,9,50,51,58,59], [1,8,9,52,53,60,61],
 [1,8,9,54,55,62,63], [1,8,9,64,65,72,73], [1,8,9,66,67,74,75],
 [1,8,9,68,69,76,77], [1,8,9,70,71,78,79], [1,8,9,80,81,88,89],
 [1,8,9,82,83,90,91], [1,8,9,84,85,92,93], [1,8,9,86,87,94,95],
 [1,8,9,96,97,104,105], [1,8,9,98,99,106,107], [1,8,9,100,101,108,109],
 [1,8,9,102,103,110,111], [1,8,9,112,113,120,121], [1,8,9,114,115,122,123],
 [1,8,9,116,117,124,125], [1,8,9,118,119,126,127], [1,10,11,16,17,26,27],
 [1,10,11,18,19,24,25], [1,10,11,20,21,30,31], [1,10,11,22,23,28,29],
 [1,10,11,32,33,42,43], [1,10,11,34,35,40,41], [1,10,11,36,37,46,47],
 [1,10,11,38,39,44,45], [1,10,11,48,49,58,59], [1,10,11,50,51,56,57],
 [1,10,11,52,53,62,63], [1,10,11,54,55,60,61], [1,10,11,64,65,74,75],
 [1,10,11,66,67,72,73], [1,10,11,68,69,78,79], [1,10,11,70,71,76,77],
 [1,10,11,80,81,90,91], [1,10,11,82,83,88,89], [1,10,11,84,85,94,95],
 [1,10,11,86,87,92,93], [1,10,11,96,97,106,107], [1,10,11,98,99,104,105],
 [1,10,11,100,101,110,111], [1,10,11,102,103,108,109], [1,10,11,112,113,122,123],
 [1,10,11,114,115,120,121], [1,10,11,116,117,126,127], [1,10,11,118,119,124,125],
 [1,12,13,16,17,28,29], [1,12,13,18,19,30,31], [1,12,13,20,21,24,25],
 [1,12,13,22,23,26,27], [1,12,13,32,33,44,45], [1,12,13,34,35,46,47],
 [1,12,13,36,37,40,41], [1,12,13,38,39,42,43], [1,12,13,48,49,60,61],
 [1,12,13,50,51,62,63], [1,12,13,52,53,56,57], [1,12,13,54,55,58,59],
 [1,12,13,64,65,76,77], [1,12,13,66,67,78,79], [1,12,13,68,69,72,73],
 [1,12,13,70,71,74,75], [1,12,13,80,81,92,93], [1,12,13,82,83,94,95],
 [1,12,13,84,85,88,89], [1,12,13,86,87,90,91], [1,12,13,96,97,108,109],
 [1,12,13,98,99,110,111], [1,12,13,100,101,104,105], [1,12,13,102,103,106,107],
 [1,12,13,112,113,124,125], [1,12,13,114,115,126,127], [1,12,13,116,117,120,121],
 [1,12,13,118,119,122,123], [1,14,15,16,17,30,31], [1,14,15,18,19,28,29],
 [1,14,15,20,21,26,27], [1,14,15,22,23,24,25], [1,14,15,32,33,46,47],
 [1,14,15,34,35,44,45], [1,14,15,36,37,42,43], [1,14,15,38,39,40,41],
 [1,14,15,48,49,62,63], [1,14,15,50,51,60,61], [1,14,15,52,53,58,59],
 [1,14,15,54,55,56,57], [1,14,15,64,65,78,79], [1,14,15,66,67,76,77],
 [1,14,15,68,69,74,75], [1,14,15,70,71,72,73], [1,14,15,80,81,94,95],
 [1,14,15,82,83,92,93], [1,14,15,84,85,90,91], [1,14,15,86,87,88,89],
 [1,14,15,96,97,110,111], [1,14,15,98,99,108,109], [1,14,15,100,101,106,107],
 [1,14,15,102,103,104,105], [1,14,15,112,113,126,127], [1,14,15,114,115,124,125],
 [1,14,15,116,117,122,123], [1,14,15,118,119,120,121], [1,16,17,32,33,48,49],
 [1,16,17,34,35,50,51], [1,16,17,36,37,52,53], [1,16,17,38,39,54,55],
 [1,16,17,40,41,56,57], [1,16,17,42,43,58,59], [1,16,17,44,45,60,61],
 [1,16,17,46,47,62,63], [1,16,17,64,65,80,81], [1,16,17,66,67,82,83],
 [1,16,17,68,69,84,85], [1,16,17,70,71,86,87], [1,16,17,72,73,88,89],
 [1,16,17,74,75,90,91], [1,16,17,76,77,92,93], [1,16,17,78,79,94,95],
 [1,16,17,96,97,112,113], [1,16,17,98,99,114,115], [1,16,17,100,101,116,117],
 [1,16,17,102,103,118,119], [1,16,17,104,105,120,121], [1,16,17,106,107,122,123],
 [1,16,17,108,109,124,125], [1,16,17,110,111,126,127], [1,18,19,32,33,50,51],
 [1,18,19,34,35,48,49], [1,18,19,36,37,54,55], [1,18,19,38,39,52,53],
 [1,18,19,40,41,58,59], [1,18,19,42,43,56,57], [1,18,19,44,45,62,63],
 [1,18,19,46,47,60,61], [1,18,19,64,65,82,83], [1,18,19,66,67,80,81],
 [1,18,19,68,69,86,87], [1,18,19,70,71,84,85], [1,18,19,72,73,90,91],
 [1,18,19,74,75,88,89], [1,18,19,76,77,94,95], [1,18,19,78,79,92,93],
 [1,18,19,96,97,114,115], [1,18,19,98,99,112,113], [1,18,19,100,101,118,119],
 [1,18,19,102,103,116,117], [1,18,19,104,105,122,123], [1,18,19,106,107,120,121],
 [1,18,19,108,109,126,127], [1,18,19,110,111,124,125], [1,20,21,32,33,52,53],
 [1,20,21,34,35,54,55], [1,20,21,36,37,48,49], [1,20,21,38,39,50,51],
 [1,20,21,40,41,60,61], [1,20,21,42,43,62,63], [1,20,21,44,45,56,57],
 [1,20,21,46,47,58,59], [1,20,21,64,65,84,85], [1,20,21,66,67,86,87],
 [1,20,21,68,69,80,81], [1,20,21,70,71,82,83], [1,20,21,72,73,92,93],
 [1,20,21,74,75,94,95], [1,20,21,76,77,88,89], [1,20,21,78,79,90,91],
 [1,20,21,96,97,116,117], [1,20,21,98,99,118,119], [1,20,21,100,101,112,113],
 [1,20,21,102,103,114,115], [1,20,21,104,105,124,125], [1,20,21,106,107,126,127],
 [1,20,21,108,109,120,121], [1,20,21,110,111,122,123], [1,22,23,32,33,54,55],
 [1,22,23,34,35,52,53], [1,22,23,36,37,50,51], [1,22,23,38,39,48,49],
 [1,22,23,40,41,62,63], [1,22,23,42,43,60,61], [1,22,23,44,45,58,59],
 [1,22,23,46,47,56,57], [1,22,23,64,65,86,87], [1,22,23,66,67,84,85],
 [1,22,23,68,69,82,83], [1,22,23,70,71,80,81], [1,22,23,72,73,94,95],
 [1,22,23,74,75,92,93], [1,22,23,76,77,90,91], [1,22,23,78,79,88,89],
 [1,22,23,96,97,118,119], [1,22,23,98,99,116,117], [1,22,23,100,101,114,115],
 [1,22,23,102,103,112,113], [1,22,23,104,105,126,127], [1,22,23,106,107,124,125],
 [1,22,23,108,109,122,123], [1,22,23,110,111,120,121], [1,24,25,32,33,56,57],
 [1,24,25,34,35,58,59], [1,24,25,36,37,60,61], [1,24,25,38,39,62,63],
 [1,24,25,40,41,48,49], [1,24,25,42,43,50,51], [1,24,25,44,45,52,53],
 [1,24,25,46,47,54,55], [1,24,25,64,65,88,89], [1,24,25,66,67,90,91],
 [1,24,25,68,69,92,93], [1,24,25,70,71,94,95], [1,24,25,72,73,80,81],
 [1,24,25,74,75,82,83], [1,24,25,76,77,84,85], [1,24,25,78,79,86,87],
 [1,24,25,96,97,120,121], [1,24,25,98,99,122,123], [1,24,25,100,101,124,125],
 [1,24,25,102,103,126,127], [1,24,25,104,105,112,113], [1,24,25,106,107,114,115],
 [1,24,25,108,109,116,117], [1,24,25,110,111,118,119], [1,26,27,32,33,58,59],
 [1,26,27,34,35,56,57], [1,26,27,36,37,62,63], [1,26,27,38,39,60,61],
 [1,26,27,40,41,50,51], [1,26,27,42,43,48,49], [1,26,27,44,45,54,55],
 [1,26,27,46,47,52,53], [1,26,27,64,65,90,91], [1,26,27,66,67,88,89],
 [1,26,27,68,69,94,95], [1,26,27,70,71,92,93], [1,26,27,72,73,82,83],
 [1,26,27,74,75,80,81], [1,26,27,76,77,86,87], [1,26,27,78,79,84,85],
 [1,26,27,96,97,122,123], [1,26,27,98,99,120,121], [1,26,27,100,101,126,127],
 [1,26,27,102,103,124,125], [1,26,27,104,105,114,115], [1,26,27,106,107,112,113],
 [1,26,27,108,109,118,119], [1,26,27,110,111,116,117], [1,28,29,32,33,60,61],
 [1,28,29,34,35,62,63], [1,28,29,36,37,56,57], [1,28,29,38,39,58,59],
 [1,28,29,40,41,52,53], [1,28,29,42,43,54,55], [1,28,29,44,45,48,49],
 [1,28,29,46,47,50,51], [1,28,29,64,65,92,93], [1,28,29,66,67,94,95],
 [1,28,29,68,69,88,89], [1,28,29,70,71,90,91], [1,28,29,72,73,84,85],
 [1,28,29,74,75,86,87], [1,28,29,76,77,80,81], [1,28,29,78,79,82,83],
 [1,28,29,96,97,124,125], [1,28,29,98,99,126,127], [1,28,29,100,101,120,121],
 [1,28,29,102,103,122,123], [1,28,29,104,105,116,117], [1,28,29,106,107,118,119],
 [1,28,29,108,109,112,113], [1,28,29,110,111,114,115], [1,30,31,32,33,62,63],
 [1,30,31,34,35,60,61], [1,30,31,36,37,58,59], [1,30,31,38,39,56,57],
 [1,30,31,40,41,54,55], [1,30,31,42,43,52,53], [1,30,31,44,45,50,51],
 [1,30,31,46,47,48,49], [1,30,31,64,65,94,95], [1,30,31,66,67,92,93],
 [1,30,31,68,69,90,91], [1,30,31,70,71,88,89], [1,30,31,72,73,86,87],
 [1,30,31,74,75,84,85], [1,30,31,76,77,82,83], [1,30,31,78,79,80,81],
 [1,30,31,96,97,126,127], [1,30,31,98,99,124,125], [1,30,31,100,101,122,123],
 [1,30,31,102,103,120,121], [1,30,31,104,105,118,119], [1,30,31,106,107,116,117],
 [1,30,31,108,109,114,115], [1,30,31,110,111,112,113], [1,32,33,64,65,96,97],
 [1,32,33,66,67,98,99], [1,32,33,68,69,100,101], [1,32,33,70,71,102,103],
 [1,32,33,72,73,104,105], [1,32,33,74,75,106,107], [1,32,33,76,77,108,109],
 [1,32,33,78,79,110,111], [1,32,33,80,81,112,113], [1,32,33,82,83,114,115],
 [1,32,33,84,85,116,117], [1,32,33,86,87,118,119], [1,32,33,88,89,120,121],
 [1,32,33,90,91,122,123], [1,32,33,92,93,124,125], [1,32,33,94,95,126,127],
 [1,34,35,64,65,98,99], [1,34,35,66,67,96,97], [1,34,35,68,69,102,103],
 [1,34,35,70,71,100,101], [1,34,35,72,73,106,107], [1,34,35,74,75,104,105],
 [1,34,35,76,77,110,111], [1,34,35,78,79,108,109], [1,34,35,80,81,114,115],
 [1,34,35,82,83,112,113], [1,34,35,84,85,118,119], [1,34,35,86,87,116,117],
 [1,34,35,88,89,122,123], [1,34,35,90,91,120,121], [1,34,35,92,93,126,127],
 [1,34,35,94,95,124,125], [1,36,37,64,65,100,101], [1,36,37,66,67,102,103],
 [1,36,37,68,69,96,97], [1,36,37,70,71,98,99], [1,36,37,72,73,108,109],
 [1,36,37,74,75,110,111], [1,36,37,76,77,104,105], [1,36,37,78,79,106,107],
 [1,36,37,80,81,116,117], [1,36,37,82,83,118,119], [1,36,37,84,85,112,113],
 [1,36,37,86,87,114,115], [1,36,37,88,89,124,125], [1,36,37,90,91,126,127],
 [1,36,37,92,93,120,121], [1,36,37,94,95,122,123], [1,38,39,64,65,102,103],
 [1,38,39,66,67,100,101], [1,38,39,68,69,98,99], [1,38,39,70,71,96,97],
 [1,38,39,72,73,110,111], [1,38,39,74,75,108,109], [1,38,39,76,77,106,107],
 [1,38,39,78,79,104,105], [1,38,39,80,81,118,119], [1,38,39,82,83,116,117],
 [1,38,39,84,85,114,115], [1,38,39,86,87,112,113], [1,38,39,88,89,126,127],
 [1,38,39,90,91,124,125], [1,38,39,92,93,122,123], [1,38,39,94,95,120,121],
 [1,40,41,64,65,104,105], [1,40,41,66,67,106,107], [1,40,41,68,69,108,109],
 [1,40,41,70,71,110,111], [1,40,41,72,73,96,97], [1,40,41,74,75,98,99],
 [1,40,41,76,77,100,101], [1,40,41,78,79,102,103], [1,40,41,80,81,120,121],
 [1,40,41,82,83,122,123], [1,40,41,84,85,124,125], [1,40,41,86,87,126,127],
 [1,40,41,88,89,112,113], [1,40,41,90,91,114,115], [1,40,41,92,93,116,117],
 [1,40,41,94,95,118,119], [1,42,43,64,65,106,107], [1,42,43,66,67,104,105],
 [1,42,43,68,69,110,111], [1,42,43,70,71,108,109], [1,42,43,72,73,98,99],
 [1,42,43,74,75,96,97], [1,42,43,76,77,102,103], [1,42,43,78,79,100,101],
 [1,42,43,80,81,122,123], [1,42,43,82,83,120,121], [1,42,43,84,85,126,127],
 [1,42,43,86,87,124,125], [1,42,43,88,89,114,115], [1,42,43,90,91,112,113],
 [1,42,43,92,93,118,119], [1,42,43,94,95,116,117], [1,44,45,64,65,108,109],
 [1,44,45,66,67,110,111], [1,44,45,68,69,104,105], [1,44,45,70,71,106,107],
 [1,44,45,72,73,100,101], [1,44,45,74,75,102,103], [1,44,45,76,77,96,97],
 [1,44,45,78,79,98,99], [1,44,45,80,81,124,125], [1,44,45,82,83,126,127],
 [1,44,45,84,85,120,121], [1,44,45,86,87,122,123], [1,44,45,88,89,116,117],
 [1,44,45,90,91,118,119], [1,44,45,92,93,112,113], [1,44,45,94,95,114,115],
 [1,46,47,64,65,110,111], [1,46,47,66,67,108,109], [1,46,47,68,69,106,107],
 [1,46,47,70,71,104,105], [1,46,47,72,73,102,103], [1,46,47,74,75,100,101],
 [1,46,47,76,77,98,99], [1,46,47,78,79,96,97], [1,46,47,80,81,126,127],
 [1,46,47,82,83,124,125], [1,46,47,84,85,122,123], [1,46,47,86,87,120,121],
 [1,46,47,88,89,118,119], [1,46,47,90,91,116,117], [1,46,47,92,93,114,115],
 [1,46,47,94,95,112,113], [1,48,49,64,65,112,113], [1,48,49,66,67,114,115],
 [1,48,49,68,69,116,117], [1,48,49,70,71,118,119], [1,48,49,72,73,120,121],
 [1,48,49,74,75,122,123], [1,48,49,76,77,124,125], [1,48,49,78,79,126,127],
 [1,48,49,80,81,96,97], [1,48,49,82,83,98,99], [1,48,49,84,85,100,101],
 [1,48,49,86,87,102,103], [1,48,49,88,89,104,105], [1,48,49,90,91,106,107],
 [1,48,49,92,93,108,109], [1,48,49,94,95,110,111], [1,50,51,64,65,114,115],
 [1,50,51,66,67,112,113], [1,50,51,68,69,118,119], [1,50,51,70,71,116,117],
 [1,50,51,72,73,122,123], [1,50,51,74,75,120,121], [1,50,51,76,77,126,127],
 [1,50,51,78,79,124,125], [1,50,51,80,81,98,99], [1,50,51,82,83,96,97],
 [1,50,51,84,85,102,103], [1,50,51,86,87,100,101], [1,50,51,88,89,106,107],
 [1,50,51,90,91,104,105], [1,50,51,92,93,110,111], [1,50,51,94,95,108,109],
 [1,52,53,64,65,116,117], [1,52,53,66,67,118,119], [1,52,53,68,69,112,113],
 [1,52,53,70,71,114,115], [1,52,53,72,73,124,125], [1,52,53,74,75,126,127],
 [1,52,53,76,77,120,121], [1,52,53,78,79,122,123], [1,52,53,80,81,100,101],
 [1,52,53,82,83,102,103], [1,52,53,84,85,96,97], [1,52,53,86,87,98,99],
 [1,52,53,88,89,108,109], [1,52,53,90,91,110,111], [1,52,53,92,93,104,105],
 [1,52,53,94,95,106,107], [1,54,55,64,65,118,119], [1,54,55,66,67,116,117],
 [1,54,55,68,69,114,115], [1,54,55,70,71,112,113], [1,54,55,72,73,126,127],
 [1,54,55,74,75,124,125], [1,54,55,76,77,122,123], [1,54,55,78,79,120,121],
 [1,54,55,80,81,102,103], [1,54,55,82,83,100,101], [1,54,55,84,85,98,99],
 [1,54,55,86,87,96,97], [1,54,55,88,89,110,111], [1,54,55,90,91,108,109],
 [1,54,55,92,93,106,107], [1,54,55,94,95,104,105], [1,56,57,64,65,120,121],
 [1,56,57,66,67,122,123], [1,56,57,68,69,124,125], [1,56,57,70,71,126,127],
 [1,56,57,72,73,112,113], [1,56,57,74,75,114,115], [1,56,57,76,77,116,117],
 [1,56,57,78,79,118,119], [1,56,57,80,81,104,105], [1,56,57,82,83,106,107],
 [1,56,57,84,85,108,109], [1,56,57,86,87,110,111], [1,56,57,88,89,96,97],
 [1,56,57,90,91,98,99], [1,56,57,92,93,100,101], [1,56,57,94,95,102,103],
 [1,58,59,64,65,122,123], [1,58,59,66,67,120,121], [1,58,59,68,69,126,127],
 [1,58,59,70,71,124,125], [1,58,59,72,73,114,115], [1,58,59,74,75,112,113],
 [1,58,59,76,77,118,119], [1,58,59,78,79,116,117], [1,58,59,80,81,106,107],
 [1,58,59,82,83,104,105], [1,58,59,84,85,110,111], [1,58,59,86,87,108,109],
 [1,58,59,88,89,98,99], [1,58,59,90,91,96,97], [1,58,59,92,93,102,103],
 [1,58,59,94,95,100,101], [1,60,61,64,65,124,125], [1,60,61,66,67,126,127],
 [1,60,61,68,69,120,121], [1,60,61,70,71,122,123], [1,60,61,72,73,116,117],
 [1,60,61,74,75,118,119], [1,60,61,76,77,112,113], [1,60,61,78,79,114,115],
 [1,60,61,80,81,108,109], [1,60,61,82,83,110,111], [1,60,61,84,85,104,105],
 [1,60,61,86,87,106,107], [1,60,61,88,89,100,101], [1,60,61,90,91,102,103],
 [1,60,61,92,93,96,97], [1,60,61,94,95,98,99], [1,62,63,64,65,126,127],
 [1,62,63,66,67,124,125], [1,62,63,68,69,122,123], [1,62,63,70,71,120,121],
 [1,62,63,72,73,118,119], [1,62,63,74,75,116,117], [1,62,63,76,77,114,115],
 [1,62,63,78,79,112,113], [1,62,63,80,81,110,111], [1,62,63,82,83,108,109],
 [1,62,63,84,85,106,107], [1,62,63,86,87,104,105], [1,62,63,88,89,102,103],
 [1,62,63,90,91,100,101], [1,62,63,92,93,98,99], [1,62,63,94,95,96,97],
 [2,4,6,8,10,12,14], [2,4,6,9,11,13,15], [2,4,6,16,18,20,22],
 [2,4,6,17,19,21,23], [2,4,6,24,26,28,30], [2,4,6,25,27,29,31],
 [2,4,6,32,34,36,38], [2,4,6,33,35,37,39], [2,4,6,40,42,44,46],
 [2,4,6,41,43,45,47], [2,4,6,48,50,52,54], [2,4,6,49,51,53,55],
 [2,4,6,56,58,60,62], [2,4,6,57,59,61,63], [2,4,6,64,66,68,70],
 [2,4,6,65,67,69,71], [2,4,6,72,74,76,78], [2,4,6,73,75,77,79],
 [2,4,6,80,82,84,86], [2,4,6,81,83,85,87], [2,4,6,88,90,92,94],
 [2,4,6,89,91,93,95], [2,4,6,96,98,100,102], [2,4,6,97,99,101,103],
 [2,4,6,104,106,108,110], [2,4,6,105,107,109,111], [2,4,6,112,114,116,118],
 [2,4,6,113,115,117,119], [2,4,6,120,122,124,126], [2,4,6,121,123,125,127],
 [2,5,7,8,10,13,15], [2,5,7,9,11,12,14], [2,5,7,16,18,21,23],
 [2,5,7,17,19,20,22], [2,5,7,24,26,29,31], [2,5,7,25,27,28,30],
 [2,5,7,32,34,37,39], [2,5,7,33,35,36,38], [2,5,7,40,42,45,47],
 [2,5,7,41,43,44,46], [2,5,7,48,50,53,55], [2,5,7,49,51,52,54],
 [2,5,7,56,58,61,63], [2,5,7,57,59,60,62], [2,5,7,64,66,69,71],
 [2,5,7,65,67,68,70], [2,5,7,72,74,77,79], [2,5,7,73,75,76,78],
 [2,5,7,80,82,85,87], [2,5,7,81,83,84,86], [2,5,7,88,90,93,95],
 [2,5,7,89,91,92,94], [2,5,7,96,98,101,103], [2,5,7,97,99,100,102],
 [2,5,7,104,106,109,111], [2,5,7,105,107,108,110], [2,5,7,112,114,117,119],
 [2,5,7,113,115,116,118], [2,5,7,120,122,125,127], [2,5,7,121,123,124,126],
 [2,8,10,16,18,24,26], [2,8,10,17,19,25,27], [2,8,10,20,22,28,30],
 [2,8,10,21,23,29,31], [2,8,10,32,34,40,42], [2,8,10,33,35,41,43],
 [2,8,10,36,38,44,46], [2,8,10,37,39,45,47], [2,8,10,48,50,56,58],
 [2,8,10,49,51,57,59], [2,8,10,52,54,60,62], [2,8,10,53,55,61,63],
 [2,8,10,64,66,72,74], [2,8,10,65,67,73,75], [2,8,10,68,70,76,78],
 [2,8,10,69,71,77,79], [2,8,10,80,82,88,90], [2,8,10,81,83,89,91],
 [2,8,10,84,86,92,94], [2,8,10,85,87,93,95], [2,8,10,96,98,104,106],
 [2,8,10,97,99,105,107], [2,8,10,100,102,108,110], [2,8,10,101,103,109,111],
 [2,8,10,112,114,120,122], [2,8,10,113,115,121,123], [2,8,10,116,118,124,126],
 [2,8,10,117,119,125,127], [2,9,11,16,18,25,27], [2,9,11,17,19,24,26],
 [2,9,11,20,22,29,31], [2,9,11,21,23,28,30], [2,9,11,32,34,41,43],
 [2,9,11,33,35,40,42], [2,9,11,36,38,45,47], [2,9,11,37,39,44,46],
 [2,9,11,48,50,57,59], [2,9,11,49,51,56,58], [2,9,11,52,54,61,63],
 [2,9,11,53,55,60,62], [2,9,11,64,66,73,75], [2,9,11,65,67,72,74],
 [2,9,11,68,70,77,79], [2,9,11,69,71,76,78], [2,9,11,80,82,89,91],
 [2,9,11,81,83,88,90], [2,9,11,84,86,93,95], [2,9,11,85,87,92,94],
 [2,9,11,96,98,105,107], [2,9,11,97,99,104,106], [2,9,11,100,102,109,111],
 [2,9,11,101,103,108,110], [2,9,11,112,114,121,123], [2,9,11,113,115,120,122],
 [2,9,11,116,118,125,127], [2,9,11,117,119,124,126], [2,12,14,16,18,28,30],
 [2,12,14,17,19,29,31], [2,12,14,20,22,24,26], [2,12,14,21,23,25,27],
 [2,12,14,32,34,44,46], [2,12,14,33,35,45,47], [2,12,14,36,38,40,42],
 [2,12,14,37,39,41,43], [2,12,14,48,50,60,62], [2,12,14,49,51,61,63],
 [2,12,14,52,54,56,58], [2,12,14,53,55,57,59], [2,12,14,64,66,76,78],
 [2,12,14,65,67,77,79], [2,12,14,68,70,72,74], [2,12,14,69,71,73,75],
 [2,12,14,80,82,92,94], [2,12,14,81,83,93,95], [2,12,14,84,86,88,90],
 [2,12,14,85,87,89,91], [2,12,14,96,98,108,110], [2,12,14,97,99,109,111],
 [2,12,14,100,102,104,106], [2,12,14,101,103,105,107], [2,12,14,112,114,124,126],
 [2,12,14,113,115,125,127], [2,12,14,116,118,120,122], [2,12,14,117,119,121,123],
 [2,13,15,16,18,29,31], [2,13,15,17,19,28,30], [2,13,15,20,22,25,27],
 [2,13,15,21,23,24,26], [2,13,15,32,34,45,47], [2,13,15,33,35,44,46],
 [2,13,15,36,38,41,43], [2,13,15,37,39,40,42], [2,13,15,48,50,61,63],
 [2,13,15,49,51,60,62], [2,13,15,52,54,57,59], [2,13,15,53,55,56,58],
 [2,13,15,64,66,77,79], [2,13,15,65,67,76,78], [2,13,15,68,70,73,75],
 [2,13,15,69,71,72,74], [2,13,15,80,82,93,95], [2,13,15,81,83,92,94],
 [2,13,15,84,86,89,91], [2,13,15,85,87,88,90], [2,13,15,96,98,109,111],
 [2,13,15,97,99,108,110], [2,13,15,100,102,105,107], [2,13,15,101,103,104,106],
 [2,13,15,112,114,125,127], [2,13,15,113,115,124,126], [2,13,15,116,118,121,123],
 [2,13,15,117,119,120,122], [2,16,18,32,34,48,50], [2,16,18,33,35,49,51],
 [2,16,18,36,38,52,54], [2,16,18,37,39,53,55], [2,16,18,40,42,56,58],
 [2,16,18,41,43,57,59], [2,16,18,44,46,60,62], [2,16,18,45,47,61,63],
 [2,16,18,64,66,80,82], [2,16,18,65,67,81,83], [2,16,18,68,70,84,86],
 [2,16,18,69,71,85,87], [2,16,18,72,74,88,90], [2,16,18,73,75,89,91],
 [2,16,18,76,78,92,94], [2,16,18,77,79,93,95], [2,16,18,96,98,112,114],
 [2,16,18,97,99,113,115], [2,16,18,100,102,116,118], [2,16,18,101,103,117,119],
 [2,16,18,104,106,120,122], [2,16,18,105,107,121,123], [2,16,18,108,110,124,126],
 [2,16,18,109,111,125,127], [2,17,19,32,34,49,51], [2,17,19,33,35,48,50],
 [2,17,19,36,38,53,55], [2,17,19,37,39,52,54], [2,17,19,40,42,57,59],
 [2,17,19,41,43,56,58], [2,17,19,44,46,61,63], [2,17,19,45,47,60,62],
 [2,17,19,64,66,81,83], [2,17,19,65,67,80,82], [2,17,19,68,70,85,87],
 [2,17,19,69,71,84,86], [2,17,19,72,74,89,91], [2,17,19,73,75,88,90],
 [2,17,19,76,78,93,95], [2,17,19,77,79,92,94], [2,17,19,96,98,113,115],
 [2,17,19,97,99,112,114], [2,17,19,100,102,117,119], [2,17,19,101,103,116,118],
 [2,17,19,104,106,121,123], [2,17,19,105,107,120,122], [2,17,19,108,110,125,127],
 [2,17,19,109,111,124,126], [2,20,22,32,34,52,54], [2,20,22,33,35,53,55],
 [2,20,22,36,38,48,50], [2,20,22,37,39,49,51], [2,20,22,40,42,60,62],
 [2,20,22,41,43,61,63], [2,20,22,44,46,56,58], [2,20,22,45,47,57,59],
 [2,20,22,64,66,84,86], [2,20,22,65,67,85,87], [2,20,22,68,70,80,82],
 [2,20,22,69,71,81,83], [2,20,22,72,74,92,94], [2,20,22,73,75,93,95],
 [2,20,22,76,78,88,90], [2,20,22,77,79,89,91], [2,20,22,96,98,116,118],
 [2,20,22,97,99,117,119], [2,20,22,100,102,112,114], [2,20,22,101,103,113,115],
 [2,20,22,104,106,124,126], [2,20,22,105,107,125,127], [2,20,22,108,110,120,122],
 [2,20,22,109,111,121,123], [2,21,23,32,34,53,55], [2,21,23,33,35,52,54],
 [2,21,23,36,38,49,51], [2,21,23,37,39,48,50], [2,21,23,40,42,61,63],
 [2,21,23,41,43,60,62], [2,21,23,44,46,57,59], [2,21,23,45,47,56,58],
 [2,21,23,64,66,85,87], [2,21,23,65,67,84,86], [2,21,23,68,70,81,83],
 [2,21,23,69,71,80,82], [2,21,23,72,74,93,95], [2,21,23,73,75,92,94],
 [2,21,23,76,78,89,91], [2,21,23,77,79,88,90], [2,21,23,96,98,117,119],
 [2,21,23,97,99,116,118], [2,21,23,100,102,113,115], [2,21,23,101,103,112,114],
 [2,21,23,104,106,125,127], [2,21,23,105,107,124,126], [2,21,23,108,110,121,123],
 [2,21,23,109,111,120,122], [2,24,26,32,34,56,58], [2,24,26,33,35,57,59],
 [2,24,26,36,38,60,62], [2,24,26,37,39,61,63], [2,24,26,40,42,48,50],
 [2,24,26,41,43,49,51], [2,24,26,44,46,52,54], [2,24,26,45,47,53,55],
 [2,24,26,64,66,88,90], [2,24,26,65,67,89,91], [2,24,26,68,70,92,94],
 [2,24,26,69,71,93,95], [2,24,26,72,74,80,82], [2,24,26,73,75,81,83],
 [2,24,26,76,78,84,86], [2,24,26,77,79,85,87], [2,24,26,96,98,120,122],
 [2,24,26,97,99,121,123], [2,24,26,100,102,124,126], [2,24,26,101,103,125,127],
 [2,24,26,104,106,112,114], [2,24,26,105,107,113,115], [2,24,26,108,110,116,118],
 [2,24,26,109,111,117,119], [2,25,27,32,34,57,59], [2,25,27,33,35,56,58],
 [2,25,27,36,38,61,63], [2,25,27,37,39,60,62], [2,25,27,40,42,49,51],
 [2,25,27,41,43,48,50], [2,25,27,44,46,53,55], [2,25,27,45,47,52,54],
 [2,25,27,64,66,89,91], [2,25,27,65,67,88,90], [2,25,27,68,70,93,95],
 [2,25,27,69,71,92,94], [2,25,27,72,74,81,83], [2,25,27,73,75,80,82],
 [2,25,27,76,78,85,87], [2,25,27,77,79,84,86], [2,25,27,96,98,121,123],
 [2,25,27,97,99,120,122], [2,25,27,100,102,125,127], [2,25,27,101,103,124,126],
 [2,25,27,104,106,113,115], [2,25,27,105,107,112,114], [2,25,27,108,110,117,119],
 [2,25,27,109,111,116,118], [2,28,30,32,34,60,62], [2,28,30,33,35,61,63],
 [2,28,30,36,38,56,58], [2,28,30,37,39,57,59], [2,28,30,40,42,52,54],
 [2,28,30,41,43,53,55], [2,28,30,44,46,48,50], [2,28,30,45,47,49,51],
 [2,28,30,64,66,92,94], [2,28,30,65,67,93,95], [2,28,30,68,70,88,90],
 [2,28,30,69,71,89,91], [2,28,30,72,74,84,86], [2,28,30,73,75,85,87],
 [2,28,30,76,78,80,82], [2,28,30,77,79,81,83], [2,28,30,96,98,124,126],
 [2,28,30,97,99,125,127], [2,28,30,100,102,120,122], [2,28,30,101,103,121,123],
 [2,28,30,104,106,116,118], [2,28,30,105,107,117,119], [2,28,30,108,110,112,114],
 [2,28,30,109,111,113,115], [2,29,31,32,34,61,63], [2,29,31,33,35,60,62],
 [2,29,31,36,38,57,59], [2,29,31,37,39,56,58], [2,29,31,40,42,53,55],
 [2,29,31,41,43,52,54], [2,29,31,44,46,49,51], [2,29,31,45,47,48,50],
 [2,29,31,64,66,93,95], [2,29,31,65,67,92,94], [2,29,31,68,70,89,91],
 [2,29,31,69,71,88,90], [2,29,31,72,74,85,87], [2,29,31,73,75,84,86],
 [2,29,31,76,78,81,83], [2,29,31,77,79,80,82], [2,29,31,96,98,125,127],
 [2,29,31,97,99,124,126], [2,29,31,100,102,121,123], [2,29,31,101,103,120,122],
 [2,29,31,104,106,117,119], [2,29,31,105,107,116,118], [2,29,31,108,110,113,115],
 [2,29,31,109,111,112,114], [2,32,34,64,66,96,98], [2,32,34,65,67,97,99],
 [2,32,34,68,70,100,102], [2,32,34,69,71,101,103], [2,32,34,72,74,104,106],
 [2,32,34,73,75,105,107], [2,32,34,76,78,108,110], [2,32,34,77,79,109,111],
 [2,32,34,80,82,112,114], [2,32,34,81,83,113,115], [2,32,34,84,86,116,118],
 [2,32,34,85,87,117,119], [2,32,34,88,90,120,122], [2,32,34,89,91,121,123],
 [2,32,34,92,94,124,126], [2,32,34,93,95,125,127], [2,33,35,64,66,97,99],
 [2,33,35,65,67,96,98], [2,33,35,68,70,101,103], [2,33,35,69,71,100,102],
 [2,33,35,72,74,105,107], [2,33,35,73,75,104,106], [2,33,35,76,78,109,111],
 [2,33,35,77,79,108,110], [2,33,35,80,82,113,115], [2,33,35,81,83,112,114],
 [2,33,35,84,86,117,119], [2,33,35,85,87,116,118], [2,33,35,88,90,121,123],
 [2,33,35,89,91,120,122], [2,33,35,92,94,125,127], [2,33,35,93,95,124,126],
 [2,36,38,64,66,100,102], [2,36,38,65,67,101,103], [2,36,38,68,70,96,98],
 [2,36,38,69,71,97,99], [2,36,38,72,74,108,110], [2,36,38,73,75,109,111],
 [2,36,38,76,78,104,106], [2,36,38,77,79,105,107], [2,36,38,80,82,116,118],
 [2,36,38,81,83,117,119], [2,36,38,84,86,112,114], [2,36,38,85,87,113,115],
 [2,36,38,88,90,124,126], [2,36,38,89,91,125,127], [2,36,38,92,94,120,122],
 [2,36,38,93,95,121,123], [2,37,39,64,66,101,103], [2,37,39,65,67,100,102],
 [2,37,39,68,70,97,99], [2,37,39,69,71,96,98], [2,37,39,72,74,109,111],
 [2,37,39,73,75,108,110], [2,37,39,76,78,105,107], [2,37,39,77,79,104,106],
 [2,37,39,80,82,117,119], [2,37,39,81,83,116,118], [2,37,39,84,86,113,115],
 [2,37,39,85,87,112,114], [2,37,39,88,90,125,127], [2,37,39,89,91,124,126],
 [2,37,39,92,94,121,123], [2,37,39,93,95,120,122], [2,40,42,64,66,104,106],
 [2,40,42,65,67,105,107], [2,40,42,68,70,108,110], [2,40,42,69,71,109,111],
 [2,40,42,72,74,96,98], [2,40,42,73,75,97,99], [2,40,42,76,78,100,102],
 [2,40,42,77,79,101,103], [2,40,42,80,82,120,122], [2,40,42,81,83,121,123],
 [2,40,42,84,86,124,126], [2,40,42,85,87,125,127], [2,40,42,88,90,112,114],
 [2,40,42,89,91,113,115], [2,40,42,92,94,116,118], [2,40,42,93,95,117,119],
 [2,41,43,64,66,105,107], [2,41,43,65,67,104,106], [2,41,43,68,70,109,111],
 [2,41,43,69,71,108,110], [2,41,43,72,74,97,99], [2,41,43,73,75,96,98],
 [2,41,43,76,78,101,103], [2,41,43,77,79,100,102], [2,41,43,80,82,121,123],
 [2,41,43,81,83,120,122], [2,41,43,84,86,125,127], [2,41,43,85,87,124,126],
 [2,41,43,88,90,113,115], [2,41,43,89,91,112,114], [2,41,43,92,94,117,119],
 [2,41,43,93,95,116,118], [2,44,46,64,66,108,110], [2,44,46,65,67,109,111],
 [2,44,46,68,70,104,106], [2,44,46,69,71,105,107], [2,44,46,72,74,100,102],
 [2,44,46,73,75,101,103], [2,44,46,76,78,96,98], [2,44,46,77,79,97,99],
 [2,44,46,80,82,124,126], [2,44,46,81,83,125,127], [2,44,46,84,86,120,122],
 [2,44,46,85,87,121,123], [2,44,46,88,90,116,118], [2,44,46,89,91,117,119],
 [2,44,46,92,94,112,114], [2,44,46,93,95,113,115], [2,45,47,64,66,109,111],
 [2,45,47,65,67,108,110], [2,45,47,68,70,105,107], [2,45,47,69,71,104,106],
 [2,45,47,72,74,101,103], [2,45,47,73,75,100,102], [2,45,47,76,78,97,99],
 [2,45,47,77,79,96,98], [2,45,47,80,82,125,127], [2,45,47,81,83,124,126],
 [2,45,47,84,86,121,123], [2,45,47,85,87,120,122], [2,45,47,88,90,117,119],
 [2,45,47,89,91,116,118], [2,45,47,92,94,113,115], [2,45,47,93,95,112,114],
 [2,48,50,64,66,112,114], [2,48,50,65,67,113,115], [2,48,50,68,70,116,118],
 [2,48,50,69,71,117,119], [2,48,50,72,74,120,122], [2,48,50,73,75,121,123],
 [2,48,50,76,78,124,126], [2,48,50,77,79,125,127], [2,48,50,80,82,96,98],
 [2,48,50,81,83,97,99], [2,48,50,84,86,100,102], [2,48,50,85,87,101,103],
 [2,48,50,88,90,104,106], [2,48,50,89,91,105,107], [2,48,50,92,94,108,110],
 [2,48,50,93,95,109,111], [2,49,51,64,66,113,115], [2,49,51,65,67,112,114],
 [2,49,51,68,70,117,119], [2,49,51,69,71,116,118], [2,49,51,72,74,121,123],
 [2,49,51,73,75,120,122], [2,49,51,76,78,125,127], [2,49,51,77,79,124,126],
 [2,49,51,80,82,97,99], [2,49,51,81,83,96,98], [2,49,51,84,86,101,103],
 [2,49,51,85,87,100,102], [2,49,51,88,90,105,107], [2,49,51,89,91,104,106],
 [2,49,51,92,94,109,111], [2,49,51,93,95,108,110], [2,52,54,64,66,116,118],
 [2,52,54,65,67,117,119], [2,52,54,68,70,112,114], [2,52,54,69,71,113,115],
 [2,52,54,72,74,124,126], [2,52,54,73,75,125,127], [2,52,54,76,78,120,122],
 [2,52,54,77,79,121,123], [2,52,54,80,82,100,102], [2,52,54,81,83,101,103],
 [2,52,54,84,86,96,98], [2,52,54,85,87,97,99], [2,52,54,88,90,108,110],
 [2,52,54,89,91,109,111], [2,52,54,92,94,104,106], [2,52,54,93,95,105,107],
 [2,53,55,64,66,117,119], [2,53,55,65,67,116,118], [2,53,55,68,70,113,115],
 [2,53,55,69,71,112,114], [2,53,55,72,74,125,127], [2,53,55,73,75,124,126],
 [2,53,55,76,78,121,123], [2,53,55,77,79,120,122], [2,53,55,80,82,101,103],
 [2,53,55,81,83,100,102], [2,53,55,84,86,97,99], [2,53,55,85,87,96,98],
 [2,53,55,88,90,109,111], [2,53,55,89,91,108,110], [2,53,55,92,94,105,107],
 [2,53,55,93,95,104,106], [2,56,58,64,66,120,122], [2,56,58,65,67,121,123],
 [2,56,58,68,70,124,126], [2,56,58,69,71,125,127], [2,56,58,72,74,112,114],
 [2,56,58,73,75,113,115], [2,56,58,76,78,116,118], [2,56,58,77,79,117,119],
 [2,56,58,80,82,104,106], [2,56,58,81,83,105,107], [2,56,58,84,86,108,110],
 [2,56,58,85,87,109,111], [2,56,58,88,90,96,98], [2,56,58,89,91,97,99],
 [2,56,58,92,94,100,102], [2,56,58,93,95,101,103], [2,57,59,64,66,121,123],
 [2,57,59,65,67,120,122], [2,57,59,68,70,125,127], [2,57,59,69,71,124,126],
 [2,57,59,72,74,113,115], [2,57,59,73,75,112,114], [2,57,59,76,78,117,119],
 [2,57,59,77,79,116,118], [2,57,59,80,82,105,107], [2,57,59,81,83,104,106],
 [2,57,59,84,86,109,111], [2,57,59,85,87,108,110], [2,57,59,88,90,97,99],
 [2,57,59,89,91,96,98], [2,57,59,92,94,101,103], [2,57,59,93,95,100,102],
 [2,60,62,64,66,124,126], [2,60,62,65,67,125,127], [2,60,62,68,70,120,122],
 [2,60,62,69,71,121,123], [2,60,62,72,74,116,118], [2,60,62,73,75,117,119],
 [2,60,62,76,78,112,114], [2,60,62,77,79,113,115], [2,60,62,80,82,108,110],
 [2,60,62,81,83,109,111], [2,60,62,84,86,104,106], [2,60,62,85,87,105,107],
 [2,60,62,88,90,100,102], [2,60,62,89,91,101,103], [2,60,62,92,94,96,98],
 [2,60,62,93,95,97,99], [2,61,63,64,66,125,127], [2,61,63,65,67,124,126],
 [2,61,63,68,70,121,123], [2,61,63,69,71,120,122], [2,61,63,72,74,117,119],
 [2,61,63,73,75,116,118], [2,61,63,76,78,113,115], [2,61,63,77,79,112,114],
 [2,61,63,80,82,109,111], [2,61,63,81,83,108,110], [2,61,63,84,86,105,107],
 [2,61,63,85,87,104,106], [2,61,63,88,90,101,103], [2,61,63,89,91,100,102],
 [2,61,63,92,94,97,99], [2,61,63,93,95,96,98], [3,4,7,8,11,12,15],
 [3,4,7,9,10,13,14], [3,4,7,16,19,20,23], [3,4,7,17,18,21,22],
 [3,4,7,24,27,28,31], [3,4,7,25,26,29,30], [3,4,7,32,35,36,39],
 [3,4,7,33,34,37,38], [3,4,7,40,43,44,47], [3,4,7,41,42,45,46],
 [3,4,7,48,51,52,55], [3,4,7,49,50,53,54], [3,4,7,56,59,60,63],
 [3,4,7,57,58,61,62], [3,4,7,64,67,68,71], [3,4,7,65,66,69,70],
 [3,4,7,72,75,76,79], [3,4,7,73,74,77,78], [3,4,7,80,83,84,87],
 [3,4,7,81,82,85,86], [3,4,7,88,91,92,95], [3,4,7,89,90,93,94],
 [3,4,7,96,99,100,103], [3,4,7,97,98,101,102], [3,4,7,104,107,108,111],
 [3,4,7,105,106,109,110], [3,4,7,112,115,116,119], [3,4,7,113,114,117,118],
 [3,4,7,120,123,124,127], [3,4,7,121,122,125,126], [3,5,6,8,11,13,14],
 [3,5,6,9,10,12,15], [3,5,6,16,19,21,22], [3,5,6,17,18,20,23],
 [3,5,6,24,27,29,30], [3,5,6,25,26,28,31], [3,5,6,32,35,37,38],
 [3,5,6,33,34,36,39], [3,5,6,40,43,45,46], [3,5,6,41,42,44,47],
 [3,5,6,48,51,53,54], [3,5,6,49,50,52,55], [3,5,6,56,59,61,62],
 [3,5,6,57,58,60,63], [3,5,6,64,67,69,70], [3,5,6,65,66,68,71],
 [3,5,6,72,75,77,78], [3,5,6,73,74,76,79], [3,5,6,80,83,85,86],
 [3,5,6,81,82,84,87], [3,5,6,88,91,93,94], [3,5,6,89,90,92,95],
 [3,5,6,96,99,101,102], [3,5,6,97,98,100,103], [3,5,6,104,107,109,110],
 [3,5,6,105,106,108,111], [3,5,6,112,115,117,118], [3,5,6,113,114,116,119],
 [3,5,6,120,123,125,126], [3,5,6,121,122,124,127], [3,8,11,16,19,24,27],
 [3,8,11,17,18,25,26], [3,8,11,20,23,28,31], [3,8,11,21,22,29,30],
 [3,8,11,32,35,40,43], [3,8,11,33,34,41,42], [3,8,11,36,39,44,47],
 [3,8,11,37,38,45,46], [3,8,11,48,51,56,59], [3,8,11,49,50,57,58],
 [3,8,11,52,55,60,63], [3,8,11,53,54,61,62], [3,8,11,64,67,72,75],
 [3,8,11,65,66,73,74], [3,8,11,68,71,76,79], [3,8,11,69,70,77,78],
 [3,8,11,80,83,88,91], [3,8,11,81,82,89,90], [3,8,11,84,87,92,95],
 [3,8,11,85,86,93,94], [3,8,11,96,99,104,107], [3,8,11,97,98,105,106],
 [3,8,11,100,103,108,111], [3,8,11,101,102,109,110], [3,8,11,112,115,120,123],
 [3,8,11,113,114,121,122], [3,8,11,116,119,124,127], [3,8,11,117,118,125,126],
 [3,9,10,16,19,25,26], [3,9,10,17,18,24,27], [3,9,10,20,23,29,30],
 [3,9,10,21,22,28,31], [3,9,10,32,35,41,42], [3,9,10,33,34,40,43],
 [3,9,10,36,39,45,46], [3,9,10,37,38,44,47], [3,9,10,48,51,57,58],
 [3,9,10,49,50,56,59], [3,9,10,52,55,61,62], [3,9,10,53,54,60,63],
 [3,9,10,64,67,73,74], [3,9,10,65,66,72,75], [3,9,10,68,71,77,78],
 [3,9,10,69,70,76,79], [3,9,10,80,83,89,90], [3,9,10,81,82,88,91],
 [3,9,10,84,87,93,94], [3,9,10,85,86,92,95], [3,9,10,96,99,105,106],
 [3,9,10,97,98,104,107], [3,9,10,100,103,109,110], [3,9,10,101,102,108,111],
 [3,9,10,112,115,121,122], [3,9,10,113,114,120,123], [3,9,10,116,119,125,126],
 [3,9,10,117,118,124,127], [3,12,15,16,19,28,31], [3,12,15,17,18,29,30],
 [3,12,15,20,23,24,27], [3,12,15,21,22,25,26], [3,12,15,32,35,44,47],
 [3,12,15,33,34,45,46], [3,12,15,36,39,40,43], [3,12,15,37,38,41,42],
 [3,12,15,48,51,60,63], [3,12,15,49,50,61,62], [3,12,15,52,55,56,59],
 [3,12,15,53,54,57,58], [3,12,15,64,67,76,79], [3,12,15,65,66,77,78],
 [3,12,15,68,71,72,75], [3,12,15,69,70,73,74], [3,12,15,80,83,92,95],
 [3,12,15,81,82,93,94], [3,12,15,84,87,88,91], [3,12,15,85,86,89,90],
 [3,12,15,96,99,108,111], [3,12,15,97,98,109,110], [3,12,15,100,103,104,107],
 [3,12,15,101,102,105,106], [3,12,15,112,115,124,127], [3,12,15,113,114,125,126],
 [3,12,15,116,119,120,123], [3,12,15,117,118,121,122], [3,13,14,16,19,29,30],
 [3,13,14,17,18,28,31], [3,13,14,20,23,25,26], [3,13,14,21,22,24,27],
 [3,13,14,32,35,45,46], [3,13,14,33,34,44,47], [3,13,14,36,39,41,42],
 [3,13,14,37,38,40,43], [3,13,14,48,51,61,62], [3,13,14,49,50,60,63],
 [3,13,14,52,55,57,58], [3,13,14,53,54,56,59], [3,13,14,64,67,77,78],
 [3,13,14,65,66,76,79], [3,13,14,68,71,73,74], [3,13,14,69,70,72,75],
 [3,13,14,80,83,93,94], [3,13,14,81,82,92,95], [3,13,14,84,87,89,90],
 [3,13,14,85,86,88,91], [3,13,14,96,99,109,110], [3,13,14,97,98,108,111],
 [3,13,14,100,103,105,106], [3,13,14,101,102,104,107], [3,13,14,112,115,125,126],
 [3,13,14,113,114,124,127], [3,13,14,116,119,121,122], [3,13,14,117,118,120,123],
 [3,16,19,32,35,48,51], [3,16,19,33,34,49,50], [3,16,19,36,39,52,55],
 [3,16,19,37,38,53,54], [3,16,19,40,43,56,59], [3,16,19,41,42,57,58],
 [3,16,19,44,47,60,63], [3,16,19,45,46,61,62], [3,16,19,64,67,80,83],
 [3,16,19,65,66,81,82], [3,16,19,68,71,84,87], [3,16,19,69,70,85,86],
 [3,16,19,72,75,88,91], [3,16,19,73,74,89,90], [3,16,19,76,79,92,95],
 [3,16,19,77,78,93,94], [3,16,19,96,99,112,115], [3,16,19,97,98,113,114],
 [3,16,19,100,103,116,119], [3,16,19,101,102,117,118], [3,16,19,104,107,120,123],
 [3,16,19,105,106,121,122], [3,16,19,108,111,124,127], [3,16,19,109,110,125,126],
 [3,17,18,32,35,49,50], [3,17,18,33,34,48,51], [3,17,18,36,39,53,54],
 [3,17,18,37,38,52,55], [3,17,18,40,43,57,58], [3,17,18,41,42,56,59],
 [3,17,18,44,47,61,62], [3,17,18,45,46,60,63], [3,17,18,64,67,81,82],
 [3,17,18,65,66,80,83], [3,17,18,68,71,85,86], [3,17,18,69,70,84,87],
 [3,17,18,72,75,89,90], [3,17,18,73,74,88,91], [3,17,18,76,79,93,94],
 [3,17,18,77,78,92,95], [3,17,18,96,99,113,114], [3,17,18,97,98,112,115],
 [3,17,18,100,103,117,118], [3,17,18,101,102,116,119], [3,17,18,104,107,121,122],
 [3,17,18,105,106,120,123], [3,17,18,108,111,125,126], [3,17,18,109,110,124,127],
 [3,20,23,32,35,52,55], [3,20,23,33,34,53,54], [3,20,23,36,39,48,51],
 [3,20,23,37,38,49,50], [3,20,23,40,43,60,63], [3,20,23,41,42,61,62],
 [3,20,23,44,47,56,59], [3,20,23,45,46,57,58], [3,20,23,64,67,84,87],
 [3,20,23,65,66,85,86], [3,20,23,68,71,80,83], [3,20,23,69,70,81,82],
 [3,20,23,72,75,92,95], [3,20,23,73,74,93,94], [3,20,23,76,79,88,91],
 [3,20,23,77,78,89,90], [3,20,23,96,99,116,119], [3,20,23,97,98,117,118],
 [3,20,23,100,103,112,115], [3,20,23,101,102,113,114], [3,20,23,104,107,124,127],
 [3,20,23,105,106,125,126], [3,20,23,108,111,120,123], [3,20,23,109,110,121,122],
 [3,21,22,32,35,53,54], [3,21,22,33,34,52,55], [3,21,22,36,39,49,50],
 [3,21,22,37,38,48,51], [3,21,22,40,43,61,62], [3,21,22,41,42,60,63],
 [3,21,22,44,47,57,58], [3,21,22,45,46,56,59], [3,21,22,64,67,85,86],
 [3,21,22,65,66,84,87], [3,21,22,68,71,81,82], [3,21,22,69,70,80,83],
 [3,21,22,72,75,93,94], [3,21,22,73,74,92,95], [3,21,22,76,79,89,90],
 [3,21,22,77,78,88,91], [3,21,22,96,99,117,118], [3,21,22,97,98,116,119],
 [3,21,22,100,103,113,114], [3,21,22,101,102,112,115], [3,21,22,104,107,125,126],
 [3,21,22,105,106,124,127], [3,21,22,108,111,121,122], [3,21,22,109,110,120,123],
 [3,24,27,32,35,56,59], [3,24,27,33,34,57,58], [3,24,27,36,39,60,63],
 [3,24,27,37,38,61,62], [3,24,27,40,43,48,51], [3,24,27,41,42,49,50],
 [3,24,27,44,47,52,55], [3,24,27,45,46,53,54], [3,24,27,64,67,88,91],
 [3,24,27,65,66,89,90], [3,24,27,68,71,92,95], [3,24,27,69,70,93,94],
 [3,24,27,72,75,80,83], [3,24,27,73,74,81,82], [3,24,27,76,79,84,87],
 [3,24,27,77,78,85,86], [3,24,27,96,99,120,123], [3,24,27,97,98,121,122],
 [3,24,27,100,103,124,127], [3,24,27,101,102,125,126], [3,24,27,104,107,112,115],
 [3,24,27,105,106,113,114], [3,24,27,108,111,116,119], [3,24,27,109,110,117,118],
 [3,25,26,32,35,57,58], [3,25,26,33,34,56,59], [3,25,26,36,39,61,62],
 [3,25,26,37,38,60,63], [3,25,26,40,43,49,50], [3,25,26,41,42,48,51],
 [3,25,26,44,47,53,54], [3,25,26,45,46,52,55], [3,25,26,64,67,89,90],
 [3,25,26,65,66,88,91], [3,25,26,68,71,93,94], [3,25,26,69,70,92,95],
 [3,25,26,72,75,81,82], [3,25,26,73,74,80,83], [3,25,26,76,79,85,86],
 [3,25,26,77,78,84,87], [3,25,26,96,99,121,122], [3,25,26,97,98,120,123],
 [3,25,26,100,103,125,126], [3,25,26,101,102,124,127], [3,25,26,104,107,113,114],
 [3,25,26,105,106,112,115], [3,25,26,108,111,117,118], [3,25,26,109,110,116,119],
 [3,28,31,32,35,60,63], [3,28,31,33,34,61,62], [3,28,31,36,39,56,59],
 [3,28,31,37,38,57,58], [3,28,31,40,43,52,55], [3,28,31,41,42,53,54],
 [3,28,31,44,47,48,51], [3,28,31,45,46,49,50], [3,28,31,64,67,92,95],
 [3,28,31,65,66,93,94], [3,28,31,68,71,88,91], [3,28,31,69,70,89,90],
 [3,28,31,72,75,84,87], [3,28,31,73,74,85,86], [3,28,31,76,79,80,83],
 [3,28,31,77,78,81,82], [3,28,31,96,99,124,127], [3,28,31,97,98,125,126],
 [3,28,31,100,103,120,123], [3,28,31,101,102,121,122], [3,28,31,104,107,116,119],
 [3,28,31,105,106,117,118], [3,28,31,108,111,112,115], [3,28,31,109,110,113,114],
 [3,29,30,32,35,61,62], [3,29,30,33,34,60,63], [3,29,30,36,39,57,58],
 [3,29,30,37,38,56,59], [3,29,30,40,43,53,54], [3,29,30,41,42,52,55],
 [3,29,30,44,47,49,50], [3,29,30,45,46,48,51], [3,29,30,64,67,93,94],
 [3,29,30,65,66,92,95], [3,29,30,68,71,89,90], [3,29,30,69,70,88,91],
 [3,29,30,72,75,85,86], [3,29,30,73,74,84,87], [3,29,30,76,79,81,82],
 [3,29,30,77,78,80,83], [3,29,30,96,99,125,126], [3,29,30,97,98,124,127],
 [3,29,30,100,103,121,122], [3,29,30,101,102,120,123], [3,29,30,104,107,117,118],
 [3,29,30,105,106,116,119], [3,29,30,108,111,113,114], [3,29,30,109,110,112,115],
 [3,32,35,64,67,96,99], [3,32,35,65,66,97,98], [3,32,35,68,71,100,103],
 [3,32,35,69,70,101,102], [3,32,35,72,75,104,107], [3,32,35,73,74,105,106],
 [3,32,35,76,79,108,111], [3,32,35,77,78,109,110], [3,32,35,80,83,112,115],
 [3,32,35,81,82,113,114], [3,32,35,84,87,116,119], [3,32,35,85,86,117,118],
 [3,32,35,88,91,120,123], [3,32,35,89,90,121,122], [3,32,35,92,95,124,127],
 [3,32,35,93,94,125,126], [3,33,34,64,67,97,98], [3,33,34,65,66,96,99],
 [3,33,34,68,71,101,102], [3,33,34,69,70,100,103], [3,33,34,72,75,105,106],
 [3,33,34,73,74,104,107], [3,33,34,76,79,109,110], [3,33,34,77,78,108,111],
 [3,33,34,80,83,113,114], [3,33,34,81,82,112,115], [3,33,34,84,87,117,118],
 [3,33,34,85,86,116,119], [3,33,34,88,91,121,122], [3,33,34,89,90,120,123],
 [3,33,34,92,95,125,126], [3,33,34,93,94,124,127], [3,36,39,64,67,100,103],
 [3,36,39,65,66,101,102], [3,36,39,68,71,96,99], [3,36,39,69,70,97,98],
 [3,36,39,72,75,108,111], [3,36,39,73,74,109,110], [3,36,39,76,79,104,107],
 [3,36,39,77,78,105,106], [3,36,39,80,83,116,119], [3,36,39,81,82,117,118],
 [3,36,39,84,87,112,115], [3,36,39,85,86,113,114], [3,36,39,88,91,124,127],
 [3,36,39,89,90,125,126], [3,36,39,92,95,120,123], [3,36,39,93,94,121,122],
 [3,37,38,64,67,101,102], [3,37,38,65,66,100,103], [3,37,38,68,71,97,98],
 [3,37,38,69,70,96,99], [3,37,38,72,75,109,110], [3,37,38,73,74,108,111],
 [3,37,38,76,79,105,106], [3,37,38,77,78,104,107], [3,37,38,80,83,117,118],
 [3,37,38,81,82,116,119], [3,37,38,84,87,113,114], [3,37,38,85,86,112,115],
 [3,37,38,88,91,125,126], [3,37,38,89,90,124,127], [3,37,38,92,95,121,122],
 [3,37,38,93,94,120,123], [3,40,43,64,67,104,107], [3,40,43,65,66,105,106],
 [3,40,43,68,71,108,111], [3,40,43,69,70,109,110], [3,40,43,72,75,96,99],
 [3,40,43,73,74,97,98], [3,40,43,76,79,100,103], [3,40,43,77,78,101,102],
 [3,40,43,80,83,120,123], [3,40,43,81,82,121,122], [3,40,43,84,87,124,127],
 [3,40,43,85,86,125,126], [3,40,43,88,91,112,115], [3,40,43,89,90,113,114],
 [3,40,43,92,95,116,119], [3,40,43,93,94,117,118], [3,41,42,64,67,105,106],
 [3,41,42,65,66,104,107], [3,41,42,68,71,109,110], [3,41,42,69,70,108,111],
 [3,41,42,72,75,97,98], [3,41,42,73,74,96,99], [3,41,42,76,79,101,102],
 [3,41,42,77,78,100,103], [3,41,42,80,83,121,122], [3,41,42,81,82,120,123],
 [3,41,42,84,87,125,126], [3,41,42,85,86,124,127], [3,41,42,88,91,113,114],
 [3,41,42,89,90,112,115], [3,41,42,92,95,117,118], [3,41,42,93,94,116,119],
 [3,44,47,64,67,108,111], [3,44,47,65,66,109,110], [3,44,47,68,71,104,107],
 [3,44,47,69,70,105,106], [3,44,47,72,75,100,103], [3,44,47,73,74,101,102],
 [3,44,47,76,79,96,99], [3,44,47,77,78,97,98], [3,44,47,80,83,124,127],
 [3,44,47,81,82,125,126], [3,44,47,84,87,120,123], [3,44,47,85,86,121,122],
 [3,44,47,88,91,116,119], [3,44,47,89,90,117,118], [3,44,47,92,95,112,115],
 [3,44,47,93,94,113,114], [3,45,46,64,67,109,110], [3,45,46,65,66,108,111],
 [3,45,46,68,71,105,106], [3,45,46,69,70,104,107], [3,45,46,72,75,101,102],
 [3,45,46,73,74,100,103], [3,45,46,76,79,97,98], [3,45,46,77,78,96,99],
 [3,45,46,80,83,125,126], [3,45,46,81,82,124,127], [3,45,46,84,87,121,122],
 [3,45,46,85,86,120,123], [3,45,46,88,91,117,118], [3,45,46,89,90,116,119],
 [3,45,46,92,95,113,114], [3,45,46,93,94,112,115], [3,48,51,64,67,112,115],
 [3,48,51,65,66,113,114], [3,48,51,68,71,116,119], [3,48,51,69,70,117,118],
 [3,48,51,72,75,120,123], [3,48,51,73,74,121,122], [3,48,51,76,79,124,127],
 [3,48,51,77,78,125,126], [3,48,51,80,83,96,99], [3,48,51,81,82,97,98],
 [3,48,51,84,87,100,103], [3,48,51,85,86,101,102], [3,48,51,88,91,104,107],
 [3,48,51,89,90,105,106], [3,48,51,92,95,108,111], [3,48,51,93,94,109,110],
 [3,49,50,64,67,113,114], [3,49,50,65,66,112,115], [3,49,50,68,71,117,118],
 [3,49,50,69,70,116,119], [3,49,50,72,75,121,122], [3,49,50,73,74,120,123],
 [3,49,50,76,79,125,126], [3,49,50,77,78,124,127], [3,49,50,80,83,97,98],
 [3,49,50,81,82,96,99], [3,49,50,84,87,101,102], [3,49,50,85,86,100,103],
 [3,49,50,88,91,105,106], [3,49,50,89,90,104,107], [3,49,50,92,95,109,110],
 [3,49,50,93,94,108,111], [3,52,55,64,67,116,119], [3,52,55,65,66,117,118],
 [3,52,55,68,71,112,115], [3,52,55,69,70,113,114], [3,52,55,72,75,124,127],
 [3,52,55,73,74,125,126], [3,52,55,76,79,120,123], [3,52,55,77,78,121,122],
 [3,52,55,80,83,100,103], [3,52,55,81,82,101,102], [3,52,55,84,87,96,99],
 [3,52,55,85,86,97,98], [3,52,55,88,91,108,111], [3,52,55,89,90,109,110],
 [3,52,55,92,95,104,107], [3,52,55,93,94,105,106], [3,53,54,64,67,117,118],
 [3,53,54,65,66,116,119], [3,53,54,68,71,113,114], [3,53,54,69,70,112,115],
 [3,53,54,72,75,125,126], [3,53,54,73,74,124,127], [3,53,54,76,79,121,122],
 [3,53,54,77,78,120,123], [3,53,54,80,83,101,102], [3,53,54,81,82,100,103],
 [3,53,54,84,87,97,98], [3,53,54,85,86,96,99], [3,53,54,88,91,109,110],
 [3,53,54,89,90,108,111], [3,53,54,92,95,105,106], [3,53,54,93,94,104,107],
 [3,56,59,64,67,120,123], [3,56,59,65,66,121,122], [3,56,59,68,71,124,127],
 [3,56,59,69,70,125,126], [3,56,59,72,75,112,115], [3,56,59,73,74,113,114],
 [3,56,59,76,79,116,119], [3,56,59,77,78,117,118], [3,56,59,80,83,104,107],
 [3,56,59,81,82,105,106], [3,56,59,84,87,108,111], [3,56,59,85,86,109,110],
 [3,56,59,88,91,96,99], [3,56,59,89,90,97,98], [3,56,59,92,95,100,103],
 [3,56,59,93,94,101,102], [3,57,58,64,67,121,122], [3,57,58,65,66,120,123],
 [3,57,58,68,71,125,126], [3,57,58,69,70,124,127], [3,57,58,72,75,113,114],
 [3,57,58,73,74,112,115], [3,57,58,76,79,117,118], [3,57,58,77,78,116,119],
 [3,57,58,80,83,105,106], [3,57,58,81,82,104,107], [3,57,58,84,87,109,110],
 [3,57,58,85,86,108,111], [3,57,58,88,91,97,98], [3,57,58,89,90,96,99],
 [3,57,58,92,95,101,102], [3,57,58,93,94,100,103], [3,60,63,64,67,124,127],
 [3,60,63,65,66,125,126], [3,60,63,68,71,120,123], [3,60,63,69,70,121,122],
 [3,60,63,72,75,116,119], [3,60,63,73,74,117,118], [3,60,63,76,79,112,115],
 [3,60,63,77,78,113,114], [3,60,63,80,83,108,111], [3,60,63,81,82,109,110],
 [3,60,63,84,87,104,107], [3,60,63,85,86,105,106], [3,60,63,88,91,100,103],
 [3,60,63,89,90,101,102], [3,60,63,92,95,96,99], [3,60,63,93,94,97,98],
 [3,61,62,64,67,125,126], [3,61,62,65,66,124,127], [3,61,62,68,71,121,122],
 [3,61,62,69,70,120,123], [3,61,62,72,75,117,118], [3,61,62,73,74,116,119],
 [3,61,62,76,79,113,114], [3,61,62,77,78,112,115], [3,61,62,80,83,109,110],
 [3,61,62,81,82,108,111], [3,61,62,84,87,105,106], [3,61,62,85,86,104,107],
 [3,61,62,88,91,101,102], [3,61,62,89,90,100,103], [3,61,62,92,95,97,98],
 [3,61,62,93,94,96,99], [4,8,12,16,20,24,28], [4,8,12,17,21,25,29],
 [4,8,12,18,22,26,30], [4,8,12,19,23,27,31], [4,8,12,32,36,40,44],
 [4,8,12,33,37,41,45], [4,8,12,34,38,42,46], [4,8,12,35,39,43,47],
 [4,8,12,48,52,56,60], [4,8,12,49,53,57,61], [4,8,12,50,54,58,62],
 [4,8,12,51,55,59,63], [4,8,12,64,68,72,76], [4,8,12,65,69,73,77],
 [4,8,12,66,70,74,78], [4,8,12,67,71,75,79], [4,8,12,80,84,88,92],
 [4,8,12,81,85,89,93], [4,8,12,82,86,90,94], [4,8,12,83,87,91,95],
 [4,8,12,96,100,104,108], [4,8,12,97,101,105,109], [4,8,12,98,102,106,110],
 [4,8,12,99,103,107,111], [4,8,12,112,116,120,124], [4,8,12,113,117,121,125],
 [4,8,12,114,118,122,126], [4,8,12,115,119,123,127], [4,9,13,16,20,25,29],
 [4,9,13,17,21,24,28], [4,9,13,18,22,27,31], [4,9,13,19,23,26,30],
 [4,9,13,32,36,41,45], [4,9,13,33,37,40,44], [4,9,13,34,38,43,47],
 [4,9,13,35,39,42,46], [4,9,13,48,52,57,61], [4,9,13,49,53,56,60],
 [4,9,13,50,54,59,63], [4,9,13,51,55,58,62], [4,9,13,64,68,73,77],
 [4,9,13,65,69,72,76], [4,9,13,66,70,75,79], [4,9,13,67,71,74,78],
 [4,9,13,80,84,89,93], [4,9,13,81,85,88,92], [4,9,13,82,86,91,95],
 [4,9,13,83,87,90,94], [4,9,13,96,100,105,109], [4,9,13,97,101,104,108],
 [4,9,13,98,102,107,111], [4,9,13,99,103,106,110], [4,9,13,112,116,121,125],
 [4,9,13,113,117,120,124], [4,9,13,114,118,123,127], [4,9,13,115,119,122,126],
 [4,10,14,16,20,26,30], [4,10,14,17,21,27,31], [4,10,14,18,22,24,28],
 [4,10,14,19,23,25,29], [4,10,14,32,36,42,46], [4,10,14,33,37,43,47],
 [4,10,14,34,38,40,44], [4,10,14,35,39,41,45], [4,10,14,48,52,58,62],
 [4,10,14,49,53,59,63], [4,10,14,50,54,56,60], [4,10,14,51,55,57,61],
 [4,10,14,64,68,74,78], [4,10,14,65,69,75,79], [4,10,14,66,70,72,76],
 [4,10,14,67,71,73,77], [4,10,14,80,84,90,94], [4,10,14,81,85,91,95],
 [4,10,14,82,86,88,92], [4,10,14,83,87,89,93], [4,10,14,96,100,106,110],
 [4,10,14,97,101,107,111], [4,10,14,98,102,104,108], [4,10,14,99,103,105,109],
 [4,10,14,112,116,122,126], [4,10,14,113,117,123,127], [4,10,14,114,118,120,124],
 [4,10,14,115,119,121,125], [4,11,15,16,20,27,31], [4,11,15,17,21,26,30],
 [4,11,15,18,22,25,29], [4,11,15,19,23,24,28], [4,11,15,32,36,43,47],
 [4,11,15,33,37,42,46], [4,11,15,34,38,41,45], [4,11,15,35,39,40,44],
 [4,11,15,48,52,59,63], [4,11,15,49,53,58,62], [4,11,15,50,54,57,61],
 [4,11,15,51,55,56,60], [4,11,15,64,68,75,79], [4,11,15,65,69,74,78],
 [4,11,15,66,70,73,77], [4,11,15,67,71,72,76], [4,11,15,80,84,91,95],
 [4,11,15,81,85,90,94], [4,11,15,82,86,89,93], [4,11,15,83,87,88,92],
 [4,11,15,96,100,107,111], [4,11,15,97,101,106,110], [4,11,15,98,102,105,109],
 [4,11,15,99,103,104,108], [4,11,15,112,116,123,127], [4,11,15,113,117,122,126],
 [4,11,15,114,118,121,125], [4,11,15,115,119,120,124], [4,16,20,32,36,48,52],
 [4,16,20,33,37,49,53], [4,16,20,34,38,50,54], [4,16,20,35,39,51,55],
 [4,16,20,40,44,56,60], [4,16,20,41,45,57,61], [4,16,20,42,46,58,62],
 [4,16,20,43,47,59,63], [4,16,20,64,68,80,84], [4,16,20,65,69,81,85],
 [4,16,20,66,70,82,86], [4,16,20,67,71,83,87], [4,16,20,72,76,88,92],
 [4,16,20,73,77,89,93], [4,16,20,74,78,90,94], [4,16,20,75,79,91,95],
 [4,16,20,96,100,112,116], [4,16,20,97,101,113,117], [4,16,20,98,102,114,118],
 [4,16,20,99,103,115,119], [4,16,20,104,108,120,124], [4,16,20,105,109,121,125],
 [4,16,20,106,110,122,126], [4,16,20,107,111,123,127], [4,17,21,32,36,49,53],
 [4,17,21,33,37,48,52], [4,17,21,34,38,51,55], [4,17,21,35,39,50,54],
 [4,17,21,40,44,57,61], [4,17,21,41,45,56,60], [4,17,21,42,46,59,63],
 [4,17,21,43,47,58,62], [4,17,21,64,68,81,85], [4,17,21,65,69,80,84],
 [4,17,21,66,70,83,87], [4,17,21,67,71,82,86], [4,17,21,72,76,89,93],
 [4,17,21,73,77,88,92], [4,17,21,74,78,91,95], [4,17,21,75,79,90,94],
 [4,17,21,96,100,113,117], [4,17,21,97,101,112,116], [4,17,21,98,102,115,119],
 [4,17,21,99,103,114,118], [4,17,21,104,108,121,125], [4,17,21,105,109,120,124],
 [4,17,21,106,110,123,127], [4,17,21,107,111,122,126], [4,18,22,32,36,50,54],
 [4,18,22,33,37,51,55], [4,18,22,34,38,48,52], [4,18,22,35,39,49,53],
 [4,18,22,40,44,58,62], [4,18,22,41,45,59,63], [4,18,22,42,46,56,60],
 [4,18,22,43,47,57,61], [4,18,22,64,68,82,86], [4,18,22,65,69,83,87],
 [4,18,22,66,70,80,84], [4,18,22,67,71,81,85], [4,18,22,72,76,90,94],
 [4,18,22,73,77,91,95], [4,18,22,74,78,88,92], [4,18,22,75,79,89,93],
 [4,18,22,96,100,114,118], [4,18,22,97,101,115,119], [4,18,22,98,102,112,116],
 [4,18,22,99,103,113,117], [4,18,22,104,108,122,126], [4,18,22,105,109,123,127],
 [4,18,22,106,110,120,124], [4,18,22,107,111,121,125], [4,19,23,32,36,51,55],
 [4,19,23,33,37,50,54], [4,19,23,34,38,49,53], [4,19,23,35,39,48,52],
 [4,19,23,40,44,59,63], [4,19,23,41,45,58,62], [4,19,23,42,46,57,61],
 [4,19,23,43,47,56,60], [4,19,23,64,68,83,87], [4,19,23,65,69,82,86],
 [4,19,23,66,70,81,85], [4,19,23,67,71,80,84], [4,19,23,72,76,91,95],
 [4,19,23,73,77,90,94], [4,19,23,74,78,89,93], [4,19,23,75,79,88,92],
 [4,19,23,96,100,115,119], [4,19,23,97,101,114,118], [4,19,23,98,102,113,117],
 [4,19,23,99,103,112,116], [4,19,23,104,108,123,127], [4,19,23,105,109,122,126],
 [4,19,23,106,110,121,125], [4,19,23,107,111,120,124], [4,24,28,32,36,56,60],
 [4,24,28,33,37,57,61], [4,24,28,34,38,58,62], [4,24,28,35,39,59,63],
 [4,24,28,40,44,48,52], [4,24,28,41,45,49,53], [4,24,28,42,46,50,54],
 [4,24,28,43,47,51,55], [4,24,28,64,68,88,92], [4,24,28,65,69,89,93],
 [4,24,28,66,70,90,94], [4,24,28,67,71,91,95], [4,24,28,72,76,80,84],
 [4,24,28,73,77,81,85], [4,24,28,74,78,82,86], [4,24,28,75,79,83,87],
 [4,24,28,96,100,120,124], [4,24,28,97,101,121,125], [4,24,28,98,102,122,126],
 [4,24,28,99,103,123,127], [4,24,28,104,108,112,116], [4,24,28,105,109,113,117],
 [4,24,28,106,110,114,118], [4,24,28,107,111,115,119], [4,25,29,32,36,57,61],
 [4,25,29,33,37,56,60], [4,25,29,34,38,59,63], [4,25,29,35,39,58,62],
 [4,25,29,40,44,49,53], [4,25,29,41,45,48,52], [4,25,29,42,46,51,55],
 [4,25,29,43,47,50,54], [4,25,29,64,68,89,93], [4,25,29,65,69,88,92],
 [4,25,29,66,70,91,95], [4,25,29,67,71,90,94], [4,25,29,72,76,81,85],
 [4,25,29,73,77,80,84], [4,25,29,74,78,83,87], [4,25,29,75,79,82,86],
 [4,25,29,96,100,121,125], [4,25,29,97,101,120,124], [4,25,29,98,102,123,127],
 [4,25,29,99,103,122,126], [4,25,29,104,108,113,117], [4,25,29,105,109,112,116],
 [4,25,29,106,110,115,119], [4,25,29,107,111,114,118], [4,26,30,32,36,58,62],
 [4,26,30,33,37,59,63], [4,26,30,34,38,56,60], [4,26,30,35,39,57,61],
 [4,26,30,40,44,50,54], [4,26,30,41,45,51,55], [4,26,30,42,46,48,52],
 [4,26,30,43,47,49,53], [4,26,30,64,68,90,94], [4,26,30,65,69,91,95],
 [4,26,30,66,70,88,92], [4,26,30,67,71,89,93], [4,26,30,72,76,82,86],
 [4,26,30,73,77,83,87], [4,26,30,74,78,80,84], [4,26,30,75,79,81,85],
 [4,26,30,96,100,122,126], [4,26,30,97,101,123,127], [4,26,30,98,102,120,124],
 [4,26,30,99,103,121,125], [4,26,30,104,108,114,118], [4,26,30,105,109,115,119],
 [4,26,30,106,110,112,116], [4,26,30,107,111,113,117], [4,27,31,32,36,59,63],
 [4,27,31,33,37,58,62], [4,27,31,34,38,57,61], [4,27,31,35,39,56,60],
 [4,27,31,40,44,51,55], [4,27,31,41,45,50,54], [4,27,31,42,46,49,53],
 [4,27,31,43,47,48,52], [4,27,31,64,68,91,95], [4,27,31,65,69,90,94],
 [4,27,31,66,70,89,93], [4,27,31,67,71,88,92], [4,27,31,72,76,83,87],
 [4,27,31,73,77,82,86], [4,27,31,74,78,81,85], [4,27,31,75,79,80,84],
 [4,27,31,96,100,123,127], [4,27,31,97,101,122,126], [4,27,31,98,102,121,125],
 [4,27,31,99,103,120,124], [4,27,31,104,108,115,119], [4,27,31,105,109,114,118],
 [4,27,31,106,110,113,117], [4,27,31,107,111,112,116], [4,32,36,64,68,96,100],
 [4,32,36,65,69,97,101], [4,32,36,66,70,98,102], [4,32,36,67,71,99,103],
 [4,32,36,72,76,104,108], [4,32,36,73,77,105,109], [4,32,36,74,78,106,110],
 [4,32,36,75,79,107,111], [4,32,36,80,84,112,116], [4,32,36,81,85,113,117],
 [4,32,36,82,86,114,118], [4,32,36,83,87,115,119], [4,32,36,88,92,120,124],
 [4,32,36,89,93,121,125], [4,32,36,90,94,122,126], [4,32,36,91,95,123,127],
 [4,33,37,64,68,97,101], [4,33,37,65,69,96,100], [4,33,37,66,70,99,103],
 [4,33,37,67,71,98,102], [4,33,37,72,76,105,109], [4,33,37,73,77,104,108],
 [4,33,37,74,78,107,111], [4,33,37,75,79,106,110], [4,33,37,80,84,113,117],
 [4,33,37,81,85,112,116], [4,33,37,82,86,115,119], [4,33,37,83,87,114,118],
 [4,33,37,88,92,121,125], [4,33,37,89,93,120,124], [4,33,37,90,94,123,127],
 [4,33,37,91,95,122,126], [4,34,38,64,68,98,102], [4,34,38,65,69,99,103],
 [4,34,38,66,70,96,100], [4,34,38,67,71,97,101], [4,34,38,72,76,106,110],
 [4,34,38,73,77,107,111], [4,34,38,74,78,104,108], [4,34,38,75,79,105,109],
 [4,34,38,80,84,114,118], [4,34,38,81,85,115,119], [4,34,38,82,86,112,116],
 [4,34,38,83,87,113,117], [4,34,38,88,92,122,126], [4,34,38,89,93,123,127],
 [4,34,38,90,94,120,124], [4,34,38,91,95,121,125], [4,35,39,64,68,99,103],
 [4,35,39,65,69,98,102], [4,35,39,66,70,97,101], [4,35,39,67,71,96,100],
 [4,35,39,72,76,107,111], [4,35,39,73,77,106,110], [4,35,39,74,78,105,109],
 [4,35,39,75,79,104,108], [4,35,39,80,84,115,119], [4,35,39,81,85,114,118],
 [4,35,39,82,86,113,117], [4,35,39,83,87,112,116], [4,35,39,88,92,123,127],
 [4,35,39,89,93,122,126], [4,35,39,90,94,121,125], [4,35,39,91,95,120,124],
 [4,40,44,64,68,104,108], [4,40,44,65,69,105,109], [4,40,44,66,70,106,110],
 [4,40,44,67,71,107,111], [4,40,44,72,76,96,100], [4,40,44,73,77,97,101],
 [4,40,44,74,78,98,102], [4,40,44,75,79,99,103], [4,40,44,80,84,120,124],
 [4,40,44,81,85,121,125], [4,40,44,82,86,122,126], [4,40,44,83,87,123,127],
 [4,40,44,88,92,112,116], [4,40,44,89,93,113,117], [4,40,44,90,94,114,118],
 [4,40,44,91,95,115,119], [4,41,45,64,68,105,109], [4,41,45,65,69,104,108],
 [4,41,45,66,70,107,111], [4,41,45,67,71,106,110], [4,41,45,72,76,97,101],
 [4,41,45,73,77,96,100], [4,41,45,74,78,99,103], [4,41,45,75,79,98,102],
 [4,41,45,80,84,121,125], [4,41,45,81,85,120,124], [4,41,45,82,86,123,127],
 [4,41,45,83,87,122,126], [4,41,45,88,92,113,117], [4,41,45,89,93,112,116],
 [4,41,45,90,94,115,119], [4,41,45,91,95,114,118], [4,42,46,64,68,106,110],
 [4,42,46,65,69,107,111], [4,42,46,66,70,104,108], [4,42,46,67,71,105,109],
 [4,42,46,72,76,98,102], [4,42,46,73,77,99,103], [4,42,46,74,78,96,100],
 [4,42,46,75,79,97,101], [4,42,46,80,84,122,126], [4,42,46,81,85,123,127],
 [4,42,46,82,86,120,124], [4,42,46,83,87,121,125], [4,42,46,88,92,114,118],
 [4,42,46,89,93,115,119], [4,42,46,90,94,112,116], [4,42,46,91,95,113,117],
 [4,43,47,64,68,107,111], [4,43,47,65,69,106,110], [4,43,47,66,70,105,109],
 [4,43,47,67,71,104,108], [4,43,47,72,76,99,103], [4,43,47,73,77,98,102],
 [4,43,47,74,78,97,101], [4,43,47,75,79,96,100], [4,43,47,80,84,123,127],
 [4,43,47,81,85,122,126], [4,43,47,82,86,121,125], [4,43,47,83,87,120,124],
 [4,43,47,88,92,115,119], [4,43,47,89,93,114,118], [4,43,47,90,94,113,117],
 [4,43,47,91,95,112,116], [4,48,52,64,68,112,116], [4,48,52,65,69,113,117],
 [4,48,52,66,70,114,118], [4,48,52,67,71,115,119], [4,48,52,72,76,120,124],
 [4,48,52,73,77,121,125], [4,48,52,74,78,122,126], [4,48,52,75,79,123,127],
 [4,48,52,80,84,96,100], [4,48,52,81,85,97,101], [4,48,52,82,86,98,102],
 [4,48,52,83,87,99,103], [4,48,52,88,92,104,108], [4,48,52,89,93,105,109],
 [4,48,52,90,94,106,110], [4,48,52,91,95,107,111], [4,49,53,64,68,113,117],
 [4,49,53,65,69,112,116], [4,49,53,66,70,115,119], [4,49,53,67,71,114,118],
 [4,49,53,72,76,121,125], [4,49,53,73,77,120,124], [4,49,53,74,78,123,127],
 [4,49,53,75,79,122,126], [4,49,53,80,84,97,101], [4,49,53,81,85,96,100],
 [4,49,53,82,86,99,103], [4,49,53,83,87,98,102], [4,49,53,88,92,105,109],
 [4,49,53,89,93,104,108], [4,49,53,90,94,107,111], [4,49,53,91,95,106,110],
 [4,50,54,64,68,114,118], [4,50,54,65,69,115,119], [4,50,54,66,70,112,116],
 [4,50,54,67,71,113,117], [4,50,54,72,76,122,126], [4,50,54,73,77,123,127],
 [4,50,54,74,78,120,124], [4,50,54,75,79,121,125], [4,50,54,80,84,98,102],
 [4,50,54,81,85,99,103], [4,50,54,82,86,96,100], [4,50,54,83,87,97,101],
 [4,50,54,88,92,106,110], [4,50,54,89,93,107,111], [4,50,54,90,94,104,108],
 [4,50,54,91,95,105,109], [4,51,55,64,68,115,119], [4,51,55,65,69,114,118],
 [4,51,55,66,70,113,117], [4,51,55,67,71,112,116], [4,51,55,72,76,123,127],
 [4,51,55,73,77,122,126], [4,51,55,74,78,121,125], [4,51,55,75,79,120,124],
 [4,51,55,80,84,99,103], [4,51,55,81,85,98,102], [4,51,55,82,86,97,101],
 [4,51,55,83,87,96,100], [4,51,55,88,92,107,111], [4,51,55,89,93,106,110],
 [4,51,55,90,94,105,109], [4,51,55,91,95,104,108], [4,56,60,64,68,120,124],
 [4,56,60,65,69,121,125], [4,56,60,66,70,122,126], [4,56,60,67,71,123,127],
 [4,56,60,72,76,112,116], [4,56,60,73,77,113,117], [4,56,60,74,78,114,118],
 [4,56,60,75,79,115,119], [4,56,60,80,84,104,108], [4,56,60,81,85,105,109],
 [4,56,60,82,86,106,110], [4,56,60,83,87,107,111], [4,56,60,88,92,96,100],
 [4,56,60,89,93,97,101], [4,56,60,90,94,98,102], [4,56,60,91,95,99,103],
 [4,57,61,64,68,121,125], [4,57,61,65,69,120,124], [4,57,61,66,70,123,127],
 [4,57,61,67,71,122,126], [4,57,61,72,76,113,117], [4,57,61,73,77,112,116],
 [4,57,61,74,78,115,119], [4,57,61,75,79,114,118], [4,57,61,80,84,105,109],
 [4,57,61,81,85,104,108], [4,57,61,82,86,107,111], [4,57,61,83,87,106,110],
 [4,57,61,88,92,97,101], [4,57,61,89,93,96,100], [4,57,61,90,94,99,103],
 [4,57,61,91,95,98,102], [4,58,62,64,68,122,126], [4,58,62,65,69,123,127],
 [4,58,62,66,70,120,124], [4,58,62,67,71,121,125], [4,58,62,72,76,114,118],
 [4,58,62,73,77,115,119], [4,58,62,74,78,112,116], [4,58,62,75,79,113,117],
 [4,58,62,80,84,106,110], [4,58,62,81,85,107,111], [4,58,62,82,86,104,108],
 [4,58,62,83,87,105,109], [4,58,62,88,92,98,102], [4,58,62,89,93,99,103],
 [4,58,62,90,94,96,100], [4,58,62,91,95,97,101], [4,59,63,64,68,123,127],
 [4,59,63,65,69,122,126], [4,59,63,66,70,121,125], [4,59,63,67,71,120,124],
 [4,59,63,72,76,115,119], [4,59,63,73,77,114,118], [4,59,63,74,78,113,117],
 [4,59,63,75,79,112,116], [4,59,63,80,84,107,111], [4,59,63,81,85,106,110],
 [4,59,63,82,86,105,109], [4,59,63,83,87,104,108], [4,59,63,88,92,99,103],
 [4,59,63,89,93,98,102], [4,59,63,90,94,97,101], [4,59,63,91,95,96,100],
 [5,8,13,16,21,24,29], [5,8,13,17,20,25,28], [5,8,13,18,23,26,31],
 [5,8,13,19,22,27,30], [5,8,13,32,37,40,45], [5,8,13,33,36,41,44],
 [5,8,13,34,39,42,47], [5,8,13,35,38,43,46], [5,8,13,48,53,56,61],
 [5,8,13,49,52,57,60], [5,8,13,50,55,58,63], [5,8,13,51,54,59,62],
 [5,8,13,64,69,72,77], [5,8,13,65,68,73,76], [5,8,13,66,71,74,79],
 [5,8,13,67,70,75,78], [5,8,13,80,85,88,93], [5,8,13,81,84,89,92],
 [5,8,13,82,87,90,95], [5,8,13,83,86,91,94], [5,8,13,96,101,104,109],
 [5,8,13,97,100,105,108], [5,8,13,98,103,106,111], [5,8,13,99,102,107,110],
 [5,8,13,112,117,120,125], [5,8,13,113,116,121,124], [5,8,13,114,119,122,127],
 [5,8,13,115,118,123,126], [5,9,12,16,21,25,28], [5,9,12,17,20,24,29],
 [5,9,12,18,23,27,30], [5,9,12,19,22,26,31], [5,9,12,32,37,41,44],
 [5,9,12,33,36,40,45], [5,9,12,34,39,43,46], [5,9,12,35,38,42,47],
 [5,9,12,48,53,57,60], [5,9,12,49,52,56,61], [5,9,12,50,55,59,62],
 [5,9,12,51,54,58,63], [5,9,12,64,69,73,76], [5,9,12,65,68,72,77],
 [5,9,12,66,71,75,78], [5,9,12,67,70,74,79], [5,9,12,80,85,89,92],
 [5,9,12,81,84,88,93], [5,9,12,82,87,91,94], [5,9,12,83,86,90,95],
 [5,9,12,96,101,105,108], [5,9,12,97,100,104,109], [5,9,12,98,103,107,110],
 [5,9,12,99,102,106,111], [5,9,12,112,117,121,124], [5,9,12,113,116,120,125],
 [5,9,12,114,119,123,126], [5,9,12,115,118,122,127], [5,10,15,16,21,26,31],
 [5,10,15,17,20,27,30], [5,10,15,18,23,24,29], [5,10,15,19,22,25,28],
 [5,10,15,32,37,42,47], [5,10,15,33,36,43,46], [5,10,15,34,39,40,45],
 [5,10,15,35,38,41,44], [5,10,15,48,53,58,63], [5,10,15,49,52,59,62],
 [5,10,15,50,55,56,61], [5,10,15,51,54,57,60], [5,10,15,64,69,74,79],
 [5,10,15,65,68,75,78], [5,10,15,66,71,72,77], [5,10,15,67,70,73,76],
 [5,10,15,80,85,90,95], [5,10,15,81,84,91,94], [5,10,15,82,87,88,93],
 [5,10,15,83,86,89,92], [5,10,15,96,101,106,111], [5,10,15,97,100,107,110],
 [5,10,15,98,103,104,109], [5,10,15,99,102,105,108], [5,10,15,112,117,122,127],
 [5,10,15,113,116,123,126], [5,10,15,114,119,120,125], [5,10,15,115,118,121,124],
 [5,11,14,16,21,27,30], [5,11,14,17,20,26,31], [5,11,14,18,23,25,28],
 [5,11,14,19,22,24,29], [5,11,14,32,37,43,46], [5,11,14,33,36,42,47],
 [5,11,14,34,39,41,44], [5,11,14,35,38,40,45], [5,11,14,48,53,59,62],
 [5,11,14,49,52,58,63], [5,11,14,50,55,57,60], [5,11,14,51,54,56,61],
 [5,11,14,64,69,75,78], [5,11,14,65,68,74,79], [5,11,14,66,71,73,76],
 [5,11,14,67,70,72,77], [5,11,14,80,85,91,94], [5,11,14,81,84,90,95],
 [5,11,14,82,87,89,92], [5,11,14,83,86,88,93], [5,11,14,96,101,107,110],
 [5,11,14,97,100,106,111], [5,11,14,98,103,105,108], [5,11,14,99,102,104,109],
 [5,11,14,112,117,123,126], [5,11,14,113,116,122,127], [5,11,14,114,119,121,124],
 [5,11,14,115,118,120,125], [5,16,21,32,37,48,53], [5,16,21,33,36,49,52],
 [5,16,21,34,39,50,55], [5,16,21,35,38,51,54], [5,16,21,40,45,56,61],
 [5,16,21,41,44,57,60], [5,16,21,42,47,58,63], [5,16,21,43,46,59,62],
 [5,16,21,64,69,80,85], [5,16,21,65,68,81,84], [5,16,21,66,71,82,87],
 [5,16,21,67,70,83,86], [5,16,21,72,77,88,93], [5,16,21,73,76,89,92],
 [5,16,21,74,79,90,95], [5,16,21,75,78,91,94], [5,16,21,96,101,112,117],
 [5,16,21,97,100,113,116], [5,16,21,98,103,114,119], [5,16,21,99,102,115,118],
 [5,16,21,104,109,120,125], [5,16,21,105,108,121,124], [5,16,21,106,111,122,127],
 [5,16,21,107,110,123,126], [5,17,20,32,37,49,52], [5,17,20,33,36,48,53],
 [5,17,20,34,39,51,54], [5,17,20,35,38,50,55], [5,17,20,40,45,57,60],
 [5,17,20,41,44,56,61], [5,17,20,42,47,59,62], [5,17,20,43,46,58,63],
 [5,17,20,64,69,81,84], [5,17,20,65,68,80,85], [5,17,20,66,71,83,86],
 [5,17,20,67,70,82,87], [5,17,20,72,77,89,92], [5,17,20,73,76,88,93],
 [5,17,20,74,79,91,94], [5,17,20,75,78,90,95], [5,17,20,96,101,113,116],
 [5,17,20,97,100,112,117], [5,17,20,98,103,115,118], [5,17,20,99,102,114,119],
 [5,17,20,104,109,121,124], [5,17,20,105,108,120,125], [5,17,20,106,111,123,126],
 [5,17,20,107,110,122,127], [5,18,23,32,37,50,55], [5,18,23,33,36,51,54],
 [5,18,23,34,39,48,53], [5,18,23,35,38,49,52], [5,18,23,40,45,58,63],
 [5,18,23,41,44,59,62], [5,18,23,42,47,56,61], [5,18,23,43,46,57,60],
 [5,18,23,64,69,82,87], [5,18,23,65,68,83,86], [5,18,23,66,71,80,85],
 [5,18,23,67,70,81,84], [5,18,23,72,77,90,95], [5,18,23,73,76,91,94],
 [5,18,23,74,79,88,93], [5,18,23,75,78,89,92], [5,18,23,96,101,114,119],
 [5,18,23,97,100,115,118], [5,18,23,98,103,112,117], [5,18,23,99,102,113,116],
 [5,18,23,104,109,122,127], [5,18,23,105,108,123,126], [5,18,23,106,111,120,125],
 [5,18,23,107,110,121,124], [5,19,22,32,37,51,54], [5,19,22,33,36,50,55],
 [5,19,22,34,39,49,52], [5,19,22,35,38,48,53], [5,19,22,40,45,59,62],
 [5,19,22,41,44,58,63], [5,19,22,42,47,57,60], [5,19,22,43,46,56,61],
 [5,19,22,64,69,83,86], [5,19,22,65,68,82,87], [5,19,22,66,71,81,84],
 [5,19,22,67,70,80,85], [5,19,22,72,77,91,94], [5,19,22,73,76,90,95],
 [5,19,22,74,79,89,92], [5,19,22,75,78,88,93], [5,19,22,96,101,115,118],
 [5,19,22,97,100,114,119], [5,19,22,98,103,113,116], [5,19,22,99,102,112,117],
 [5,19,22,104,109,123,126], [5,19,22,105,108,122,127], [5,19,22,106,111,121,124],
 [5,19,22,107,110,120,125], [5,24,29,32,37,56,61], [5,24,29,33,36,57,60],
 [5,24,29,34,39,58,63], [5,24,29,35,38,59,62], [5,24,29,40,45,48,53],
 [5,24,29,41,44,49,52], [5,24,29,42,47,50,55], [5,24,29,43,46,51,54],
 [5,24,29,64,69,88,93], [5,24,29,65,68,89,92], [5,24,29,66,71,90,95],
 [5,24,29,67,70,91,94], [5,24,29,72,77,80,85], [5,24,29,73,76,81,84],
 [5,24,29,74,79,82,87], [5,24,29,75,78,83,86], [5,24,29,96,101,120,125],
 [5,24,29,97,100,121,124], [5,24,29,98,103,122,127], [5,24,29,99,102,123,126],
 [5,24,29,104,109,112,117], [5,24,29,105,108,113,116], [5,24,29,106,111,114,119],
 [5,24,29,107,110,115,118], [5,25,28,32,37,57,60], [5,25,28,33,36,56,61],
 [5,25,28,34,39,59,62], [5,25,28,35,38,58,63], [5,25,28,40,45,49,52],
 [5,25,28,41,44,48,53], [5,25,28,42,47,51,54], [5,25,28,43,46,50,55],
 [5,25,28,64,69,89,92], [5,25,28,65,68,88,93], [5,25,28,66,71,91,94],
 [5,25,28,67,70,90,95], [5,25,28,72,77,81,84], [5,25,28,73,76,80,85],
 [5,25,28,74,79,83,86], [5,25,28,75,78,82,87], [5,25,28,96,101,121,124],
 [5,25,28,97,100,120,125], [5,25,28,98,103,123,126], [5,25,28,99,102,122,127],
 [5,25,28,104,109,113,116], [5,25,28,105,108,112,117], [5,25,28,106,111,115,118],
 [5,25,28,107,110,114,119], [5,26,31,32,37,58,63], [5,26,31,33,36,59,62],
 [5,26,31,34,39,56,61], [5,26,31,35,38,57,60], [5,26,31,40,45,50,55],
 [5,26,31,41,44,51,54], [5,26,31,42,47,48,53], [5,26,31,43,46,49,52],
 [5,26,31,64,69,90,95], [5,26,31,65,68,91,94], [5,26,31,66,71,88,93],
 [5,26,31,67,70,89,92], [5,26,31,72,77,82,87], [5,26,31,73,76,83,86],
 [5,26,31,74,79,80,85], [5,26,31,75,78,81,84], [5,26,31,96,101,122,127],
 [5,26,31,97,100,123,126], [5,26,31,98,103,120,125], [5,26,31,99,102,121,124],
 [5,26,31,104,109,114,119], [5,26,31,105,108,115,118], [5,26,31,106,111,112,117],
 [5,26,31,107,110,113,116], [5,27,30,32,37,59,62], [5,27,30,33,36,58,63],
 [5,27,30,34,39,57,60], [5,27,30,35,38,56,61], [5,27,30,40,45,51,54],
 [5,27,30,41,44,50,55], [5,27,30,42,47,49,52], [5,27,30,43,46,48,53],
 [5,27,30,64,69,91,94], [5,27,30,65,68,90,95], [5,27,30,66,71,89,92],
 [5,27,30,67,70,88,93], [5,27,30,72,77,83,86], [5,27,30,73,76,82,87],
 [5,27,30,74,79,81,84], [5,27,30,75,78,80,85], [5,27,30,96,101,123,126],
 [5,27,30,97,100,122,127], [5,27,30,98,103,121,124], [5,27,30,99,102,120,125],
 [5,27,30,104,109,115,118], [5,27,30,105,108,114,119], [5,27,30,106,111,113,116],
 [5,27,30,107,110,112,117], [5,32,37,64,69,96,101], [5,32,37,65,68,97,100],
 [5,32,37,66,71,98,103], [5,32,37,67,70,99,102], [5,32,37,72,77,104,109],
 [5,32,37,73,76,105,108], [5,32,37,74,79,106,111], [5,32,37,75,78,107,110],
 [5,32,37,80,85,112,117], [5,32,37,81,84,113,116], [5,32,37,82,87,114,119],
 [5,32,37,83,86,115,118], [5,32,37,88,93,120,125], [5,32,37,89,92,121,124],
 [5,32,37,90,95,122,127], [5,32,37,91,94,123,126], [5,33,36,64,69,97,100],
 [5,33,36,65,68,96,101], [5,33,36,66,71,99,102], [5,33,36,67,70,98,103],
 [5,33,36,72,77,105,108], [5,33,36,73,76,104,109], [5,33,36,74,79,107,110],
 [5,33,36,75,78,106,111], [5,33,36,80,85,113,116], [5,33,36,81,84,112,117],
 [5,33,36,82,87,115,118], [5,33,36,83,86,114,119], [5,33,36,88,93,121,124],
 [5,33,36,89,92,120,125], [5,33,36,90,95,123,126], [5,33,36,91,94,122,127],
 [5,34,39,64,69,98,103], [5,34,39,65,68,99,102], [5,34,39,66,71,96,101],
 [5,34,39,67,70,97,100], [5,34,39,72,77,106,111], [5,34,39,73,76,107,110],
 [5,34,39,74,79,104,109], [5,34,39,75,78,105,108], [5,34,39,80,85,114,119],
 [5,34,39,81,84,115,118], [5,34,39,82,87,112,117], [5,34,39,83,86,113,116],
 [5,34,39,88,93,122,127], [5,34,39,89,92,123,126], [5,34,39,90,95,120,125],
 [5,34,39,91,94,121,124], [5,35,38,64,69,99,102], [5,35,38,65,68,98,103],
 [5,35,38,66,71,97,100], [5,35,38,67,70,96,101], [5,35,38,72,77,107,110],
 [5,35,38,73,76,106,111], [5,35,38,74,79,105,108], [5,35,38,75,78,104,109],
 [5,35,38,80,85,115,118], [5,35,38,81,84,114,119], [5,35,38,82,87,113,116],
 [5,35,38,83,86,112,117], [5,35,38,88,93,123,126], [5,35,38,89,92,122,127],
 [5,35,38,90,95,121,124], [5,35,38,91,94,120,125], [5,40,45,64,69,104,109],
 [5,40,45,65,68,105,108], [5,40,45,66,71,106,111], [5,40,45,67,70,107,110],
 [5,40,45,72,77,96,101], [5,40,45,73,76,97,100], [5,40,45,74,79,98,103],
 [5,40,45,75,78,99,102], [5,40,45,80,85,120,125], [5,40,45,81,84,121,124],
 [5,40,45,82,87,122,127], [5,40,45,83,86,123,126], [5,40,45,88,93,112,117],
 [5,40,45,89,92,113,116], [5,40,45,90,95,114,119], [5,40,45,91,94,115,118],
 [5,41,44,64,69,105,108], [5,41,44,65,68,104,109], [5,41,44,66,71,107,110],
 [5,41,44,67,70,106,111], [5,41,44,72,77,97,100], [5,41,44,73,76,96,101],
 [5,41,44,74,79,99,102], [5,41,44,75,78,98,103], [5,41,44,80,85,121,124],
 [5,41,44,81,84,120,125], [5,41,44,82,87,123,126], [5,41,44,83,86,122,127],
 [5,41,44,88,93,113,116], [5,41,44,89,92,112,117], [5,41,44,90,95,115,118],
 [5,41,44,91,94,114,119], [5,42,47,64,69,106,111], [5,42,47,65,68,107,110],
 [5,42,47,66,71,104,109], [5,42,47,67,70,105,108], [5,42,47,72,77,98,103],
 [5,42,47,73,76,99,102], [5,42,47,74,79,96,101], [5,42,47,75,78,97,100],
 [5,42,47,80,85,122,127], [5,42,47,81,84,123,126], [5,42,47,82,87,120,125],
 [5,42,47,83,86,121,124], [5,42,47,88,93,114,119], [5,42,47,89,92,115,118],
 [5,42,47,90,95,112,117], [5,42,47,91,94,113,116], [5,43,46,64,69,107,110],
 [5,43,46,65,68,106,111], [5,43,46,66,71,105,108], [5,43,46,67,70,104,109],
 [5,43,46,72,77,99,102], [5,43,46,73,76,98,103], [5,43,46,74,79,97,100],
 [5,43,46,75,78,96,101], [5,43,46,80,85,123,126], [5,43,46,81,84,122,127],
 [5,43,46,82,87,121,124], [5,43,46,83,86,120,125], [5,43,46,88,93,115,118],
 [5,43,46,89,92,114,119], [5,43,46,90,95,113,116], [5,43,46,91,94,112,117],
 [5,48,53,64,69,112,117], [5,48,53,65,68,113,116], [5,48,53,66,71,114,119],
 [5,48,53,67,70,115,118], [5,48,53,72,77,120,125], [5,48,53,73,76,121,124],
 [5,48,53,74,79,122,127], [5,48,53,75,78,123,126], [5,48,53,80,85,96,101],
 [5,48,53,81,84,97,100], [5,48,53,82,87,98,103], [5,48,53,83,86,99,102],
 [5,48,53,88,93,104,109], [5,48,53,89,92,105,108], [5,48,53,90,95,106,111],
 [5,48,53,91,94,107,110], [5,49,52,64,69,113,116], [5,49,52,65,68,112,117],
 [5,49,52,66,71,115,118], [5,49,52,67,70,114,119], [5,49,52,72,77,121,124],
 [5,49,52,73,76,120,125], [5,49,52,74,79,123,126], [5,49,52,75,78,122,127],
 [5,49,52,80,85,97,100], [5,49,52,81,84,96,101], [5,49,52,82,87,99,102],
 [5,49,52,83,86,98,103], [5,49,52,88,93,105,108], [5,49,52,89,92,104,109],
 [5,49,52,90,95,107,110], [5,49,52,91,94,106,111], [5,50,55,64,69,114,119],
 [5,50,55,65,68,115,118], [5,50,55,66,71,112,117], [5,50,55,67,70,113,116],
 [5,50,55,72,77,122,127], [5,50,55,73,76,123,126], [5,50,55,74,79,120,125],
 [5,50,55,75,78,121,124], [5,50,55,80,85,98,103], [5,50,55,81,84,99,102],
 [5,50,55,82,87,96,101], [5,50,55,83,86,97,100], [5,50,55,88,93,106,111],
 [5,50,55,89,92,107,110], [5,50,55,90,95,104,109], [5,50,55,91,94,105,108],
 [5,51,54,64,69,115,118], [5,51,54,65,68,114,119], [5,51,54,66,71,113,116],
 [5,51,54,67,70,112,117], [5,51,54,72,77,123,126], [5,51,54,73,76,122,127],
 [5,51,54,74,79,121,124], [5,51,54,75,78,120,125], [5,51,54,80,85,99,102],
 [5,51,54,81,84,98,103], [5,51,54,82,87,97,100], [5,51,54,83,86,96,101],
 [5,51,54,88,93,107,110], [5,51,54,89,92,106,111], [5,51,54,90,95,105,108],
 [5,51,54,91,94,104,109], [5,56,61,64,69,120,125], [5,56,61,65,68,121,124],
 [5,56,61,66,71,122,127], [5,56,61,67,70,123,126], [5,56,61,72,77,112,117],
 [5,56,61,73,76,113,116], [5,56,61,74,79,114,119], [5,56,61,75,78,115,118],
 [5,56,61,80,85,104,109], [5,56,61,81,84,105,108], [5,56,61,82,87,106,111],
 [5,56,61,83,86,107,110], [5,56,61,88,93,96,101], [5,56,61,89,92,97,100],
 [5,56,61,90,95,98,103], [5,56,61,91,94,99,102], [5,57,60,64,69,121,124],
 [5,57,60,65,68,120,125], [5,57,60,66,71,123,126], [5,57,60,67,70,122,127],
 [5,57,60,72,77,113,116], [5,57,60,73,76,112,117], [5,57,60,74,79,115,118],
 [5,57,60,75,78,114,119], [5,57,60,80,85,105,108], [5,57,60,81,84,104,109],
 [5,57,60,82,87,107,110], [5,57,60,83,86,106,111], [5,57,60,88,93,97,100],
 [5,57,60,89,92,96,101], [5,57,60,90,95,99,102], [5,57,60,91,94,98,103],
 [5,58,63,64,69,122,127], [5,58,63,65,68,123,126], [5,58,63,66,71,120,125],
 [5,58,63,67,70,121,124], [5,58,63,72,77,114,119], [5,58,63,73,76,115,118],
 [5,58,63,74,79,112,117], [5,58,63,75,78,113,116], [5,58,63,80,85,106,111],
 [5,58,63,81,84,107,110], [5,58,63,82,87,104,109], [5,58,63,83,86,105,108],
 [5,58,63,88,93,98,103], [5,58,63,89,92,99,102], [5,58,63,90,95,96,101],
 [5,58,63,91,94,97,100], [5,59,62,64,69,123,126], [5,59,62,65,68,122,127],
 [5,59,62,66,71,121,124], [5,59,62,67,70,120,125], [5,59,62,72,77,115,118],
 [5,59,62,73,76,114,119], [5,59,62,74,79,113,116], [5,59,62,75,78,112,117],
 [5,59,62,80,85,107,110], [5,59,62,81,84,106,111], [5,59,62,82,87,105,108],
 [5,59,62,83,86,104,109], [5,59,62,88,93,99,102], [5,59,62,89,92,98,103],
 [5,59,62,90,95,97,100], [5,59,62,91,94,96,101], [6,8,14,16,22,24,30],
 [6,8,14,17,23,25,31], [6,8,14,18,20,26,28], [6,8,14,19,21,27,29],
 [6,8,14,32,38,40,46], [6,8,14,33,39,41,47], [6,8,14,34,36,42,44],
 [6,8,14,35,37,43,45], [6,8,14,48,54,56,62], [6,8,14,49,55,57,63],
 [6,8,14,50,52,58,60], [6,8,14,51,53,59,61], [6,8,14,64,70,72,78],
 [6,8,14,65,71,73,79], [6,8,14,66,68,74,76], [6,8,14,67,69,75,77],
 [6,8,14,80,86,88,94], [6,8,14,81,87,89,95], [6,8,14,82,84,90,92],
 [6,8,14,83,85,91,93], [6,8,14,96,102,104,110], [6,8,14,97,103,105,111],
 [6,8,14,98,100,106,108], [6,8,14,99,101,107,109], [6,8,14,112,118,120,126],
 [6,8,14,113,119,121,127], [6,8,14,114,116,122,124], [6,8,14,115,117,123,125],
 [6,9,15,16,22,25,31], [6,9,15,17,23,24,30], [6,9,15,18,20,27,29],
 [6,9,15,19,21,26,28], [6,9,15,32,38,41,47], [6,9,15,33,39,40,46],
 [6,9,15,34,36,43,45], [6,9,15,35,37,42,44], [6,9,15,48,54,57,63],
 [6,9,15,49,55,56,62], [6,9,15,50,52,59,61], [6,9,15,51,53,58,60],
 [6,9,15,64,70,73,79], [6,9,15,65,71,72,78], [6,9,15,66,68,75,77],
 [6,9,15,67,69,74,76], [6,9,15,80,86,89,95], [6,9,15,81,87,88,94],
 [6,9,15,82,84,91,93], [6,9,15,83,85,90,92], [6,9,15,96,102,105,111],
 [6,9,15,97,103,104,110], [6,9,15,98,100,107,109], [6,9,15,99,101,106,108],
 [6,9,15,112,118,121,127], [6,9,15,113,119,120,126], [6,9,15,114,116,123,125],
 [6,9,15,115,117,122,124], [6,10,12,16,22,26,28], [6,10,12,17,23,27,29],
 [6,10,12,18,20,24,30], [6,10,12,19,21,25,31], [6,10,12,32,38,42,44],
 [6,10,12,33,39,43,45], [6,10,12,34,36,40,46], [6,10,12,35,37,41,47],
 [6,10,12,48,54,58,60], [6,10,12,49,55,59,61], [6,10,12,50,52,56,62],
 [6,10,12,51,53,57,63], [6,10,12,64,70,74,76], [6,10,12,65,71,75,77],
 [6,10,12,66,68,72,78], [6,10,12,67,69,73,79], [6,10,12,80,86,90,92],
 [6,10,12,81,87,91,93], [6,10,12,82,84,88,94], [6,10,12,83,85,89,95],
 [6,10,12,96,102,106,108], [6,10,12,97,103,107,109], [6,10,12,98,100,104,110],
 [6,10,12,99,101,105,111], [6,10,12,112,118,122,124], [6,10,12,113,119,123,125],
 [6,10,12,114,116,120,126], [6,10,12,115,117,121,127], [6,11,13,16,22,27,29],
 [6,11,13,17,23,26,28], [6,11,13,18,20,25,31], [6,11,13,19,21,24,30],
 [6,11,13,32,38,43,45], [6,11,13,33,39,42,44], [6,11,13,34,36,41,47],
 [6,11,13,35,37,40,46], [6,11,13,48,54,59,61], [6,11,13,49,55,58,60],
 [6,11,13,50,52,57,63], [6,11,13,51,53,56,62], [6,11,13,64,70,75,77],
 [6,11,13,65,71,74,76], [6,11,13,66,68,73,79], [6,11,13,67,69,72,78],
 [6,11,13,80,86,91,93], [6,11,13,81,87,90,92], [6,11,13,82,84,89,95],
 [6,11,13,83,85,88,94], [6,11,13,96,102,107,109], [6,11,13,97,103,106,108],
 [6,11,13,98,100,105,111], [6,11,13,99,101,104,110], [6,11,13,112,118,123,125],
 [6,11,13,113,119,122,124], [6,11,13,114,116,121,127], [6,11,13,115,117,120,126],
 [6,16,22,32,38,48,54], [6,16,22,33,39,49,55], [6,16,22,34,36,50,52],
 [6,16,22,35,37,51,53], [6,16,22,40,46,56,62], [6,16,22,41,47,57,63],
 [6,16,22,42,44,58,60], [6,16,22,43,45,59,61], [6,16,22,64,70,80,86],
 [6,16,22,65,71,81,87], [6,16,22,66,68,82,84], [6,16,22,67,69,83,85],
 [6,16,22,72,78,88,94], [6,16,22,73,79,89,95], [6,16,22,74,76,90,92],
 [6,16,22,75,77,91,93], [6,16,22,96,102,112,118], [6,16,22,97,103,113,119],
 [6,16,22,98,100,114,116], [6,16,22,99,101,115,117], [6,16,22,104,110,120,126],
 [6,16,22,105,111,121,127], [6,16,22,106,108,122,124], [6,16,22,107,109,123,125],
 [6,17,23,32,38,49,55], [6,17,23,33,39,48,54], [6,17,23,34,36,51,53],
 [6,17,23,35,37,50,52], [6,17,23,40,46,57,63], [6,17,23,41,47,56,62],
 [6,17,23,42,44,59,61], [6,17,23,43,45,58,60], [6,17,23,64,70,81,87],
 [6,17,23,65,71,80,86], [6,17,23,66,68,83,85], [6,17,23,67,69,82,84],
 [6,17,23,72,78,89,95], [6,17,23,73,79,88,94], [6,17,23,74,76,91,93],
 [6,17,23,75,77,90,92], [6,17,23,96,102,113,119], [6,17,23,97,103,112,118],
 [6,17,23,98,100,115,117], [6,17,23,99,101,114,116], [6,17,23,104,110,121,127],
 [6,17,23,105,111,120,126], [6,17,23,106,108,123,125], [6,17,23,107,109,122,124],
 [6,18,20,32,38,50,52], [6,18,20,33,39,51,53], [6,18,20,34,36,48,54],
 [6,18,20,35,37,49,55], [6,18,20,40,46,58,60], [6,18,20,41,47,59,61],
 [6,18,20,42,44,56,62], [6,18,20,43,45,57,63], [6,18,20,64,70,82,84],
 [6,18,20,65,71,83,85], [6,18,20,66,68,80,86], [6,18,20,67,69,81,87],
 [6,18,20,72,78,90,92], [6,18,20,73,79,91,93], [6,18,20,74,76,88,94],
 [6,18,20,75,77,89,95], [6,18,20,96,102,114,116], [6,18,20,97,103,115,117],
 [6,18,20,98,100,112,118], [6,18,20,99,101,113,119], [6,18,20,104,110,122,124],
 [6,18,20,105,111,123,125], [6,18,20,106,108,120,126], [6,18,20,107,109,121,127],
 [6,19,21,32,38,51,53], [6,19,21,33,39,50,52], [6,19,21,34,36,49,55],
 [6,19,21,35,37,48,54], [6,19,21,40,46,59,61], [6,19,21,41,47,58,60],
 [6,19,21,42,44,57,63], [6,19,21,43,45,56,62], [6,19,21,64,70,83,85],
 [6,19,21,65,71,82,84], [6,19,21,66,68,81,87], [6,19,21,67,69,80,86],
 [6,19,21,72,78,91,93], [6,19,21,73,79,90,92], [6,19,21,74,76,89,95],
 [6,19,21,75,77,88,94], [6,19,21,96,102,115,117], [6,19,21,97,103,114,116],
 [6,19,21,98,100,113,119], [6,19,21,99,101,112,118], [6,19,21,104,110,123,125],
 [6,19,21,105,111,122,124], [6,19,21,106,108,121,127], [6,19,21,107,109,120,126],
 [6,24,30,32,38,56,62], [6,24,30,33,39,57,63], [6,24,30,34,36,58,60],
 [6,24,30,35,37,59,61], [6,24,30,40,46,48,54], [6,24,30,41,47,49,55],
 [6,24,30,42,44,50,52], [6,24,30,43,45,51,53], [6,24,30,64,70,88,94],
 [6,24,30,65,71,89,95], [6,24,30,66,68,90,92], [6,24,30,67,69,91,93],
 [6,24,30,72,78,80,86], [6,24,30,73,79,81,87], [6,24,30,74,76,82,84],
 [6,24,30,75,77,83,85], [6,24,30,96,102,120,126], [6,24,30,97,103,121,127],
 [6,24,30,98,100,122,124], [6,24,30,99,101,123,125], [6,24,30,104,110,112,118],
 [6,24,30,105,111,113,119], [6,24,30,106,108,114,116], [6,24,30,107,109,115,117],
 [6,25,31,32,38,57,63], [6,25,31,33,39,56,62], [6,25,31,34,36,59,61],
 [6,25,31,35,37,58,60], [6,25,31,40,46,49,55], [6,25,31,41,47,48,54],
 [6,25,31,42,44,51,53], [6,25,31,43,45,50,52], [6,25,31,64,70,89,95],
 [6,25,31,65,71,88,94], [6,25,31,66,68,91,93], [6,25,31,67,69,90,92],
 [6,25,31,72,78,81,87], [6,25,31,73,79,80,86], [6,25,31,74,76,83,85],
 [6,25,31,75,77,82,84], [6,25,31,96,102,121,127], [6,25,31,97,103,120,126],
 [6,25,31,98,100,123,125], [6,25,31,99,101,122,124], [6,25,31,104,110,113,119],
 [6,25,31,105,111,112,118], [6,25,31,106,108,115,117], [6,25,31,107,109,114,116],
 [6,26,28,32,38,58,60], [6,26,28,33,39,59,61], [6,26,28,34,36,56,62],
 [6,26,28,35,37,57,63], [6,26,28,40,46,50,52], [6,26,28,41,47,51,53],
 [6,26,28,42,44,48,54], [6,26,28,43,45,49,55], [6,26,28,64,70,90,92],
 [6,26,28,65,71,91,93], [6,26,28,66,68,88,94], [6,26,28,67,69,89,95],
 [6,26,28,72,78,82,84], [6,26,28,73,79,83,85], [6,26,28,74,76,80,86],
 [6,26,28,75,77,81,87], [6,26,28,96,102,122,124], [6,26,28,97,103,123,125],
 [6,26,28,98,100,120,126], [6,26,28,99,101,121,127], [6,26,28,104,110,114,116],
 [6,26,28,105,111,115,117], [6,26,28,106,108,112,118], [6,26,28,107,109,113,119],
 [6,27,29,32,38,59,61], [6,27,29,33,39,58,60], [6,27,29,34,36,57,63],
 [6,27,29,35,37,56,62], [6,27,29,40,46,51,53], [6,27,29,41,47,50,52],
 [6,27,29,42,44,49,55], [6,27,29,43,45,48,54], [6,27,29,64,70,91,93],
 [6,27,29,65,71,90,92], [6,27,29,66,68,89,95], [6,27,29,67,69,88,94],
 [6,27,29,72,78,83,85], [6,27,29,73,79,82,84], [6,27,29,74,76,81,87],
 [6,27,29,75,77,80,86], [6,27,29,96,102,123,125], [6,27,29,97,103,122,124],
 [6,27,29,98,100,121,127], [6,27,29,99,101,120,126], [6,27,29,104,110,115,117],
 [6,27,29,105,111,114,116], [6,27,29,106,108,113,119], [6,27,29,107,109,112,118],
 [6,32,38,64,70,96,102], [6,32,38,65,71,97,103], [6,32,38,66,68,98,100],
 [6,32,38,67,69,99,101], [6,32,38,72,78,104,110], [6,32,38,73,79,105,111],
 [6,32,38,74,76,106,108], [6,32,38,75,77,107,109], [6,32,38,80,86,112,118],
 [6,32,38,81,87,113,119], [6,32,38,82,84,114,116], [6,32,38,83,85,115,117],
 [6,32,38,88,94,120,126], [6,32,38,89,95,121,127], [6,32,38,90,92,122,124],
 [6,32,38,91,93,123,125], [6,33,39,64,70,97,103], [6,33,39,65,71,96,102],
 [6,33,39,66,68,99,101], [6,33,39,67,69,98,100], [6,33,39,72,78,105,111],
 [6,33,39,73,79,104,110], [6,33,39,74,76,107,109], [6,33,39,75,77,106,108],
 [6,33,39,80,86,113,119], [6,33,39,81,87,112,118], [6,33,39,82,84,115,117],
 [6,33,39,83,85,114,116], [6,33,39,88,94,121,127], [6,33,39,89,95,120,126],
 [6,33,39,90,92,123,125], [6,33,39,91,93,122,124], [6,34,36,64,70,98,100],
 [6,34,36,65,71,99,101], [6,34,36,66,68,96,102], [6,34,36,67,69,97,103],
 [6,34,36,72,78,106,108], [6,34,36,73,79,107,109], [6,34,36,74,76,104,110],
 [6,34,36,75,77,105,111], [6,34,36,80,86,114,116], [6,34,36,81,87,115,117],
 [6,34,36,82,84,112,118], [6,34,36,83,85,113,119], [6,34,36,88,94,122,124],
 [6,34,36,89,95,123,125], [6,34,36,90,92,120,126], [6,34,36,91,93,121,127],
 [6,35,37,64,70,99,101], [6,35,37,65,71,98,100], [6,35,37,66,68,97,103],
 [6,35,37,67,69,96,102], [6,35,37,72,78,107,109], [6,35,37,73,79,106,108],
 [6,35,37,74,76,105,111], [6,35,37,75,77,104,110], [6,35,37,80,86,115,117],
 [6,35,37,81,87,114,116], [6,35,37,82,84,113,119], [6,35,37,83,85,112,118],
 [6,35,37,88,94,123,125], [6,35,37,89,95,122,124], [6,35,37,90,92,121,127],
 [6,35,37,91,93,120,126], [6,40,46,64,70,104,110], [6,40,46,65,71,105,111],
 [6,40,46,66,68,106,108], [6,40,46,67,69,107,109], [6,40,46,72,78,96,102],
 [6,40,46,73,79,97,103], [6,40,46,74,76,98,100], [6,40,46,75,77,99,101],
 [6,40,46,80,86,120,126], [6,40,46,81,87,121,127], [6,40,46,82,84,122,124],
 [6,40,46,83,85,123,125], [6,40,46,88,94,112,118], [6,40,46,89,95,113,119],
 [6,40,46,90,92,114,116], [6,40,46,91,93,115,117], [6,41,47,64,70,105,111],
 [6,41,47,65,71,104,110], [6,41,47,66,68,107,109], [6,41,47,67,69,106,108],
 [6,41,47,72,78,97,103], [6,41,47,73,79,96,102], [6,41,47,74,76,99,101],
 [6,41,47,75,77,98,100], [6,41,47,80,86,121,127], [6,41,47,81,87,120,126],
 [6,41,47,82,84,123,125], [6,41,47,83,85,122,124], [6,41,47,88,94,113,119],
 [6,41,47,89,95,112,118], [6,41,47,90,92,115,117], [6,41,47,91,93,114,116],
 [6,42,44,64,70,106,108], [6,42,44,65,71,107,109], [6,42,44,66,68,104,110],
 [6,42,44,67,69,105,111], [6,42,44,72,78,98,100], [6,42,44,73,79,99,101],
 [6,42,44,74,76,96,102], [6,42,44,75,77,97,103], [6,42,44,80,86,122,124],
 [6,42,44,81,87,123,125], [6,42,44,82,84,120,126], [6,42,44,83,85,121,127],
 [6,42,44,88,94,114,116], [6,42,44,89,95,115,117], [6,42,44,90,92,112,118],
 [6,42,44,91,93,113,119], [6,43,45,64,70,107,109], [6,43,45,65,71,106,108],
 [6,43,45,66,68,105,111], [6,43,45,67,69,104,110], [6,43,45,72,78,99,101],
 [6,43,45,73,79,98,100], [6,43,45,74,76,97,103], [6,43,45,75,77,96,102],
 [6,43,45,80,86,123,125], [6,43,45,81,87,122,124], [6,43,45,82,84,121,127],
 [6,43,45,83,85,120,126], [6,43,45,88,94,115,117], [6,43,45,89,95,114,116],
 [6,43,45,90,92,113,119], [6,43,45,91,93,112,118], [6,48,54,64,70,112,118],
 [6,48,54,65,71,113,119], [6,48,54,66,68,114,116], [6,48,54,67,69,115,117],
 [6,48,54,72,78,120,126], [6,48,54,73,79,121,127], [6,48,54,74,76,122,124],
 [6,48,54,75,77,123,125], [6,48,54,80,86,96,102], [6,48,54,81,87,97,103],
 [6,48,54,82,84,98,100], [6,48,54,83,85,99,101], [6,48,54,88,94,104,110],
 [6,48,54,89,95,105,111], [6,48,54,90,92,106,108], [6,48,54,91,93,107,109],
 [6,49,55,64,70,113,119], [6,49,55,65,71,112,118], [6,49,55,66,68,115,117],
 [6,49,55,67,69,114,116], [6,49,55,72,78,121,127], [6,49,55,73,79,120,126],
 [6,49,55,74,76,123,125], [6,49,55,75,77,122,124], [6,49,55,80,86,97,103],
 [6,49,55,81,87,96,102], [6,49,55,82,84,99,101], [6,49,55,83,85,98,100],
 [6,49,55,88,94,105,111], [6,49,55,89,95,104,110], [6,49,55,90,92,107,109],
 [6,49,55,91,93,106,108], [6,50,52,64,70,114,116], [6,50,52,65,71,115,117],
 [6,50,52,66,68,112,118], [6,50,52,67,69,113,119], [6,50,52,72,78,122,124],
 [6,50,52,73,79,123,125], [6,50,52,74,76,120,126], [6,50,52,75,77,121,127],
 [6,50,52,80,86,98,100], [6,50,52,81,87,99,101], [6,50,52,82,84,96,102],
 [6,50,52,83,85,97,103], [6,50,52,88,94,106,108], [6,50,52,89,95,107,109],
 [6,50,52,90,92,104,110], [6,50,52,91,93,105,111], [6,51,53,64,70,115,117],
 [6,51,53,65,71,114,116], [6,51,53,66,68,113,119], [6,51,53,67,69,112,118],
 [6,51,53,72,78,123,125], [6,51,53,73,79,122,124], [6,51,53,74,76,121,127],
 [6,51,53,75,77,120,126], [6,51,53,80,86,99,101], [6,51,53,81,87,98,100],
 [6,51,53,82,84,97,103], [6,51,53,83,85,96,102], [6,51,53,88,94,107,109],
 [6,51,53,89,95,106,108], [6,51,53,90,92,105,111], [6,51,53,91,93,104,110],
 [6,56,62,64,70,120,126], [6,56,62,65,71,121,127], [6,56,62,66,68,122,124],
 [6,56,62,67,69,123,125], [6,56,62,72,78,112,118], [6,56,62,73,79,113,119],
 [6,56,62,74,76,114,116], [6,56,62,75,77,115,117], [6,56,62,80,86,104,110],
 [6,56,62,81,87,105,111], [6,56,62,82,84,106,108], [6,56,62,83,85,107,109],
 [6,56,62,88,94,96,102], [6,56,62,89,95,97,103], [6,56,62,90,92,98,100],
 [6,56,62,91,93,99,101], [6,57,63,64,70,121,127], [6,57,63,65,71,120,126],
 [6,57,63,66,68,123,125], [6,57,63,67,69,122,124], [6,57,63,72,78,113,119],
 [6,57,63,73,79,112,118], [6,57,63,74,76,115,117], [6,57,63,75,77,114,116],
 [6,57,63,80,86,105,111], [6,57,63,81,87,104,110], [6,57,63,82,84,107,109],
 [6,57,63,83,85,106,108], [6,57,63,88,94,97,103], [6,57,63,89,95,96,102],
 [6,57,63,90,92,99,101], [6,57,63,91,93,98,100], [6,58,60,64,70,122,124],
 [6,58,60,65,71,123,125], [6,58,60,66,68,120,126], [6,58,60,67,69,121,127],
 [6,58,60,72,78,114,116], [6,58,60,73,79,115,117], [6,58,60,74,76,112,118],
 [6,58,60,75,77,113,119], [6,58,60,80,86,106,108], [6,58,60,81,87,107,109],
 [6,58,60,82,84,104,110], [6,58,60,83,85,105,111], [6,58,60,88,94,98,100],
 [6,58,60,89,95,99,101], [6,58,60,90,92,96,102], [6,58,60,91,93,97,103],
 [6,59,61,64,70,123,125], [6,59,61,65,71,122,124], [6,59,61,66,68,121,127],
 [6,59,61,67,69,120,126], [6,59,61,72,78,115,117], [6,59,61,73,79,114,116],
 [6,59,61,74,76,113,119], [6,59,61,75,77,112,118], [6,59,61,80,86,107,109],
 [6,59,61,81,87,106,108], [6,59,61,82,84,105,111], [6,59,61,83,85,104,110],
 [6,59,61,88,94,99,101], [6,59,61,89,95,98,100], [6,59,61,90,92,97,103],
 [6,59,61,91,93,96,102], [7,8,15,16,23,24,31], [7,8,15,17,22,25,30],
 [7,8,15,18,21,26,29], [7,8,15,19,20,27,28], [7,8,15,32,39,40,47],
 [7,8,15,33,38,41,46], [7,8,15,34,37,42,45], [7,8,15,35,36,43,44],
 [7,8,15,48,55,56,63], [7,8,15,49,54,57,62], [7,8,15,50,53,58,61],
 [7,8,15,51,52,59,60], [7,8,15,64,71,72,79], [7,8,15,65,70,73,78],
 [7,8,15,66,69,74,77], [7,8,15,67,68,75,76], [7,8,15,80,87,88,95],
 [7,8,15,81,86,89,94], [7,8,15,82,85,90,93], [7,8,15,83,84,91,92],
 [7,8,15,96,103,104,111], [7,8,15,97,102,105,110], [7,8,15,98,101,106,109],
 [7,8,15,99,100,107,108], [7,8,15,112,119,120,127], [7,8,15,113,118,121,126],
 [7,8,15,114,117,122,125], [7,8,15,115,116,123,124], [7,9,14,16,23,25,30],
 [7,9,14,17,22,24,31], [7,9,14,18,21,27,28], [7,9,14,19,20,26,29],
 [7,9,14,32,39,41,46], [7,9,14,33,38,40,47], [7,9,14,34,37,43,44],
 [7,9,14,35,36,42,45], [7,9,14,48,55,57,62], [7,9,14,49,54,56,63],
 [7,9,14,50,53,59,60], [7,9,14,51,52,58,61], [7,9,14,64,71,73,78],
 [7,9,14,65,70,72,79], [7,9,14,66,69,75,76], [7,9,14,67,68,74,77],
 [7,9,14,80,87,89,94], [7,9,14,81,86,88,95], [7,9,14,82,85,91,92],
 [7,9,14,83,84,90,93], [7,9,14,96,103,105,110], [7,9,14,97,102,104,111],
 [7,9,14,98,101,107,108], [7,9,14,99,100,106,109], [7,9,14,112,119,121,126],
 [7,9,14,113,118,120,127], [7,9,14,114,117,123,124], [7,9,14,115,116,122,125],
 [7,10,13,16,23,26,29], [7,10,13,17,22,27,28], [7,10,13,18,21,24,31],
 [7,10,13,19,20,25,30], [7,10,13,32,39,42,45], [7,10,13,33,38,43,44],
 [7,10,13,34,37,40,47], [7,10,13,35,36,41,46], [7,10,13,48,55,58,61],
 [7,10,13,49,54,59,60], [7,10,13,50,53,56,63], [7,10,13,51,52,57,62],
 [7,10,13,64,71,74,77], [7,10,13,65,70,75,76], [7,10,13,66,69,72,79],
 [7,10,13,67,68,73,78], [7,10,13,80,87,90,93], [7,10,13,81,86,91,92],
 [7,10,13,82,85,88,95], [7,10,13,83,84,89,94], [7,10,13,96,103,106,109],
 [7,10,13,97,102,107,108], [7,10,13,98,101,104,111], [7,10,13,99,100,105,110],
 [7,10,13,112,119,122,125], [7,10,13,113,118,123,124], [7,10,13,114,117,120,127],
 [7,10,13,115,116,121,126], [7,11,12,16,23,27,28], [7,11,12,17,22,26,29],
 [7,11,12,18,21,25,30], [7,11,12,19,20,24,31], [7,11,12,32,39,43,44],
 [7,11,12,33,38,42,45], [7,11,12,34,37,41,46], [7,11,12,35,36,40,47],
 [7,11,12,48,55,59,60], [7,11,12,49,54,58,61], [7,11,12,50,53,57,62],
 [7,11,12,51,52,56,63], [7,11,12,64,71,75,76], [7,11,12,65,70,74,77],
 [7,11,12,66,69,73,78], [7,11,12,67,68,72,79], [7,11,12,80,87,91,92],
 [7,11,12,81,86,90,93], [7,11,12,82,85,89,94], [7,11,12,83,84,88,95],
 [7,11,12,96,103,107,108], [7,11,12,97,102,106,109], [7,11,12,98,101,105,110],
 [7,11,12,99,100,104,111], [7,11,12,112,119,123,124], [7,11,12,113,118,122,125],
 [7,11,12,114,117,121,126], [7,11,12,115,116,120,127], [7,16,23,32,39,48,55],
 [7,16,23,33,38,49,54], [7,16,23,34,37,50,53], [7,16,23,35,36,51,52],
 [7,16,23,40,47,56,63], [7,16,23,41,46,57,62], [7,16,23,42,45,58,61],
 [7,16,23,43,44,59,60], [7,16,23,64,71,80,87], [7,16,23,65,70,81,86],
 [7,16,23,66,69,82,85], [7,16,23,67,68,83,84], [7,16,23,72,79,88,95],
 [7,16,23,73,78,89,94], [7,16,23,74,77,90,93], [7,16,23,75,76,91,92],
 [7,16,23,96,103,112,119], [7,16,23,97,102,113,118], [7,16,23,98,101,114,117],
 [7,16,23,99,100,115,116], [7,16,23,104,111,120,127], [7,16,23,105,110,121,126],
 [7,16,23,106,109,122,125], [7,16,23,107,108,123,124], [7,17,22,32,39,49,54],
 [7,17,22,33,38,48,55], [7,17,22,34,37,51,52], [7,17,22,35,36,50,53],
 [7,17,22,40,47,57,62], [7,17,22,41,46,56,63], [7,17,22,42,45,59,60],
 [7,17,22,43,44,58,61], [7,17,22,64,71,81,86], [7,17,22,65,70,80,87],
 [7,17,22,66,69,83,84], [7,17,22,67,68,82,85], [7,17,22,72,79,89,94],
 [7,17,22,73,78,88,95], [7,17,22,74,77,91,92], [7,17,22,75,76,90,93],
 [7,17,22,96,103,113,118], [7,17,22,97,102,112,119], [7,17,22,98,101,115,116],
 [7,17,22,99,100,114,117], [7,17,22,104,111,121,126], [7,17,22,105,110,120,127],
 [7,17,22,106,109,123,124], [7,17,22,107,108,122,125], [7,18,21,32,39,50,53],
 [7,18,21,33,38,51,52], [7,18,21,34,37,48,55], [7,18,21,35,36,49,54],
 [7,18,21,40,47,58,61], [7,18,21,41,46,59,60], [7,18,21,42,45,56,63],
 [7,18,21,43,44,57,62], [7,18,21,64,71,82,85], [7,18,21,65,70,83,84],
 [7,18,21,66,69,80,87], [7,18,21,67,68,81,86], [7,18,21,72,79,90,93],
 [7,18,21,73,78,91,92], [7,18,21,74,77,88,95], [7,18,21,75,76,89,94],
 [7,18,21,96,103,114,117], [7,18,21,97,102,115,116], [7,18,21,98,101,112,119],
 [7,18,21,99,100,113,118], [7,18,21,104,111,122,125], [7,18,21,105,110,123,124],
 [7,18,21,106,109,120,127], [7,18,21,107,108,121,126], [7,19,20,32,39,51,52],
 [7,19,20,33,38,50,53], [7,19,20,34,37,49,54], [7,19,20,35,36,48,55],
 [7,19,20,40,47,59,60], [7,19,20,41,46,58,61], [7,19,20,42,45,57,62],
 [7,19,20,43,44,56,63], [7,19,20,64,71,83,84], [7,19,20,65,70,82,85],
 [7,19,20,66,69,81,86], [7,19,20,67,68,80,87], [7,19,20,72,79,91,92],
 [7,19,20,73,78,90,93], [7,19,20,74,77,89,94], [7,19,20,75,76,88,95],
 [7,19,20,96,103,115,116], [7,19,20,97,102,114,117], [7,19,20,98,101,113,118],
 [7,19,20,99,100,112,119], [7,19,20,104,111,123,124], [7,19,20,105,110,122,125],
 [7,19,20,106,109,121,126], [7,19,20,107,108,120,127], [7,24,31,32,39,56,63],
 [7,24,31,33,38,57,62], [7,24,31,34,37,58,61], [7,24,31,35,36,59,60],
 [7,24,31,40,47,48,55], [7,24,31,41,46,49,54], [7,24,31,42,45,50,53],
 [7,24,31,43,44,51,52], [7,24,31,64,71,88,95], [7,24,31,65,70,89,94],
 [7,24,31,66,69,90,93], [7,24,31,67,68,91,92], [7,24,31,72,79,80,87],
 [7,24,31,73,78,81,86], [7,24,31,74,77,82,85], [7,24,31,75,76,83,84],
 [7,24,31,96,103,120,127], [7,24,31,97,102,121,126], [7,24,31,98,101,122,125],
 [7,24,31,99,100,123,124], [7,24,31,104,111,112,119], [7,24,31,105,110,113,118],
 [7,24,31,106,109,114,117], [7,24,31,107,108,115,116], [7,25,30,32,39,57,62],
 [7,25,30,33,38,56,63], [7,25,30,34,37,59,60], [7,25,30,35,36,58,61],
 [7,25,30,40,47,49,54], [7,25,30,41,46,48,55], [7,25,30,42,45,51,52],
 [7,25,30,43,44,50,53], [7,25,30,64,71,89,94], [7,25,30,65,70,88,95],
 [7,25,30,66,69,91,92], [7,25,30,67,68,90,93], [7,25,30,72,79,81,86],
 [7,25,30,73,78,80,87], [7,25,30,74,77,83,84], [7,25,30,75,76,82,85],
 [7,25,30,96,103,121,126], [7,25,30,97,102,120,127], [7,25,30,98,101,123,124],
 [7,25,30,99,100,122,125], [7,25,30,104,111,113,118], [7,25,30,105,110,112,119],
 [7,25,30,106,109,115,116], [7,25,30,107,108,114,117], [7,26,29,32,39,58,61],
 [7,26,29,33,38,59,60], [7,26,29,34,37,56,63], [7,26,29,35,36,57,62],
 [7,26,29,40,47,50,53], [7,26,29,41,46,51,52], [7,26,29,42,45,48,55],
 [7,26,29,43,44,49,54], [7,26,29,64,71,90,93], [7,26,29,65,70,91,92],
 [7,26,29,66,69,88,95], [7,26,29,67,68,89,94], [7,26,29,72,79,82,85],
 [7,26,29,73,78,83,84], [7,26,29,74,77,80,87], [7,26,29,75,76,81,86],
 [7,26,29,96,103,122,125], [7,26,29,97,102,123,124], [7,26,29,98,101,120,127],
 [7,26,29,99,100,121,126], [7,26,29,104,111,114,117], [7,26,29,105,110,115,116],
 [7,26,29,106,109,112,119], [7,26,29,107,108,113,118], [7,27,28,32,39,59,60],
 [7,27,28,33,38,58,61], [7,27,28,34,37,57,62], [7,27,28,35,36,56,63],
 [7,27,28,40,47,51,52], [7,27,28,41,46,50,53], [7,27,28,42,45,49,54],
 [7,27,28,43,44,48,55], [7,27,28,64,71,91,92], [7,27,28,65,70,90,93],
 [7,27,28,66,69,89,94], [7,27,28,67,68,88,95], [7,27,28,72,79,83,84],
 [7,27,28,73,78,82,85], [7,27,28,74,77,81,86], [7,27,28,75,76,80,87],
 [7,27,28,96,103,123,124], [7,27,28,97,102,122,125], [7,27,28,98,101,121,126],
 [7,27,28,99,100,120,127], [7,27,28,104,111,115,116], [7,27,28,105,110,114,117],
 [7,27,28,106,109,113,118], [7,27,28,107,108,112,119], [7,32,39,64,71,96,103],
 [7,32,39,65,70,97,102], [7,32,39,66,69,98,101], [7,32,39,67,68,99,100],
 [7,32,39,72,79,104,111], [7,32,39,73,78,105,110], [7,32,39,74,77,106,109],
 [7,32,39,75,76,107,108], [7,32,39,80,87,112,119], [7,32,39,81,86,113,118],
 [7,32,39,82,85,114,117], [7,32,39,83,84,115,116], [7,32,39,88,95,120,127],
 [7,32,39,89,94,121,126], [7,32,39,90,93,122,125], [7,32,39,91,92,123,124],
 [7,33,38,64,71,97,102], [7,33,38,65,70,96,103], [7,33,38,66,69,99,100],
 [7,33,38,67,68,98,101], [7,33,38,72,79,105,110], [7,33,38,73,78,104,111],
 [7,33,38,74,77,107,108], [7,33,38,75,76,106,109], [7,33,38,80,87,113,118],
 [7,33,38,81,86,112,119], [7,33,38,82,85,115,116], [7,33,38,83,84,114,117],
 [7,33,38,88,95,121,126], [7,33,38,89,94,120,127], [7,33,38,90,93,123,124],
 [7,33,38,91,92,122,125], [7,34,37,64,71,98,101], [7,34,37,65,70,99,100],
 [7,34,37,66,69,96,103], [7,34,37,67,68,97,102], [7,34,37,72,79,106,109],
 [7,34,37,73,78,107,108], [7,34,37,74,77,104,111], [7,34,37,75,76,105,110],
 [7,34,37,80,87,114,117], [7,34,37,81,86,115,116], [7,34,37,82,85,112,119],
 [7,34,37,83,84,113,118], [7,34,37,88,95,122,125], [7,34,37,89,94,123,124],
 [7,34,37,90,93,120,127], [7,34,37,91,92,121,126], [7,35,36,64,71,99,100],
 [7,35,36,65,70,98,101], [7,35,36,66,69,97,102], [7,35,36,67,68,96,103],
 [7,35,36,72,79,107,108], [7,35,36,73,78,106,109], [7,35,36,74,77,105,110],
 [7,35,36,75,76,104,111], [7,35,36,80,87,115,116], [7,35,36,81,86,114,117],
 [7,35,36,82,85,113,118], [7,35,36,83,84,112,119], [7,35,36,88,95,123,124],
 [7,35,36,89,94,122,125], [7,35,36,90,93,121,126], [7,35,36,91,92,120,127],
 [7,40,47,64,71,104,111], [7,40,47,65,70,105,110], [7,40,47,66,69,106,109],
 [7,40,47,67,68,107,108], [7,40,47,72,79,96,103], [7,40,47,73,78,97,102],
 [7,40,47,74,77,98,101], [7,40,47,75,76,99,100], [7,40,47,80,87,120,127],
 [7,40,47,81,86,121,126], [7,40,47,82,85,122,125], [7,40,47,83,84,123,124],
 [7,40,47,88,95,112,119], [7,40,47,89,94,113,118], [7,40,47,90,93,114,117],
 [7,40,47,91,92,115,116], [7,41,46,64,71,105,110], [7,41,46,65,70,104,111],
 [7,41,46,66,69,107,108], [7,41,46,67,68,106,109], [7,41,46,72,79,97,102],
 [7,41,46,73,78,96,103], [7,41,46,74,77,99,100], [7,41,46,75,76,98,101],
 [7,41,46,80,87,121,126], [7,41,46,81,86,120,127], [7,41,46,82,85,123,124],
 [7,41,46,83,84,122,125], [7,41,46,88,95,113,118], [7,41,46,89,94,112,119],
 [7,41,46,90,93,115,116], [7,41,46,91,92,114,117], [7,42,45,64,71,106,109],
 [7,42,45,65,70,107,108], [7,42,45,66,69,104,111], [7,42,45,67,68,105,110],
 [7,42,45,72,79,98,101], [7,42,45,73,78,99,100], [7,42,45,74,77,96,103],
 [7,42,45,75,76,97,102], [7,42,45,80,87,122,125], [7,42,45,81,86,123,124],
 [7,42,45,82,85,120,127], [7,42,45,83,84,121,126], [7,42,45,88,95,114,117],
 [7,42,45,89,94,115,116], [7,42,45,90,93,112,119], [7,42,45,91,92,113,118],
 [7,43,44,64,71,107,108], [7,43,44,65,70,106,109], [7,43,44,66,69,105,110],
 [7,43,44,67,68,104,111], [7,43,44,72,79,99,100], [7,43,44,73,78,98,101],
 [7,43,44,74,77,97,102], [7,43,44,75,76,96,103], [7,43,44,80,87,123,124],
 [7,43,44,81,86,122,125], [7,43,44,82,85,121,126], [7,43,44,83,84,120,127],
 [7,43,44,88,95,115,116], [7,43,44,89,94,114,117], [7,43,44,90,93,113,118],
 [7,43,44,91,92,112,119], [7,48,55,64,71,112,119], [7,48,55,65,70,113,118],
 [7,48,55,66,69,114,117], [7,48,55,67,68,115,116], [7,48,55,72,79,120,127],
 [7,48,55,73,78,121,126], [7,48,55,74,77,122,125], [7,48,55,75,76,123,124],
 [7,48,55,80,87,96,103], [7,48,55,81,86,97,102], [7,48,55,82,85,98,101],
 [7,48,55,83,84,99,100], [7,48,55,88,95,104,111], [7,48,55,89,94,105,110],
 [7,48,55,90,93,106,109], [7,48,55,91,92,107,108], [7,49,54,64,71,113,118],
 [7,49,54,65,70,112,119], [7,49,54,66,69,115,116], [7,49,54,67,68,114,117],
 [7,49,54,72,79,121,126], [7,49,54,73,78,120,127], [7,49,54,74,77,123,124],
 [7,49,54,75,76,122,125], [7,49,54,80,87,97,102], [7,49,54,81,86,96,103],
 [7,49,54,82,85,99,100], [7,49,54,83,84,98,101], [7,49,54,88,95,105,110],
 [7,49,54,89,94,104,111], [7,49,54,90,93,107,108], [7,49,54,91,92,106,109],
 [7,50,53,64,71,114,117], [7,50,53,65,70,115,116], [7,50,53,66,69,112,119],
 [7,50,53,67,68,113,118], [7,50,53,72,79,122,125], [7,50,53,73,78,123,124],
 [7,50,53,74,77,120,127], [7,50,53,75,76,121,126], [7,50,53,80,87,98,101],
 [7,50,53,81,86,99,100], [7,50,53,82,85,96,103], [7,50,53,83,84,97,102],
 [7,50,53,88,95,106,109], [7,50,53,89,94,107,108], [7,50,53,90,93,104,111],
 [7,50,53,91,92,105,110], [7,51,52,64,71,115,116], [7,51,52,65,70,114,117],
 [7,51,52,66,69,113,118], [7,51,52,67,68,112,119], [7,51,52,72,79,123,124],
 [7,51,52,73,78,122,125], [7,51,52,74,77,121,126], [7,51,52,75,76,120,127],
 [7,51,52,80,87,99,100], [7,51,52,81,86,98,101], [7,51,52,82,85,97,102],
 [7,51,52,83,84,96,103], [7,51,52,88,95,107,108], [7,51,52,89,94,106,109],
 [7,51,52,90,93,105,110], [7,51,52,91,92,104,111], [7,56,63,64,71,120,127],
 [7,56,63,65,70,121,126], [7,56,63,66,69,122,125], [7,56,63,67,68,123,124],
 [7,56,63,72,79,112,119], [7,56,63,73,78,113,118], [7,56,63,74,77,114,117],
 [7,56,63,75,76,115,116], [7,56,63,80,87,104,111], [7,56,63,81,86,105,110],
 [7,56,63,82,85,106,109], [7,56,63,83,84,107,108], [7,56,63,88,95,96,103],
 [7,56,63,89,94,97,102], [7,56,63,90,93,98,101], [7,56,63,91,92,99,100],
 [7,57,62,64,71,121,126], [7,57,62,65,70,120,127], [7,57,62,66,69,123,124],
 [7,57,62,67,68,122,125], [7,57,62,72,79,113,118], [7,57,62,73,78,112,119],
 [7,57,62,74,77,115,116], [7,57,62,75,76,114,117], [7,57,62,80,87,105,110],
 [7,57,62,81,86,104,111], [7,57,62,82,85,107,108], [7,57,62,83,84,106,109],
 [7,57,62,88,95,97,102], [7,57,62,89,94,96,103], [7,57,62,90,93,99,100],
 [7,57,62,91,92,98,101], [7,58,61,64,71,122,125], [7,58,61,65,70,123,124],
 [7,58,61,66,69,120,127], [7,58,61,67,68,121,126], [7,58,61,72,79,114,117],
 [7,58,61,73,78,115,116], [7,58,61,74,77,112,119], [7,58,61,75,76,113,118],
 [7,58,61,80,87,106,109], [7,58,61,81,86,107,108], [7,58,61,82,85,104,111],
 [7,58,61,83,84,105,110], [7,58,61,88,95,98,101], [7,58,61,89,94,99,100],
 [7,58,61,90,93,96,103], [7,58,61,91,92,97,102], [7,59,60,64,71,123,124],
 [7,59,60,65,70,122,125], [7,59,60,66,69,121,126], [7,59,60,67,68,120,127],
 [7,59,60,72,79,115,116], [7,59,60,73,78,114,117], [7,59,60,74,77,113,118],
 [7,59,60,75,76,112,119], [7,59,60,80,87,107,108], [7,59,60,81,86,106,109],
 [7,59,60,82,85,105,110], [7,59,60,83,84,104,111], [7,59,60,88,95,99,100],
 [7,59,60,89,94,98,101], [7,59,60,90,93,97,102], [7,59,60,91,92,96,103],
 [8,16,24,32,40,48,56], [8,16,24,33,41,49,57], [8,16,24,34,42,50,58],
 [8,16,24,35,43,51,59], [8,16,24,36,44,52,60], [8,16,24,37,45,53,61],
 [8,16,24,38,46,54,62], [8,16,24,39,47,55,63], [8,16,24,64,72,80,88],
 [8,16,24,65,73,81,89], [8,16,24,66,74,82,90], [8,16,24,67,75,83,91],
 [8,16,24,68,76,84,92], [8,16,24,69,77,85,93], [8,16,24,70,78,86,94],
 [8,16,24,71,79,87,95], [8,16,24,96,104,112,120], [8,16,24,97,105,113,121],
 [8,16,24,98,106,114,122], [8,16,24,99,107,115,123], [8,16,24,100,108,116,124],
 [8,16,24,101,109,117,125], [8,16,24,102,110,118,126], [8,16,24,103,111,119,127],
 [8,17,25,32,40,49,57], [8,17,25,33,41,48,56], [8,17,25,34,42,51,59],
 [8,17,25,35,43,50,58], [8,17,25,36,44,53,61], [8,17,25,37,45,52,60],
 [8,17,25,38,46,55,63], [8,17,25,39,47,54,62], [8,17,25,64,72,81,89],
 [8,17,25,65,73,80,88], [8,17,25,66,74,83,91], [8,17,25,67,75,82,90],
 [8,17,25,68,76,85,93], [8,17,25,69,77,84,92], [8,17,25,70,78,87,95],
 [8,17,25,71,79,86,94], [8,17,25,96,104,113,121], [8,17,25,97,105,112,120],
 [8,17,25,98,106,115,123], [8,17,25,99,107,114,122], [8,17,25,100,108,117,125],
 [8,17,25,101,109,116,124], [8,17,25,102,110,119,127], [8,17,25,103,111,118,126],
 [8,18,26,32,40,50,58], [8,18,26,33,41,51,59], [8,18,26,34,42,48,56],
 [8,18,26,35,43,49,57], [8,18,26,36,44,54,62], [8,18,26,37,45,55,63],
 [8,18,26,38,46,52,60], [8,18,26,39,47,53,61], [8,18,26,64,72,82,90],
 [8,18,26,65,73,83,91], [8,18,26,66,74,80,88], [8,18,26,67,75,81,89],
 [8,18,26,68,76,86,94], [8,18,26,69,77,87,95], [8,18,26,70,78,84,92],
 [8,18,26,71,79,85,93], [8,18,26,96,104,114,122], [8,18,26,97,105,115,123],
 [8,18,26,98,106,112,120], [8,18,26,99,107,113,121], [8,18,26,100,108,118,126],
 [8,18,26,101,109,119,127], [8,18,26,102,110,116,124], [8,18,26,103,111,117,125],
 [8,19,27,32,40,51,59], [8,19,27,33,41,50,58], [8,19,27,34,42,49,57],
 [8,19,27,35,43,48,56], [8,19,27,36,44,55,63], [8,19,27,37,45,54,62],
 [8,19,27,38,46,53,61], [8,19,27,39,47,52,60], [8,19,27,64,72,83,91],
 [8,19,27,65,73,82,90], [8,19,27,66,74,81,89], [8,19,27,67,75,80,88],
 [8,19,27,68,76,87,95], [8,19,27,69,77,86,94], [8,19,27,70,78,85,93],
 [8,19,27,71,79,84,92], [8,19,27,96,104,115,123], [8,19,27,97,105,114,122],
 [8,19,27,98,106,113,121], [8,19,27,99,107,112,120], [8,19,27,100,108,119,127],
 [8,19,27,101,109,118,126], [8,19,27,102,110,117,125], [8,19,27,103,111,116,124],
 [8,20,28,32,40,52,60], [8,20,28,33,41,53,61], [8,20,28,34,42,54,62],
 [8,20,28,35,43,55,63], [8,20,28,36,44,48,56], [8,20,28,37,45,49,57],
 [8,20,28,38,46,50,58], [8,20,28,39,47,51,59], [8,20,28,64,72,84,92],
 [8,20,28,65,73,85,93], [8,20,28,66,74,86,94], [8,20,28,67,75,87,95],
 [8,20,28,68,76,80,88], [8,20,28,69,77,81,89], [8,20,28,70,78,82,90],
 [8,20,28,71,79,83,91], [8,20,28,96,104,116,124], [8,20,28,97,105,117,125],
 [8,20,28,98,106,118,126], [8,20,28,99,107,119,127], [8,20,28,100,108,112,120],
 [8,20,28,101,109,113,121], [8,20,28,102,110,114,122], [8,20,28,103,111,115,123],
 [8,21,29,32,40,53,61], [8,21,29,33,41,52,60], [8,21,29,34,42,55,63],
 [8,21,29,35,43,54,62], [8,21,29,36,44,49,57], [8,21,29,37,45,48,56],
 [8,21,29,38,46,51,59], [8,21,29,39,47,50,58], [8,21,29,64,72,85,93],
 [8,21,29,65,73,84,92], [8,21,29,66,74,87,95], [8,21,29,67,75,86,94],
 [8,21,29,68,76,81,89], [8,21,29,69,77,80,88], [8,21,29,70,78,83,91],
 [8,21,29,71,79,82,90], [8,21,29,96,104,117,125], [8,21,29,97,105,116,124],
 [8,21,29,98,106,119,127], [8,21,29,99,107,118,126], [8,21,29,100,108,113,121],
 [8,21,29,101,109,112,120], [8,21,29,102,110,115,123], [8,21,29,103,111,114,122],
 [8,22,30,32,40,54,62], [8,22,30,33,41,55,63], [8,22,30,34,42,52,60],
 [8,22,30,35,43,53,61], [8,22,30,36,44,50,58], [8,22,30,37,45,51,59],
 [8,22,30,38,46,48,56], [8,22,30,39,47,49,57], [8,22,30,64,72,86,94],
 [8,22,30,65,73,87,95], [8,22,30,66,74,84,92], [8,22,30,67,75,85,93],
 [8,22,30,68,76,82,90], [8,22,30,69,77,83,91], [8,22,30,70,78,80,88],
 [8,22,30,71,79,81,89], [8,22,30,96,104,118,126], [8,22,30,97,105,119,127],
 [8,22,30,98,106,116,124], [8,22,30,99,107,117,125], [8,22,30,100,108,114,122],
 [8,22,30,101,109,115,123], [8,22,30,102,110,112,120], [8,22,30,103,111,113,121],
 [8,23,31,32,40,55,63], [8,23,31,33,41,54,62], [8,23,31,34,42,53,61],
 [8,23,31,35,43,52,60], [8,23,31,36,44,51,59], [8,23,31,37,45,50,58],
 [8,23,31,38,46,49,57], [8,23,31,39,47,48,56], [8,23,31,64,72,87,95],
 [8,23,31,65,73,86,94], [8,23,31,66,74,85,93], [8,23,31,67,75,84,92],
 [8,23,31,68,76,83,91], [8,23,31,69,77,82,90], [8,23,31,70,78,81,89],
 [8,23,31,71,79,80,88], [8,23,31,96,104,119,127], [8,23,31,97,105,118,126],
 [8,23,31,98,106,117,125], [8,23,31,99,107,116,124], [8,23,31,100,108,115,123],
 [8,23,31,101,109,114,122], [8,23,31,102,110,113,121], [8,23,31,103,111,112,120],
 [8,32,40,64,72,96,104], [8,32,40,65,73,97,105], [8,32,40,66,74,98,106],
 [8,32,40,67,75,99,107], [8,32,40,68,76,100,108], [8,32,40,69,77,101,109],
 [8,32,40,70,78,102,110], [8,32,40,71,79,103,111], [8,32,40,80,88,112,120],
 [8,32,40,81,89,113,121], [8,32,40,82,90,114,122], [8,32,40,83,91,115,123],
 [8,32,40,84,92,116,124], [8,32,40,85,93,117,125], [8,32,40,86,94,118,126],
 [8,32,40,87,95,119,127], [8,33,41,64,72,97,105], [8,33,41,65,73,96,104],
 [8,33,41,66,74,99,107], [8,33,41,67,75,98,106], [8,33,41,68,76,101,109],
 [8,33,41,69,77,100,108], [8,33,41,70,78,103,111], [8,33,41,71,79,102,110],
 [8,33,41,80,88,113,121], [8,33,41,81,89,112,120], [8,33,41,82,90,115,123],
 [8,33,41,83,91,114,122], [8,33,41,84,92,117,125], [8,33,41,85,93,116,124],
 [8,33,41,86,94,119,127], [8,33,41,87,95,118,126], [8,34,42,64,72,98,106],
 [8,34,42,65,73,99,107], [8,34,42,66,74,96,104], [8,34,42,67,75,97,105],
 [8,34,42,68,76,102,110], [8,34,42,69,77,103,111], [8,34,42,70,78,100,108],
 [8,34,42,71,79,101,109], [8,34,42,80,88,114,122], [8,34,42,81,89,115,123],
 [8,34,42,82,90,112,120], [8,34,42,83,91,113,121], [8,34,42,84,92,118,126],
 [8,34,42,85,93,119,127], [8,34,42,86,94,116,124], [8,34,42,87,95,117,125],
 [8,35,43,64,72,99,107], [8,35,43,65,73,98,106], [8,35,43,66,74,97,105],
 [8,35,43,67,75,96,104], [8,35,43,68,76,103,111], [8,35,43,69,77,102,110],
 [8,35,43,70,78,101,109], [8,35,43,71,79,100,108], [8,35,43,80,88,115,123],
 [8,35,43,81,89,114,122], [8,35,43,82,90,113,121], [8,35,43,83,91,112,120],
 [8,35,43,84,92,119,127], [8,35,43,85,93,118,126], [8,35,43,86,94,117,125],
 [8,35,43,87,95,116,124], [8,36,44,64,72,100,108], [8,36,44,65,73,101,109],
 [8,36,44,66,74,102,110], [8,36,44,67,75,103,111], [8,36,44,68,76,96,104],
 [8,36,44,69,77,97,105], [8,36,44,70,78,98,106], [8,36,44,71,79,99,107],
 [8,36,44,80,88,116,124], [8,36,44,81,89,117,125], [8,36,44,82,90,118,126],
 [8,36,44,83,91,119,127], [8,36,44,84,92,112,120], [8,36,44,85,93,113,121],
 [8,36,44,86,94,114,122], [8,36,44,87,95,115,123], [8,37,45,64,72,101,109],
 [8,37,45,65,73,100,108], [8,37,45,66,74,103,111], [8,37,45,67,75,102,110],
 [8,37,45,68,76,97,105], [8,37,45,69,77,96,104], [8,37,45,70,78,99,107],
 [8,37,45,71,79,98,106], [8,37,45,80,88,117,125], [8,37,45,81,89,116,124],
 [8,37,45,82,90,119,127], [8,37,45,83,91,118,126], [8,37,45,84,92,113,121],
 [8,37,45,85,93,112,120], [8,37,45,86,94,115,123], [8,37,45,87,95,114,122],
 [8,38,46,64,72,102,110], [8,38,46,65,73,103,111], [8,38,46,66,74,100,108],
 [8,38,46,67,75,101,109], [8,38,46,68,76,98,106], [8,38,46,69,77,99,107],
 [8,38,46,70,78,96,104], [8,38,46,71,79,97,105], [8,38,46,80,88,118,126],
 [8,38,46,81,89,119,127], [8,38,46,82,90,116,124], [8,38,46,83,91,117,125],
 [8,38,46,84,92,114,122], [8,38,46,85,93,115,123], [8,38,46,86,94,112,120],
 [8,38,46,87,95,113,121], [8,39,47,64,72,103,111], [8,39,47,65,73,102,110],
 [8,39,47,66,74,101,109], [8,39,47,67,75,100,108], [8,39,47,68,76,99,107],
 [8,39,47,69,77,98,106], [8,39,47,70,78,97,105], [8,39,47,71,79,96,104],
 [8,39,47,80,88,119,127], [8,39,47,81,89,118,126], [8,39,47,82,90,117,125],
 [8,39,47,83,91,116,124], [8,39,47,84,92,115,123], [8,39,47,85,93,114,122],
 [8,39,47,86,94,113,121], [8,39,47,87,95,112,120], [8,48,56,64,72,112,120],
 [8,48,56,65,73,113,121], [8,48,56,66,74,114,122], [8,48,56,67,75,115,123],
 [8,48,56,68,76,116,124], [8,48,56,69,77,117,125], [8,48,56,70,78,118,126],
 [8,48,56,71,79,119,127], [8,48,56,80,88,96,104], [8,48,56,81,89,97,105],
 [8,48,56,82,90,98,106], [8,48,56,83,91,99,107], [8,48,56,84,92,100,108],
 [8,48,56,85,93,101,109], [8,48,56,86,94,102,110], [8,48,56,87,95,103,111],
 [8,49,57,64,72,113,121], [8,49,57,65,73,112,120], [8,49,57,66,74,115,123],
 [8,49,57,67,75,114,122], [8,49,57,68,76,117,125], [8,49,57,69,77,116,124],
 [8,49,57,70,78,119,127], [8,49,57,71,79,118,126], [8,49,57,80,88,97,105],
 [8,49,57,81,89,96,104], [8,49,57,82,90,99,107], [8,49,57,83,91,98,106],
 [8,49,57,84,92,101,109], [8,49,57,85,93,100,108], [8,49,57,86,94,103,111],
 [8,49,57,87,95,102,110], [8,50,58,64,72,114,122], [8,50,58,65,73,115,123],
 [8,50,58,66,74,112,120], [8,50,58,67,75,113,121], [8,50,58,68,76,118,126],
 [8,50,58,69,77,119,127], [8,50,58,70,78,116,124], [8,50,58,71,79,117,125],
 [8,50,58,80,88,98,106], [8,50,58,81,89,99,107], [8,50,58,82,90,96,104],
 [8,50,58,83,91,97,105], [8,50,58,84,92,102,110], [8,50,58,85,93,103,111],
 [8,50,58,86,94,100,108], [8,50,58,87,95,101,109], [8,51,59,64,72,115,123],
 [8,51,59,65,73,114,122], [8,51,59,66,74,113,121], [8,51,59,67,75,112,120],
 [8,51,59,68,76,119,127], [8,51,59,69,77,118,126], [8,51,59,70,78,117,125],
 [8,51,59,71,79,116,124], [8,51,59,80,88,99,107], [8,51,59,81,89,98,106],
 [8,51,59,82,90,97,105], [8,51,59,83,91,96,104], [8,51,59,84,92,103,111],
 [8,51,59,85,93,102,110], [8,51,59,86,94,101,109], [8,51,59,87,95,100,108],
 [8,52,60,64,72,116,124], [8,52,60,65,73,117,125], [8,52,60,66,74,118,126],
 [8,52,60,67,75,119,127], [8,52,60,68,76,112,120], [8,52,60,69,77,113,121],
 [8,52,60,70,78,114,122], [8,52,60,71,79,115,123], [8,52,60,80,88,100,108],
 [8,52,60,81,89,101,109], [8,52,60,82,90,102,110], [8,52,60,83,91,103,111],
 [8,52,60,84,92,96,104], [8,52,60,85,93,97,105], [8,52,60,86,94,98,106],
 [8,52,60,87,95,99,107], [8,53,61,64,72,117,125], [8,53,61,65,73,116,124],
 [8,53,61,66,74,119,127], [8,53,61,67,75,118,126], [8,53,61,68,76,113,121],
 [8,53,61,69,77,112,120], [8,53,61,70,78,115,123], [8,53,61,71,79,114,122],
 [8,53,61,80,88,101,109], [8,53,61,81,89,100,108], [8,53,61,82,90,103,111],
 [8,53,61,83,91,102,110], [8,53,61,84,92,97,105], [8,53,61,85,93,96,104],
 [8,53,61,86,94,99,107], [8,53,61,87,95,98,106], [8,54,62,64,72,118,126],
 [8,54,62,65,73,119,127], [8,54,62,66,74,116,124], [8,54,62,67,75,117,125],
 [8,54,62,68,76,114,122], [8,54,62,69,77,115,123], [8,54,62,70,78,112,120],
 [8,54,62,71,79,113,121], [8,54,62,80,88,102,110], [8,54,62,81,89,103,111],
 [8,54,62,82,90,100,108], [8,54,62,83,91,101,109], [8,54,62,84,92,98,106],
 [8,54,62,85,93,99,107], [8,54,62,86,94,96,104], [8,54,62,87,95,97,105],
 [8,55,63,64,72,119,127], [8,55,63,65,73,118,126], [8,55,63,66,74,117,125],
 [8,55,63,67,75,116,124], [8,55,63,68,76,115,123], [8,55,63,69,77,114,122],
 [8,55,63,70,78,113,121], [8,55,63,71,79,112,120], [8,55,63,80,88,103,111],
 [8,55,63,81,89,102,110], [8,55,63,82,90,101,109], [8,55,63,83,91,100,108],
 [8,55,63,84,92,99,107], [8,55,63,85,93,98,106], [8,55,63,86,94,97,105],
 [8,55,63,87,95,96,104], [9,16,25,32,41,48,57], [9,16,25,33,40,49,56],
 [9,16,25,34,43,50,59], [9,16,25,35,42,51,58], [9,16,25,36,45,52,61],
 [9,16,25,37,44,53,60], [9,16,25,38,47,54,63], [9,16,25,39,46,55,62],
 [9,16,25,64,73,80,89], [9,16,25,65,72,81,88], [9,16,25,66,75,82,91],
 [9,16,25,67,74,83,90], [9,16,25,68,77,84,93], [9,16,25,69,76,85,92],
 [9,16,25,70,79,86,95], [9,16,25,71,78,87,94], [9,16,25,96,105,112,121],
 [9,16,25,97,104,113,120], [9,16,25,98,107,114,123], [9,16,25,99,106,115,122],
 [9,16,25,100,109,116,125], [9,16,25,101,108,117,124], [9,16,25,102,111,118,127],
 [9,16,25,103,110,119,126], [9,17,24,32,41,49,56], [9,17,24,33,40,48,57],
 [9,17,24,34,43,51,58], [9,17,24,35,42,50,59], [9,17,24,36,45,53,60],
 [9,17,24,37,44,52,61], [9,17,24,38,47,55,62], [9,17,24,39,46,54,63],
 [9,17,24,64,73,81,88], [9,17,24,65,72,80,89], [9,17,24,66,75,83,90],
 [9,17,24,67,74,82,91], [9,17,24,68,77,85,92], [9,17,24,69,76,84,93],
 [9,17,24,70,79,87,94], [9,17,24,71,78,86,95], [9,17,24,96,105,113,120],
 [9,17,24,97,104,112,121], [9,17,24,98,107,115,122], [9,17,24,99,106,114,123],
 [9,17,24,100,109,117,124], [9,17,24,101,108,116,125], [9,17,24,102,111,119,126],
 [9,17,24,103,110,118,127], [9,18,27,32,41,50,59], [9,18,27,33,40,51,58],
 [9,18,27,34,43,48,57], [9,18,27,35,42,49,56], [9,18,27,36,45,54,63],
 [9,18,27,37,44,55,62], [9,18,27,38,47,52,61], [9,18,27,39,46,53,60],
 [9,18,27,64,73,82,91], [9,18,27,65,72,83,90], [9,18,27,66,75,80,89],
 [9,18,27,67,74,81,88], [9,18,27,68,77,86,95], [9,18,27,69,76,87,94],
 [9,18,27,70,79,84,93], [9,18,27,71,78,85,92], [9,18,27,96,105,114,123],
 [9,18,27,97,104,115,122], [9,18,27,98,107,112,121], [9,18,27,99,106,113,120],
 [9,18,27,100,109,118,127], [9,18,27,101,108,119,126], [9,18,27,102,111,116,125],
 [9,18,27,103,110,117,124], [9,19,26,32,41,51,58], [9,19,26,33,40,50,59],
 [9,19,26,34,43,49,56], [9,19,26,35,42,48,57], [9,19,26,36,45,55,62],
 [9,19,26,37,44,54,63], [9,19,26,38,47,53,60], [9,19,26,39,46,52,61],
 [9,19,26,64,73,83,90], [9,19,26,65,72,82,91], [9,19,26,66,75,81,88],
 [9,19,26,67,74,80,89], [9,19,26,68,77,87,94], [9,19,26,69,76,86,95],
 [9,19,26,70,79,85,92], [9,19,26,71,78,84,93], [9,19,26,96,105,115,122],
 [9,19,26,97,104,114,123], [9,19,26,98,107,113,120], [9,19,26,99,106,112,121],
 [9,19,26,100,109,119,126], [9,19,26,101,108,118,127], [9,19,26,102,111,117,124],
 [9,19,26,103,110,116,125], [9,20,29,32,41,52,61], [9,20,29,33,40,53,60],
 [9,20,29,34,43,54,63], [9,20,29,35,42,55,62], [9,20,29,36,45,48,57],
 [9,20,29,37,44,49,56], [9,20,29,38,47,50,59], [9,20,29,39,46,51,58],
 [9,20,29,64,73,84,93], [9,20,29,65,72,85,92], [9,20,29,66,75,86,95],
 [9,20,29,67,74,87,94], [9,20,29,68,77,80,89], [9,20,29,69,76,81,88],
 [9,20,29,70,79,82,91], [9,20,29,71,78,83,90], [9,20,29,96,105,116,125],
 [9,20,29,97,104,117,124], [9,20,29,98,107,118,127], [9,20,29,99,106,119,126],
 [9,20,29,100,109,112,121], [9,20,29,101,108,113,120], [9,20,29,102,111,114,123],
 [9,20,29,103,110,115,122], [9,21,28,32,41,53,60], [9,21,28,33,40,52,61],
 [9,21,28,34,43,55,62], [9,21,28,35,42,54,63], [9,21,28,36,45,49,56],
 [9,21,28,37,44,48,57], [9,21,28,38,47,51,58], [9,21,28,39,46,50,59],
 [9,21,28,64,73,85,92], [9,21,28,65,72,84,93], [9,21,28,66,75,87,94],
 [9,21,28,67,74,86,95], [9,21,28,68,77,81,88], [9,21,28,69,76,80,89],
 [9,21,28,70,79,83,90], [9,21,28,71,78,82,91], [9,21,28,96,105,117,124],
 [9,21,28,97,104,116,125], [9,21,28,98,107,119,126], [9,21,28,99,106,118,127],
 [9,21,28,100,109,113,120], [9,21,28,101,108,112,121], [9,21,28,102,111,115,122],
 [9,21,28,103,110,114,123], [9,22,31,32,41,54,63], [9,22,31,33,40,55,62],
 [9,22,31,34,43,52,61], [9,22,31,35,42,53,60], [9,22,31,36,45,50,59],
 [9,22,31,37,44,51,58], [9,22,31,38,47,48,57], [9,22,31,39,46,49,56],
 [9,22,31,64,73,86,95], [9,22,31,65,72,87,94], [9,22,31,66,75,84,93],
 [9,22,31,67,74,85,92], [9,22,31,68,77,82,91], [9,22,31,69,76,83,90],
 [9,22,31,70,79,80,89], [9,22,31,71,78,81,88], [9,22,31,96,105,118,127],
 [9,22,31,97,104,119,126], [9,22,31,98,107,116,125], [9,22,31,99,106,117,124],
 [9,22,31,100,109,114,123], [9,22,31,101,108,115,122], [9,22,31,102,111,112,121],
 [9,22,31,103,110,113,120], [9,23,30,32,41,55,62], [9,23,30,33,40,54,63],
 [9,23,30,34,43,53,60], [9,23,30,35,42,52,61], [9,23,30,36,45,51,58],
 [9,23,30,37,44,50,59], [9,23,30,38,47,49,56], [9,23,30,39,46,48,57],
 [9,23,30,64,73,87,94], [9,23,30,65,72,86,95], [9,23,30,66,75,85,92],
 [9,23,30,67,74,84,93], [9,23,30,68,77,83,90], [9,23,30,69,76,82,91],
 [9,23,30,70,79,81,88], [9,23,30,71,78,80,89], [9,23,30,96,105,119,126],
 [9,23,30,97,104,118,127], [9,23,30,98,107,117,124], [9,23,30,99,106,116,125],
 [9,23,30,100,109,115,122], [9,23,30,101,108,114,123], [9,23,30,102,111,113,120],
 [9,23,30,103,110,112,121], [9,32,41,64,73,96,105], [9,32,41,65,72,97,104],
 [9,32,41,66,75,98,107], [9,32,41,67,74,99,106], [9,32,41,68,77,100,109],
 [9,32,41,69,76,101,108], [9,32,41,70,79,102,111], [9,32,41,71,78,103,110],
 [9,32,41,80,89,112,121], [9,32,41,81,88,113,120], [9,32,41,82,91,114,123],
 [9,32,41,83,90,115,122], [9,32,41,84,93,116,125], [9,32,41,85,92,117,124],
 [9,32,41,86,95,118,127], [9,32,41,87,94,119,126], [9,33,40,64,73,97,104],
 [9,33,40,65,72,96,105], [9,33,40,66,75,99,106], [9,33,40,67,74,98,107],
 [9,33,40,68,77,101,108], [9,33,40,69,76,100,109], [9,33,40,70,79,103,110],
 [9,33,40,71,78,102,111], [9,33,40,80,89,113,120], [9,33,40,81,88,112,121],
 [9,33,40,82,91,115,122], [9,33,40,83,90,114,123], [9,33,40,84,93,117,124],
 [9,33,40,85,92,116,125], [9,33,40,86,95,119,126], [9,33,40,87,94,118,127],
 [9,34,43,64,73,98,107], [9,34,43,65,72,99,106], [9,34,43,66,75,96,105],
 [9,34,43,67,74,97,104], [9,34,43,68,77,102,111], [9,34,43,69,76,103,110],
 [9,34,43,70,79,100,109], [9,34,43,71,78,101,108], [9,34,43,80,89,114,123],
 [9,34,43,81,88,115,122], [9,34,43,82,91,112,121], [9,34,43,83,90,113,120],
 [9,34,43,84,93,118,127], [9,34,43,85,92,119,126], [9,34,43,86,95,116,125],
 [9,34,43,87,94,117,124], [9,35,42,64,73,99,106], [9,35,42,65,72,98,107],
 [9,35,42,66,75,97,104], [9,35,42,67,74,96,105], [9,35,42,68,77,103,110],
 [9,35,42,69,76,102,111], [9,35,42,70,79,101,108], [9,35,42,71,78,100,109],
 [9,35,42,80,89,115,122], [9,35,42,81,88,114,123], [9,35,42,82,91,113,120],
 [9,35,42,83,90,112,121], [9,35,42,84,93,119,126], [9,35,42,85,92,118,127],
 [9,35,42,86,95,117,124], [9,35,42,87,94,116,125], [9,36,45,64,73,100,109],
 [9,36,45,65,72,101,108], [9,36,45,66,75,102,111], [9,36,45,67,74,103,110],
 [9,36,45,68,77,96,105], [9,36,45,69,76,97,104], [9,36,45,70,79,98,107],
 [9,36,45,71,78,99,106], [9,36,45,80,89,116,125], [9,36,45,81,88,117,124],
 [9,36,45,82,91,118,127], [9,36,45,83,90,119,126], [9,36,45,84,93,112,121],
 [9,36,45,85,92,113,120], [9,36,45,86,95,114,123], [9,36,45,87,94,115,122],
 [9,37,44,64,73,101,108], [9,37,44,65,72,100,109], [9,37,44,66,75,103,110],
 [9,37,44,67,74,102,111], [9,37,44,68,77,97,104], [9,37,44,69,76,96,105],
 [9,37,44,70,79,99,106], [9,37,44,71,78,98,107], [9,37,44,80,89,117,124],
 [9,37,44,81,88,116,125], [9,37,44,82,91,119,126], [9,37,44,83,90,118,127],
 [9,37,44,84,93,113,120], [9,37,44,85,92,112,121], [9,37,44,86,95,115,122],
 [9,37,44,87,94,114,123], [9,38,47,64,73,102,111], [9,38,47,65,72,103,110],
 [9,38,47,66,75,100,109], [9,38,47,67,74,101,108], [9,38,47,68,77,98,107],
 [9,38,47,69,76,99,106], [9,38,47,70,79,96,105], [9,38,47,71,78,97,104],
 [9,38,47,80,89,118,127], [9,38,47,81,88,119,126], [9,38,47,82,91,116,125],
 [9,38,47,83,90,117,124], [9,38,47,84,93,114,123], [9,38,47,85,92,115,122],
 [9,38,47,86,95,112,121], [9,38,47,87,94,113,120], [9,39,46,64,73,103,110],
 [9,39,46,65,72,102,111], [9,39,46,66,75,101,108], [9,39,46,67,74,100,109],
 [9,39,46,68,77,99,106], [9,39,46,69,76,98,107], [9,39,46,70,79,97,104],
 [9,39,46,71,78,96,105], [9,39,46,80,89,119,126], [9,39,46,81,88,118,127],
 [9,39,46,82,91,117,124], [9,39,46,83,90,116,125], [9,39,46,84,93,115,122],
 [9,39,46,85,92,114,123], [9,39,46,86,95,113,120], [9,39,46,87,94,112,121],
 [9,48,57,64,73,112,121], [9,48,57,65,72,113,120], [9,48,57,66,75,114,123],
 [9,48,57,67,74,115,122], [9,48,57,68,77,116,125], [9,48,57,69,76,117,124],
 [9,48,57,70,79,118,127], [9,48,57,71,78,119,126], [9,48,57,80,89,96,105],
 [9,48,57,81,88,97,104], [9,48,57,82,91,98,107], [9,48,57,83,90,99,106],
 [9,48,57,84,93,100,109], [9,48,57,85,92,101,108], [9,48,57,86,95,102,111],
 [9,48,57,87,94,103,110], [9,49,56,64,73,113,120], [9,49,56,65,72,112,121],
 [9,49,56,66,75,115,122], [9,49,56,67,74,114,123], [9,49,56,68,77,117,124],
 [9,49,56,69,76,116,125], [9,49,56,70,79,119,126], [9,49,56,71,78,118,127],
 [9,49,56,80,89,97,104], [9,49,56,81,88,96,105], [9,49,56,82,91,99,106],
 [9,49,56,83,90,98,107], [9,49,56,84,93,101,108], [9,49,56,85,92,100,109],
 [9,49,56,86,95,103,110], [9,49,56,87,94,102,111], [9,50,59,64,73,114,123],
 [9,50,59,65,72,115,122], [9,50,59,66,75,112,121], [9,50,59,67,74,113,120],
 [9,50,59,68,77,118,127], [9,50,59,69,76,119,126], [9,50,59,70,79,116,125],
 [9,50,59,71,78,117,124], [9,50,59,80,89,98,107], [9,50,59,81,88,99,106],
 [9,50,59,82,91,96,105], [9,50,59,83,90,97,104], [9,50,59,84,93,102,111],
 [9,50,59,85,92,103,110], [9,50,59,86,95,100,109], [9,50,59,87,94,101,108],
 [9,51,58,64,73,115,122], [9,51,58,65,72,114,123], [9,51,58,66,75,113,120],
 [9,51,58,67,74,112,121], [9,51,58,68,77,119,126], [9,51,58,69,76,118,127],
 [9,51,58,70,79,117,124], [9,51,58,71,78,116,125], [9,51,58,80,89,99,106],
 [9,51,58,81,88,98,107], [9,51,58,82,91,97,104], [9,51,58,83,90,96,105],
 [9,51,58,84,93,103,110], [9,51,58,85,92,102,111], [9,51,58,86,95,101,108],
 [9,51,58,87,94,100,109], [9,52,61,64,73,116,125], [9,52,61,65,72,117,124],
 [9,52,61,66,75,118,127], [9,52,61,67,74,119,126], [9,52,61,68,77,112,121],
 [9,52,61,69,76,113,120], [9,52,61,70,79,114,123], [9,52,61,71,78,115,122],
 [9,52,61,80,89,100,109], [9,52,61,81,88,101,108], [9,52,61,82,91,102,111],
 [9,52,61,83,90,103,110], [9,52,61,84,93,96,105], [9,52,61,85,92,97,104],
 [9,52,61,86,95,98,107], [9,52,61,87,94,99,106], [9,53,60,64,73,117,124],
 [9,53,60,65,72,116,125], [9,53,60,66,75,119,126], [9,53,60,67,74,118,127],
 [9,53,60,68,77,113,120], [9,53,60,69,76,112,121], [9,53,60,70,79,115,122],
 [9,53,60,71,78,114,123], [9,53,60,80,89,101,108], [9,53,60,81,88,100,109],
 [9,53,60,82,91,103,110], [9,53,60,83,90,102,111], [9,53,60,84,93,97,104],
 [9,53,60,85,92,96,105], [9,53,60,86,95,99,106], [9,53,60,87,94,98,107],
 [9,54,63,64,73,118,127], [9,54,63,65,72,119,126], [9,54,63,66,75,116,125],
 [9,54,63,67,74,117,124], [9,54,63,68,77,114,123], [9,54,63,69,76,115,122],
 [9,54,63,70,79,112,121], [9,54,63,71,78,113,120], [9,54,63,80,89,102,111],
 [9,54,63,81,88,103,110], [9,54,63,82,91,100,109], [9,54,63,83,90,101,108],
 [9,54,63,84,93,98,107], [9,54,63,85,92,99,106], [9,54,63,86,95,96,105],
 [9,54,63,87,94,97,104], [9,55,62,64,73,119,126], [9,55,62,65,72,118,127],
 [9,55,62,66,75,117,124], [9,55,62,67,74,116,125], [9,55,62,68,77,115,122],
 [9,55,62,69,76,114,123], [9,55,62,70,79,113,120], [9,55,62,71,78,112,121],
 [9,55,62,80,89,103,110], [9,55,62,81,88,102,111], [9,55,62,82,91,101,108],
 [9,55,62,83,90,100,109], [9,55,62,84,93,99,106], [9,55,62,85,92,98,107],
 [9,55,62,86,95,97,104], [9,55,62,87,94,96,105], [10,16,26,32,42,48,58],
 [10,16,26,33,43,49,59], [10,16,26,34,40,50,56], [10,16,26,35,41,51,57],
 [10,16,26,36,46,52,62], [10,16,26,37,47,53,63], [10,16,26,38,44,54,60],
 [10,16,26,39,45,55,61], [10,16,26,64,74,80,90], [10,16,26,65,75,81,91],
 [10,16,26,66,72,82,88], [10,16,26,67,73,83,89], [10,16,26,68,78,84,94],
 [10,16,26,69,79,85,95], [10,16,26,70,76,86,92], [10,16,26,71,77,87,93],
 [10,16,26,96,106,112,122], [10,16,26,97,107,113,123], [10,16,26,98,104,114,120],
 [10,16,26,99,105,115,121], [10,16,26,100,110,116,126], [10,16,26,101,111,117,127],
 [10,16,26,102,108,118,124], [10,16,26,103,109,119,125], [10,17,27,32,42,49,59],
 [10,17,27,33,43,48,58], [10,17,27,34,40,51,57], [10,17,27,35,41,50,56],
 [10,17,27,36,46,53,63], [10,17,27,37,47,52,62], [10,17,27,38,44,55,61],
 [10,17,27,39,45,54,60], [10,17,27,64,74,81,91], [10,17,27,65,75,80,90],
 [10,17,27,66,72,83,89], [10,17,27,67,73,82,88], [10,17,27,68,78,85,95],
 [10,17,27,69,79,84,94], [10,17,27,70,76,87,93], [10,17,27,71,77,86,92],
 [10,17,27,96,106,113,123], [10,17,27,97,107,112,122], [10,17,27,98,104,115,121],
 [10,17,27,99,105,114,120], [10,17,27,100,110,117,127], [10,17,27,101,111,116,126],
 [10,17,27,102,108,119,125], [10,17,27,103,109,118,124], [10,18,24,32,42,50,56],
 [10,18,24,33,43,51,57], [10,18,24,34,40,48,58], [10,18,24,35,41,49,59],
 [10,18,24,36,46,54,60], [10,18,24,37,47,55,61], [10,18,24,38,44,52,62],
 [10,18,24,39,45,53,63], [10,18,24,64,74,82,88], [10,18,24,65,75,83,89],
 [10,18,24,66,72,80,90], [10,18,24,67,73,81,91], [10,18,24,68,78,86,92],
 [10,18,24,69,79,87,93], [10,18,24,70,76,84,94], [10,18,24,71,77,85,95],
 [10,18,24,96,106,114,120], [10,18,24,97,107,115,121], [10,18,24,98,104,112,122],
 [10,18,24,99,105,113,123], [10,18,24,100,110,118,124], [10,18,24,101,111,119,125],
 [10,18,24,102,108,116,126], [10,18,24,103,109,117,127], [10,19,25,32,42,51,57],
 [10,19,25,33,43,50,56], [10,19,25,34,40,49,59], [10,19,25,35,41,48,58],
 [10,19,25,36,46,55,61], [10,19,25,37,47,54,60], [10,19,25,38,44,53,63],
 [10,19,25,39,45,52,62], [10,19,25,64,74,83,89], [10,19,25,65,75,82,88],
 [10,19,25,66,72,81,91], [10,19,25,67,73,80,90], [10,19,25,68,78,87,93],
 [10,19,25,69,79,86,92], [10,19,25,70,76,85,95], [10,19,25,71,77,84,94],
 [10,19,25,96,106,115,121], [10,19,25,97,107,114,120], [10,19,25,98,104,113,123],
 [10,19,25,99,105,112,122], [10,19,25,100,110,119,125], [10,19,25,101,111,118,124],
 [10,19,25,102,108,117,127], [10,19,25,103,109,116,126], [10,20,30,32,42,52,62],
 [10,20,30,33,43,53,63], [10,20,30,34,40,54,60], [10,20,30,35,41,55,61],
 [10,20,30,36,46,48,58], [10,20,30,37,47,49,59], [10,20,30,38,44,50,56],
 [10,20,30,39,45,51,57], [10,20,30,64,74,84,94], [10,20,30,65,75,85,95],
 [10,20,30,66,72,86,92], [10,20,30,67,73,87,93], [10,20,30,68,78,80,90],
 [10,20,30,69,79,81,91], [10,20,30,70,76,82,88], [10,20,30,71,77,83,89],
 [10,20,30,96,106,116,126], [10,20,30,97,107,117,127], [10,20,30,98,104,118,124],
 [10,20,30,99,105,119,125], [10,20,30,100,110,112,122], [10,20,30,101,111,113,123],
 [10,20,30,102,108,114,120], [10,20,30,103,109,115,121], [10,21,31,32,42,53,63],
 [10,21,31,33,43,52,62], [10,21,31,34,40,55,61], [10,21,31,35,41,54,60],
 [10,21,31,36,46,49,59], [10,21,31,37,47,48,58], [10,21,31,38,44,51,57],
 [10,21,31,39,45,50,56], [10,21,31,64,74,85,95], [10,21,31,65,75,84,94],
 [10,21,31,66,72,87,93], [10,21,31,67,73,86,92], [10,21,31,68,78,81,91],
 [10,21,31,69,79,80,90], [10,21,31,70,76,83,89], [10,21,31,71,77,82,88],
 [10,21,31,96,106,117,127], [10,21,31,97,107,116,126], [10,21,31,98,104,119,125],
 [10,21,31,99,105,118,124], [10,21,31,100,110,113,123], [10,21,31,101,111,112,122],
 [10,21,31,102,108,115,121], [10,21,31,103,109,114,120], [10,22,28,32,42,54,60],
 [10,22,28,33,43,55,61], [10,22,28,34,40,52,62], [10,22,28,35,41,53,63],
 [10,22,28,36,46,50,56], [10,22,28,37,47,51,57], [10,22,28,38,44,48,58],
 [10,22,28,39,45,49,59], [10,22,28,64,74,86,92], [10,22,28,65,75,87,93],
 [10,22,28,66,72,84,94], [10,22,28,67,73,85,95], [10,22,28,68,78,82,88],
 [10,22,28,69,79,83,89], [10,22,28,70,76,80,90], [10,22,28,71,77,81,91],
 [10,22,28,96,106,118,124], [10,22,28,97,107,119,125], [10,22,28,98,104,116,126],
 [10,22,28,99,105,117,127], [10,22,28,100,110,114,120], [10,22,28,101,111,115,121],
 [10,22,28,102,108,112,122], [10,22,28,103,109,113,123], [10,23,29,32,42,55,61],
 [10,23,29,33,43,54,60], [10,23,29,34,40,53,63], [10,23,29,35,41,52,62],
 [10,23,29,36,46,51,57], [10,23,29,37,47,50,56], [10,23,29,38,44,49,59],
 [10,23,29,39,45,48,58], [10,23,29,64,74,87,93], [10,23,29,65,75,86,92],
 [10,23,29,66,72,85,95], [10,23,29,67,73,84,94], [10,23,29,68,78,83,89],
 [10,23,29,69,79,82,88], [10,23,29,70,76,81,91], [10,23,29,71,77,80,90],
 [10,23,29,96,106,119,125], [10,23,29,97,107,118,124], [10,23,29,98,104,117,127],
 [10,23,29,99,105,116,126], [10,23,29,100,110,115,121], [10,23,29,101,111,114,120],
 [10,23,29,102,108,113,123], [10,23,29,103,109,112,122], [10,32,42,64,74,96,106],
 [10,32,42,65,75,97,107], [10,32,42,66,72,98,104], [10,32,42,67,73,99,105],
 [10,32,42,68,78,100,110], [10,32,42,69,79,101,111], [10,32,42,70,76,102,108],
 [10,32,42,71,77,103,109], [10,32,42,80,90,112,122], [10,32,42,81,91,113,123],
 [10,32,42,82,88,114,120], [10,32,42,83,89,115,121], [10,32,42,84,94,116,126],
 [10,32,42,85,95,117,127], [10,32,42,86,92,118,124], [10,32,42,87,93,119,125],
 [10,33,43,64,74,97,107], [10,33,43,65,75,96,106], [10,33,43,66,72,99,105],
 [10,33,43,67,73,98,104], [10,33,43,68,78,101,111], [10,33,43,69,79,100,110],
 [10,33,43,70,76,103,109], [10,33,43,71,77,102,108], [10,33,43,80,90,113,123],
 [10,33,43,81,91,112,122], [10,33,43,82,88,115,121], [10,33,43,83,89,114,120],
 [10,33,43,84,94,117,127], [10,33,43,85,95,116,126], [10,33,43,86,92,119,125],
 [10,33,43,87,93,118,124], [10,34,40,64,74,98,104], [10,34,40,65,75,99,105],
 [10,34,40,66,72,96,106], [10,34,40,67,73,97,107], [10,34,40,68,78,102,108],
 [10,34,40,69,79,103,109], [10,34,40,70,76,100,110], [10,34,40,71,77,101,111],
 [10,34,40,80,90,114,120], [10,34,40,81,91,115,121], [10,34,40,82,88,112,122],
 [10,34,40,83,89,113,123], [10,34,40,84,94,118,124], [10,34,40,85,95,119,125],
 [10,34,40,86,92,116,126], [10,34,40,87,93,117,127], [10,35,41,64,74,99,105],
 [10,35,41,65,75,98,104], [10,35,41,66,72,97,107], [10,35,41,67,73,96,106],
 [10,35,41,68,78,103,109], [10,35,41,69,79,102,108], [10,35,41,70,76,101,111],
 [10,35,41,71,77,100,110], [10,35,41,80,90,115,121], [10,35,41,81,91,114,120],
 [10,35,41,82,88,113,123], [10,35,41,83,89,112,122], [10,35,41,84,94,119,125],
 [10,35,41,85,95,118,124], [10,35,41,86,92,117,127], [10,35,41,87,93,116,126],
 [10,36,46,64,74,100,110], [10,36,46,65,75,101,111], [10,36,46,66,72,102,108],
 [10,36,46,67,73,103,109], [10,36,46,68,78,96,106], [10,36,46,69,79,97,107],
 [10,36,46,70,76,98,104], [10,36,46,71,77,99,105], [10,36,46,80,90,116,126],
 [10,36,46,81,91,117,127], [10,36,46,82,88,118,124], [10,36,46,83,89,119,125],
 [10,36,46,84,94,112,122], [10,36,46,85,95,113,123], [10,36,46,86,92,114,120],
 [10,36,46,87,93,115,121], [10,37,47,64,74,101,111], [10,37,47,65,75,100,110],
 [10,37,47,66,72,103,109], [10,37,47,67,73,102,108], [10,37,47,68,78,97,107],
 [10,37,47,69,79,96,106], [10,37,47,70,76,99,105], [10,37,47,71,77,98,104],
 [10,37,47,80,90,117,127], [10,37,47,81,91,116,126], [10,37,47,82,88,119,125],
 [10,37,47,83,89,118,124], [10,37,47,84,94,113,123], [10,37,47,85,95,112,122],
 [10,37,47,86,92,115,121], [10,37,47,87,93,114,120], [10,38,44,64,74,102,108],
 [10,38,44,65,75,103,109], [10,38,44,66,72,100,110], [10,38,44,67,73,101,111],
 [10,38,44,68,78,98,104], [10,38,44,69,79,99,105], [10,38,44,70,76,96,106],
 [10,38,44,71,77,97,107], [10,38,44,80,90,118,124], [10,38,44,81,91,119,125],
 [10,38,44,82,88,116,126], [10,38,44,83,89,117,127], [10,38,44,84,94,114,120],
 [10,38,44,85,95,115,121], [10,38,44,86,92,112,122], [10,38,44,87,93,113,123],
 [10,39,45,64,74,103,109], [10,39,45,65,75,102,108], [10,39,45,66,72,101,111],
 [10,39,45,67,73,100,110], [10,39,45,68,78,99,105], [10,39,45,69,79,98,104],
 [10,39,45,70,76,97,107], [10,39,45,71,77,96,106], [10,39,45,80,90,119,125],
 [10,39,45,81,91,118,124], [10,39,45,82,88,117,127], [10,39,45,83,89,116,126],
 [10,39,45,84,94,115,121], [10,39,45,85,95,114,120], [10,39,45,86,92,113,123],
 [10,39,45,87,93,112,122], [10,48,58,64,74,112,122], [10,48,58,65,75,113,123],
 [10,48,58,66,72,114,120], [10,48,58,67,73,115,121], [10,48,58,68,78,116,126],
 [10,48,58,69,79,117,127], [10,48,58,70,76,118,124], [10,48,58,71,77,119,125],
 [10,48,58,80,90,96,106], [10,48,58,81,91,97,107], [10,48,58,82,88,98,104],
 [10,48,58,83,89,99,105], [10,48,58,84,94,100,110], [10,48,58,85,95,101,111],
 [10,48,58,86,92,102,108], [10,48,58,87,93,103,109], [10,49,59,64,74,113,123],
 [10,49,59,65,75,112,122], [10,49,59,66,72,115,121], [10,49,59,67,73,114,120],
 [10,49,59,68,78,117,127], [10,49,59,69,79,116,126], [10,49,59,70,76,119,125],
 [10,49,59,71,77,118,124], [10,49,59,80,90,97,107], [10,49,59,81,91,96,106],
 [10,49,59,82,88,99,105], [10,49,59,83,89,98,104], [10,49,59,84,94,101,111],
 [10,49,59,85,95,100,110], [10,49,59,86,92,103,109], [10,49,59,87,93,102,108],
 [10,50,56,64,74,114,120], [10,50,56,65,75,115,121], [10,50,56,66,72,112,122],
 [10,50,56,67,73,113,123], [10,50,56,68,78,118,124], [10,50,56,69,79,119,125],
 [10,50,56,70,76,116,126], [10,50,56,71,77,117,127], [10,50,56,80,90,98,104],
 [10,50,56,81,91,99,105], [10,50,56,82,88,96,106], [10,50,56,83,89,97,107],
 [10,50,56,84,94,102,108], [10,50,56,85,95,103,109], [10,50,56,86,92,100,110],
 [10,50,56,87,93,101,111], [10,51,57,64,74,115,121], [10,51,57,65,75,114,120],
 [10,51,57,66,72,113,123], [10,51,57,67,73,112,122], [10,51,57,68,78,119,125],
 [10,51,57,69,79,118,124], [10,51,57,70,76,117,127], [10,51,57,71,77,116,126],
 [10,51,57,80,90,99,105], [10,51,57,81,91,98,104], [10,51,57,82,88,97,107],
 [10,51,57,83,89,96,106], [10,51,57,84,94,103,109], [10,51,57,85,95,102,108],
 [10,51,57,86,92,101,111], [10,51,57,87,93,100,110], [10,52,62,64,74,116,126],
 [10,52,62,65,75,117,127], [10,52,62,66,72,118,124], [10,52,62,67,73,119,125],
 [10,52,62,68,78,112,122], [10,52,62,69,79,113,123], [10,52,62,70,76,114,120],
 [10,52,62,71,77,115,121], [10,52,62,80,90,100,110], [10,52,62,81,91,101,111],
 [10,52,62,82,88,102,108], [10,52,62,83,89,103,109], [10,52,62,84,94,96,106],
 [10,52,62,85,95,97,107], [10,52,62,86,92,98,104], [10,52,62,87,93,99,105],
 [10,53,63,64,74,117,127], [10,53,63,65,75,116,126], [10,53,63,66,72,119,125],
 [10,53,63,67,73,118,124], [10,53,63,68,78,113,123], [10,53,63,69,79,112,122],
 [10,53,63,70,76,115,121], [10,53,63,71,77,114,120], [10,53,63,80,90,101,111],
 [10,53,63,81,91,100,110], [10,53,63,82,88,103,109], [10,53,63,83,89,102,108],
 [10,53,63,84,94,97,107], [10,53,63,85,95,96,106], [10,53,63,86,92,99,105],
 [10,53,63,87,93,98,104], [10,54,60,64,74,118,124], [10,54,60,65,75,119,125],
 [10,54,60,66,72,116,126], [10,54,60,67,73,117,127], [10,54,60,68,78,114,120],
 [10,54,60,69,79,115,121], [10,54,60,70,76,112,122], [10,54,60,71,77,113,123],
 [10,54,60,80,90,102,108], [10,54,60,81,91,103,109], [10,54,60,82,88,100,110],
 [10,54,60,83,89,101,111], [10,54,60,84,94,98,104], [10,54,60,85,95,99,105],
 [10,54,60,86,92,96,106], [10,54,60,87,93,97,107], [10,55,61,64,74,119,125],
 [10,55,61,65,75,118,124], [10,55,61,66,72,117,127], [10,55,61,67,73,116,126],
 [10,55,61,68,78,115,121], [10,55,61,69,79,114,120], [10,55,61,70,76,113,123],
 [10,55,61,71,77,112,122], [10,55,61,80,90,103,109], [10,55,61,81,91,102,108],
 [10,55,61,82,88,101,111], [10,55,61,83,89,100,110], [10,55,61,84,94,99,105],
 [10,55,61,85,95,98,104], [10,55,61,86,92,97,107], [10,55,61,87,93,96,106],
 [11,16,27,32,43,48,59], [11,16,27,33,42,49,58], [11,16,27,34,41,50,57],
 [11,16,27,35,40,51,56], [11,16,27,36,47,52,63], [11,16,27,37,46,53,62],
 [11,16,27,38,45,54,61], [11,16,27,39,44,55,60], [11,16,27,64,75,80,91],
 [11,16,27,65,74,81,90], [11,16,27,66,73,82,89], [11,16,27,67,72,83,88],
 [11,16,27,68,79,84,95], [11,16,27,69,78,85,94], [11,16,27,70,77,86,93],
 [11,16,27,71,76,87,92], [11,16,27,96,107,112,123], [11,16,27,97,106,113,122],
 [11,16,27,98,105,114,121], [11,16,27,99,104,115,120], [11,16,27,100,111,116,127],
 [11,16,27,101,110,117,126], [11,16,27,102,109,118,125], [11,16,27,103,108,119,124],
 [11,17,26,32,43,49,58], [11,17,26,33,42,48,59], [11,17,26,34,41,51,56],
 [11,17,26,35,40,50,57], [11,17,26,36,47,53,62], [11,17,26,37,46,52,63],
 [11,17,26,38,45,55,60], [11,17,26,39,44,54,61], [11,17,26,64,75,81,90],
 [11,17,26,65,74,80,91], [11,17,26,66,73,83,88], [11,17,26,67,72,82,89],
 [11,17,26,68,79,85,94], [11,17,26,69,78,84,95], [11,17,26,70,77,87,92],
 [11,17,26,71,76,86,93], [11,17,26,96,107,113,122], [11,17,26,97,106,112,123],
 [11,17,26,98,105,115,120], [11,17,26,99,104,114,121], [11,17,26,100,111,117,126],
 [11,17,26,101,110,116,127], [11,17,26,102,109,119,124], [11,17,26,103,108,118,125],
 [11,18,25,32,43,50,57], [11,18,25,33,42,51,56], [11,18,25,34,41,48,59],
 [11,18,25,35,40,49,58], [11,18,25,36,47,54,61], [11,18,25,37,46,55,60],
 [11,18,25,38,45,52,63], [11,18,25,39,44,53,62], [11,18,25,64,75,82,89],
 [11,18,25,65,74,83,88], [11,18,25,66,73,80,91], [11,18,25,67,72,81,90],
 [11,18,25,68,79,86,93], [11,18,25,69,78,87,92], [11,18,25,70,77,84,95],
 [11,18,25,71,76,85,94], [11,18,25,96,107,114,121], [11,18,25,97,106,115,120],
 [11,18,25,98,105,112,123], [11,18,25,99,104,113,122], [11,18,25,100,111,118,125],
 [11,18,25,101,110,119,124], [11,18,25,102,109,116,127], [11,18,25,103,108,117,126],
 [11,19,24,32,43,51,56], [11,19,24,33,42,50,57], [11,19,24,34,41,49,58],
 [11,19,24,35,40,48,59], [11,19,24,36,47,55,60], [11,19,24,37,46,54,61],
 [11,19,24,38,45,53,62], [11,19,24,39,44,52,63], [11,19,24,64,75,83,88],
 [11,19,24,65,74,82,89], [11,19,24,66,73,81,90], [11,19,24,67,72,80,91],
 [11,19,24,68,79,87,92], [11,19,24,69,78,86,93], [11,19,24,70,77,85,94],
 [11,19,24,71,76,84,95], [11,19,24,96,107,115,120], [11,19,24,97,106,114,121],
 [11,19,24,98,105,113,122], [11,19,24,99,104,112,123], [11,19,24,100,111,119,124],
 [11,19,24,101,110,118,125], [11,19,24,102,109,117,126], [11,19,24,103,108,116,127],
 [11,20,31,32,43,52,63], [11,20,31,33,42,53,62], [11,20,31,34,41,54,61],
 [11,20,31,35,40,55,60], [11,20,31,36,47,48,59], [11,20,31,37,46,49,58],
 [11,20,31,38,45,50,57], [11,20,31,39,44,51,56], [11,20,31,64,75,84,95],
 [11,20,31,65,74,85,94], [11,20,31,66,73,86,93], [11,20,31,67,72,87,92],
 [11,20,31,68,79,80,91], [11,20,31,69,78,81,90], [11,20,31,70,77,82,89],
 [11,20,31,71,76,83,88], [11,20,31,96,107,116,127], [11,20,31,97,106,117,126],
 [11,20,31,98,105,118,125], [11,20,31,99,104,119,124], [11,20,31,100,111,112,123],
 [11,20,31,101,110,113,122], [11,20,31,102,109,114,121], [11,20,31,103,108,115,120],
 [11,21,30,32,43,53,62], [11,21,30,33,42,52,63], [11,21,30,34,41,55,60],
 [11,21,30,35,40,54,61], [11,21,30,36,47,49,58], [11,21,30,37,46,48,59],
 [11,21,30,38,45,51,56], [11,21,30,39,44,50,57], [11,21,30,64,75,85,94],
 [11,21,30,65,74,84,95], [11,21,30,66,73,87,92], [11,21,30,67,72,86,93],
 [11,21,30,68,79,81,90], [11,21,30,69,78,80,91], [11,21,30,70,77,83,88],
 [11,21,30,71,76,82,89], [11,21,30,96,107,117,126], [11,21,30,97,106,116,127],
 [11,21,30,98,105,119,124], [11,21,30,99,104,118,125], [11,21,30,100,111,113,122],
 [11,21,30,101,110,112,123], [11,21,30,102,109,115,120], [11,21,30,103,108,114,121],
 [11,22,29,32,43,54,61], [11,22,29,33,42,55,60], [11,22,29,34,41,52,63],
 [11,22,29,35,40,53,62], [11,22,29,36,47,50,57], [11,22,29,37,46,51,56],
 [11,22,29,38,45,48,59], [11,22,29,39,44,49,58], [11,22,29,64,75,86,93],
 [11,22,29,65,74,87,92], [11,22,29,66,73,84,95], [11,22,29,67,72,85,94],
 [11,22,29,68,79,82,89], [11,22,29,69,78,83,88], [11,22,29,70,77,80,91],
 [11,22,29,71,76,81,90], [11,22,29,96,107,118,125], [11,22,29,97,106,119,124],
 [11,22,29,98,105,116,127], [11,22,29,99,104,117,126], [11,22,29,100,111,114,121],
 [11,22,29,101,110,115,120], [11,22,29,102,109,112,123], [11,22,29,103,108,113,122],
 [11,23,28,32,43,55,60], [11,23,28,33,42,54,61], [11,23,28,34,41,53,62],
 [11,23,28,35,40,52,63], [11,23,28,36,47,51,56], [11,23,28,37,46,50,57],
 [11,23,28,38,45,49,58], [11,23,28,39,44,48,59], [11,23,28,64,75,87,92],
 [11,23,28,65,74,86,93], [11,23,28,66,73,85,94], [11,23,28,67,72,84,95],
 [11,23,28,68,79,83,88], [11,23,28,69,78,82,89], [11,23,28,70,77,81,90],
 [11,23,28,71,76,80,91], [11,23,28,96,107,119,124], [11,23,28,97,106,118,125],
 [11,23,28,98,105,117,126], [11,23,28,99,104,116,127], [11,23,28,100,111,115,120],
 [11,23,28,101,110,114,121], [11,23,28,102,109,113,122], [11,23,28,103,108,112,123],
 [11,32,43,64,75,96,107], [11,32,43,65,74,97,106], [11,32,43,66,73,98,105],
 [11,32,43,67,72,99,104], [11,32,43,68,79,100,111], [11,32,43,69,78,101,110],
 [11,32,43,70,77,102,109], [11,32,43,71,76,103,108], [11,32,43,80,91,112,123],
 [11,32,43,81,90,113,122], [11,32,43,82,89,114,121], [11,32,43,83,88,115,120],
 [11,32,43,84,95,116,127], [11,32,43,85,94,117,126], [11,32,43,86,93,118,125],
 [11,32,43,87,92,119,124], [11,33,42,64,75,97,106], [11,33,42,65,74,96,107],
 [11,33,42,66,73,99,104], [11,33,42,67,72,98,105], [11,33,42,68,79,101,110],
 [11,33,42,69,78,100,111], [11,33,42,70,77,103,108], [11,33,42,71,76,102,109],
 [11,33,42,80,91,113,122], [11,33,42,81,90,112,123], [11,33,42,82,89,115,120],
 [11,33,42,83,88,114,121], [11,33,42,84,95,117,126], [11,33,42,85,94,116,127],
 [11,33,42,86,93,119,124], [11,33,42,87,92,118,125], [11,34,41,64,75,98,105],
 [11,34,41,65,74,99,104], [11,34,41,66,73,96,107], [11,34,41,67,72,97,106],
 [11,34,41,68,79,102,109], [11,34,41,69,78,103,108], [11,34,41,70,77,100,111],
 [11,34,41,71,76,101,110], [11,34,41,80,91,114,121], [11,34,41,81,90,115,120],
 [11,34,41,82,89,112,123], [11,34,41,83,88,113,122], [11,34,41,84,95,118,125],
 [11,34,41,85,94,119,124], [11,34,41,86,93,116,127], [11,34,41,87,92,117,126],
 [11,35,40,64,75,99,104], [11,35,40,65,74,98,105], [11,35,40,66,73,97,106],
 [11,35,40,67,72,96,107], [11,35,40,68,79,103,108], [11,35,40,69,78,102,109],
 [11,35,40,70,77,101,110], [11,35,40,71,76,100,111], [11,35,40,80,91,115,120],
 [11,35,40,81,90,114,121], [11,35,40,82,89,113,122], [11,35,40,83,88,112,123],
 [11,35,40,84,95,119,124], [11,35,40,85,94,118,125], [11,35,40,86,93,117,126],
 [11,35,40,87,92,116,127], [11,36,47,64,75,100,111], [11,36,47,65,74,101,110],
 [11,36,47,66,73,102,109], [11,36,47,67,72,103,108], [11,36,47,68,79,96,107],
 [11,36,47,69,78,97,106], [11,36,47,70,77,98,105], [11,36,47,71,76,99,104],
 [11,36,47,80,91,116,127], [11,36,47,81,90,117,126], [11,36,47,82,89,118,125],
 [11,36,47,83,88,119,124], [11,36,47,84,95,112,123], [11,36,47,85,94,113,122],
 [11,36,47,86,93,114,121], [11,36,47,87,92,115,120], [11,37,46,64,75,101,110],
 [11,37,46,65,74,100,111], [11,37,46,66,73,103,108], [11,37,46,67,72,102,109],
 [11,37,46,68,79,97,106], [11,37,46,69,78,96,107], [11,37,46,70,77,99,104],
 [11,37,46,71,76,98,105], [11,37,46,80,91,117,126], [11,37,46,81,90,116,127],
 [11,37,46,82,89,119,124], [11,37,46,83,88,118,125], [11,37,46,84,95,113,122],
 [11,37,46,85,94,112,123], [11,37,46,86,93,115,120], [11,37,46,87,92,114,121],
 [11,38,45,64,75,102,109], [11,38,45,65,74,103,108], [11,38,45,66,73,100,111],
 [11,38,45,67,72,101,110], [11,38,45,68,79,98,105], [11,38,45,69,78,99,104],
 [11,38,45,70,77,96,107], [11,38,45,71,76,97,106], [11,38,45,80,91,118,125],
 [11,38,45,81,90,119,124], [11,38,45,82,89,116,127], [11,38,45,83,88,117,126],
 [11,38,45,84,95,114,121], [11,38,45,85,94,115,120], [11,38,45,86,93,112,123],
 [11,38,45,87,92,113,122], [11,39,44,64,75,103,108], [11,39,44,65,74,102,109],
 [11,39,44,66,73,101,110], [11,39,44,67,72,100,111], [11,39,44,68,79,99,104],
 [11,39,44,69,78,98,105], [11,39,44,70,77,97,106], [11,39,44,71,76,96,107],
 [11,39,44,80,91,119,124], [11,39,44,81,90,118,125], [11,39,44,82,89,117,126],
 [11,39,44,83,88,116,127], [11,39,44,84,95,115,120], [11,39,44,85,94,114,121],
 [11,39,44,86,93,113,122], [11,39,44,87,92,112,123], [11,48,59,64,75,112,123],
 [11,48,59,65,74,113,122], [11,48,59,66,73,114,121], [11,48,59,67,72,115,120],
 [11,48,59,68,79,116,127], [11,48,59,69,78,117,126], [11,48,59,70,77,118,125],
 [11,48,59,71,76,119,124], [11,48,59,80,91,96,107], [11,48,59,81,90,97,106],
 [11,48,59,82,89,98,105], [11,48,59,83,88,99,104], [11,48,59,84,95,100,111],
 [11,48,59,85,94,101,110], [11,48,59,86,93,102,109], [11,48,59,87,92,103,108],
 [11,49,58,64,75,113,122], [11,49,58,65,74,112,123], [11,49,58,66,73,115,120],
 [11,49,58,67,72,114,121], [11,49,58,68,79,117,126], [11,49,58,69,78,116,127],
 [11,49,58,70,77,119,124], [11,49,58,71,76,118,125], [11,49,58,80,91,97,106],
 [11,49,58,81,90,96,107], [11,49,58,82,89,99,104], [11,49,58,83,88,98,105],
 [11,49,58,84,95,101,110], [11,49,58,85,94,100,111], [11,49,58,86,93,103,108],
 [11,49,58,87,92,102,109], [11,50,57,64,75,114,121], [11,50,57,65,74,115,120],
 [11,50,57,66,73,112,123], [11,50,57,67,72,113,122], [11,50,57,68,79,118,125],
 [11,50,57,69,78,119,124], [11,50,57,70,77,116,127], [11,50,57,71,76,117,126],
 [11,50,57,80,91,98,105], [11,50,57,81,90,99,104], [11,50,57,82,89,96,107],
 [11,50,57,83,88,97,106], [11,50,57,84,95,102,109], [11,50,57,85,94,103,108],
 [11,50,57,86,93,100,111], [11,50,57,87,92,101,110], [11,51,56,64,75,115,120],
 [11,51,56,65,74,114,121], [11,51,56,66,73,113,122], [11,51,56,67,72,112,123],
 [11,51,56,68,79,119,124], [11,51,56,69,78,118,125], [11,51,56,70,77,117,126],
 [11,51,56,71,76,116,127], [11,51,56,80,91,99,104], [11,51,56,81,90,98,105],
 [11,51,56,82,89,97,106], [11,51,56,83,88,96,107], [11,51,56,84,95,103,108],
 [11,51,56,85,94,102,109], [11,51,56,86,93,101,110], [11,51,56,87,92,100,111],
 [11,52,63,64,75,116,127], [11,52,63,65,74,117,126], [11,52,63,66,73,118,125],
 [11,52,63,67,72,119,124], [11,52,63,68,79,112,123], [11,52,63,69,78,113,122],
 [11,52,63,70,77,114,121], [11,52,63,71,76,115,120], [11,52,63,80,91,100,111],
 [11,52,63,81,90,101,110], [11,52,63,82,89,102,109], [11,52,63,83,88,103,108],
 [11,52,63,84,95,96,107], [11,52,63,85,94,97,106], [11,52,63,86,93,98,105],
 [11,52,63,87,92,99,104], [11,53,62,64,75,117,126], [11,53,62,65,74,116,127],
 [11,53,62,66,73,119,124], [11,53,62,67,72,118,125], [11,53,62,68,79,113,122],
 [11,53,62,69,78,112,123], [11,53,62,70,77,115,120], [11,53,62,71,76,114,121],
 [11,53,62,80,91,101,110], [11,53,62,81,90,100,111], [11,53,62,82,89,103,108],
 [11,53,62,83,88,102,109], [11,53,62,84,95,97,106], [11,53,62,85,94,96,107],
 [11,53,62,86,93,99,104], [11,53,62,87,92,98,105], [11,54,61,64,75,118,125],
 [11,54,61,65,74,119,124], [11,54,61,66,73,116,127], [11,54,61,67,72,117,126],
 [11,54,61,68,79,114,121], [11,54,61,69,78,115,120], [11,54,61,70,77,112,123],
 [11,54,61,71,76,113,122], [11,54,61,80,91,102,109], [11,54,61,81,90,103,108],
 [11,54,61,82,89,100,111], [11,54,61,83,88,101,110], [11,54,61,84,95,98,105],
 [11,54,61,85,94,99,104], [11,54,61,86,93,96,107], [11,54,61,87,92,97,106],
 [11,55,60,64,75,119,124], [11,55,60,65,74,118,125], [11,55,60,66,73,117,126],
 [11,55,60,67,72,116,127], [11,55,60,68,79,115,120], [11,55,60,69,78,114,121],
 [11,55,60,70,77,113,122], [11,55,60,71,76,112,123], [11,55,60,80,91,103,108],
 [11,55,60,81,90,102,109], [11,55,60,82,89,101,110], [11,55,60,83,88,100,111],
 [11,55,60,84,95,99,104], [11,55,60,85,94,98,105], [11,55,60,86,93,97,106],
 [11,55,60,87,92,96,107], [12,16,28,32,44,48,60], [12,16,28,33,45,49,61],
 [12,16,28,34,46,50,62], [12,16,28,35,47,51,63], [12,16,28,36,40,52,56],
 [12,16,28,37,41,53,57], [12,16,28,38,42,54,58], [12,16,28,39,43,55,59],
 [12,16,28,64,76,80,92], [12,16,28,65,77,81,93], [12,16,28,66,78,82,94],
 [12,16,28,67,79,83,95], [12,16,28,68,72,84,88], [12,16,28,69,73,85,89],
 [12,16,28,70,74,86,90], [12,16,28,71,75,87,91], [12,16,28,96,108,112,124],
 [12,16,28,97,109,113,125], [12,16,28,98,110,114,126], [12,16,28,99,111,115,127],
 [12,16,28,100,104,116,120], [12,16,28,101,105,117,121], [12,16,28,102,106,118,122],
 [12,16,28,103,107,119,123], [12,17,29,32,44,49,61], [12,17,29,33,45,48,60],
 [12,17,29,34,46,51,63], [12,17,29,35,47,50,62], [12,17,29,36,40,53,57],
 [12,17,29,37,41,52,56], [12,17,29,38,42,55,59], [12,17,29,39,43,54,58],
 [12,17,29,64,76,81,93], [12,17,29,65,77,80,92], [12,17,29,66,78,83,95],
 [12,17,29,67,79,82,94], [12,17,29,68,72,85,89], [12,17,29,69,73,84,88],
 [12,17,29,70,74,87,91], [12,17,29,71,75,86,90], [12,17,29,96,108,113,125],
 [12,17,29,97,109,112,124], [12,17,29,98,110,115,127], [12,17,29,99,111,114,126],
 [12,17,29,100,104,117,121], [12,17,29,101,105,116,120], [12,17,29,102,106,119,123],
 [12,17,29,103,107,118,122], [12,18,30,32,44,50,62], [12,18,30,33,45,51,63],
 [12,18,30,34,46,48,60], [12,18,30,35,47,49,61], [12,18,30,36,40,54,58],
 [12,18,30,37,41,55,59], [12,18,30,38,42,52,56], [12,18,30,39,43,53,57],
 [12,18,30,64,76,82,94], [12,18,30,65,77,83,95], [12,18,30,66,78,80,92],
 [12,18,30,67,79,81,93], [12,18,30,68,72,86,90], [12,18,30,69,73,87,91],
 [12,18,30,70,74,84,88], [12,18,30,71,75,85,89], [12,18,30,96,108,114,126],
 [12,18,30,97,109,115,127], [12,18,30,98,110,112,124], [12,18,30,99,111,113,125],
 [12,18,30,100,104,118,122], [12,18,30,101,105,119,123], [12,18,30,102,106,116,120],
 [12,18,30,103,107,117,121], [12,19,31,32,44,51,63], [12,19,31,33,45,50,62],
 [12,19,31,34,46,49,61], [12,19,31,35,47,48,60], [12,19,31,36,40,55,59],
 [12,19,31,37,41,54,58], [12,19,31,38,42,53,57], [12,19,31,39,43,52,56],
 [12,19,31,64,76,83,95], [12,19,31,65,77,82,94], [12,19,31,66,78,81,93],
 [12,19,31,67,79,80,92], [12,19,31,68,72,87,91], [12,19,31,69,73,86,90],
 [12,19,31,70,74,85,89], [12,19,31,71,75,84,88], [12,19,31,96,108,115,127],
 [12,19,31,97,109,114,126], [12,19,31,98,110,113,125], [12,19,31,99,111,112,124],
 [12,19,31,100,104,119,123], [12,19,31,101,105,118,122], [12,19,31,102,106,117,121],
 [12,19,31,103,107,116,120], [12,20,24,32,44,52,56], [12,20,24,33,45,53,57],
 [12,20,24,34,46,54,58], [12,20,24,35,47,55,59], [12,20,24,36,40,48,60],
 [12,20,24,37,41,49,61], [12,20,24,38,42,50,62], [12,20,24,39,43,51,63],
 [12,20,24,64,76,84,88], [12,20,24,65,77,85,89], [12,20,24,66,78,86,90],
 [12,20,24,67,79,87,91], [12,20,24,68,72,80,92], [12,20,24,69,73,81,93],
 [12,20,24,70,74,82,94], [12,20,24,71,75,83,95], [12,20,24,96,108,116,120],
 [12,20,24,97,109,117,121], [12,20,24,98,110,118,122], [12,20,24,99,111,119,123],
 [12,20,24,100,104,112,124], [12,20,24,101,105,113,125], [12,20,24,102,106,114,126],
 [12,20,24,103,107,115,127], [12,21,25,32,44,53,57], [12,21,25,33,45,52,56],
 [12,21,25,34,46,55,59], [12,21,25,35,47,54,58], [12,21,25,36,40,49,61],
 [12,21,25,37,41,48,60], [12,21,25,38,42,51,63], [12,21,25,39,43,50,62],
 [12,21,25,64,76,85,89], [12,21,25,65,77,84,88], [12,21,25,66,78,87,91],
 [12,21,25,67,79,86,90], [12,21,25,68,72,81,93], [12,21,25,69,73,80,92],
 [12,21,25,70,74,83,95], [12,21,25,71,75,82,94], [12,21,25,96,108,117,121],
 [12,21,25,97,109,116,120], [12,21,25,98,110,119,123], [12,21,25,99,111,118,122],
 [12,21,25,100,104,113,125], [12,21,25,101,105,112,124], [12,21,25,102,106,115,127],
 [12,21,25,103,107,114,126], [12,22,26,32,44,54,58], [12,22,26,33,45,55,59],
 [12,22,26,34,46,52,56], [12,22,26,35,47,53,57], [12,22,26,36,40,50,62],
 [12,22,26,37,41,51,63], [12,22,26,38,42,48,60], [12,22,26,39,43,49,61],
 [12,22,26,64,76,86,90], [12,22,26,65,77,87,91], [12,22,26,66,78,84,88],
 [12,22,26,67,79,85,89], [12,22,26,68,72,82,94], [12,22,26,69,73,83,95],
 [12,22,26,70,74,80,92], [12,22,26,71,75,81,93], [12,22,26,96,108,118,122],
 [12,22,26,97,109,119,123], [12,22,26,98,110,116,120], [12,22,26,99,111,117,121],
 [12,22,26,100,104,114,126], [12,22,26,101,105,115,127], [12,22,26,102,106,112,124],
 [12,22,26,103,107,113,125], [12,23,27,32,44,55,59], [12,23,27,33,45,54,58],
 [12,23,27,34,46,53,57], [12,23,27,35,47,52,56], [12,23,27,36,40,51,63],
 [12,23,27,37,41,50,62], [12,23,27,38,42,49,61], [12,23,27,39,43,48,60],
 [12,23,27,64,76,87,91], [12,23,27,65,77,86,90], [12,23,27,66,78,85,89],
 [12,23,27,67,79,84,88], [12,23,27,68,72,83,95], [12,23,27,69,73,82,94],
 [12,23,27,70,74,81,93], [12,23,27,71,75,80,92], [12,23,27,96,108,119,123],
 [12,23,27,97,109,118,122], [12,23,27,98,110,117,121], [12,23,27,99,111,116,120],
 [12,23,27,100,104,115,127], [12,23,27,101,105,114,126], [12,23,27,102,106,113,125],
 [12,23,27,103,107,112,124], [12,32,44,64,76,96,108], [12,32,44,65,77,97,109],
 [12,32,44,66,78,98,110], [12,32,44,67,79,99,111], [12,32,44,68,72,100,104],
 [12,32,44,69,73,101,105], [12,32,44,70,74,102,106], [12,32,44,71,75,103,107],
 [12,32,44,80,92,112,124], [12,32,44,81,93,113,125], [12,32,44,82,94,114,126],
 [12,32,44,83,95,115,127], [12,32,44,84,88,116,120], [12,32,44,85,89,117,121],
 [12,32,44,86,90,118,122], [12,32,44,87,91,119,123], [12,33,45,64,76,97,109],
 [12,33,45,65,77,96,108], [12,33,45,66,78,99,111], [12,33,45,67,79,98,110],
 [12,33,45,68,72,101,105], [12,33,45,69,73,100,104], [12,33,45,70,74,103,107],
 [12,33,45,71,75,102,106], [12,33,45,80,92,113,125], [12,33,45,81,93,112,124],
 [12,33,45,82,94,115,127], [12,33,45,83,95,114,126], [12,33,45,84,88,117,121],
 [12,33,45,85,89,116,120], [12,33,45,86,90,119,123], [12,33,45,87,91,118,122],
 [12,34,46,64,76,98,110], [12,34,46,65,77,99,111], [12,34,46,66,78,96,108],
 [12,34,46,67,79,97,109], [12,34,46,68,72,102,106], [12,34,46,69,73,103,107],
 [12,34,46,70,74,100,104], [12,34,46,71,75,101,105], [12,34,46,80,92,114,126],
 [12,34,46,81,93,115,127], [12,34,46,82,94,112,124], [12,34,46,83,95,113,125],
 [12,34,46,84,88,118,122], [12,34,46,85,89,119,123], [12,34,46,86,90,116,120],
 [12,34,46,87,91,117,121], [12,35,47,64,76,99,111], [12,35,47,65,77,98,110],
 [12,35,47,66,78,97,109], [12,35,47,67,79,96,108], [12,35,47,68,72,103,107],
 [12,35,47,69,73,102,106], [12,35,47,70,74,101,105], [12,35,47,71,75,100,104],
 [12,35,47,80,92,115,127], [12,35,47,81,93,114,126], [12,35,47,82,94,113,125],
 [12,35,47,83,95,112,124], [12,35,47,84,88,119,123], [12,35,47,85,89,118,122],
 [12,35,47,86,90,117,121], [12,35,47,87,91,116,120], [12,36,40,64,76,100,104],
 [12,36,40,65,77,101,105], [12,36,40,66,78,102,106], [12,36,40,67,79,103,107],
 [12,36,40,68,72,96,108], [12,36,40,69,73,97,109], [12,36,40,70,74,98,110],
 [12,36,40,71,75,99,111], [12,36,40,80,92,116,120], [12,36,40,81,93,117,121],
 [12,36,40,82,94,118,122], [12,36,40,83,95,119,123], [12,36,40,84,88,112,124],
 [12,36,40,85,89,113,125], [12,36,40,86,90,114,126], [12,36,40,87,91,115,127],
 [12,37,41,64,76,101,105], [12,37,41,65,77,100,104], [12,37,41,66,78,103,107],
 [12,37,41,67,79,102,106], [12,37,41,68,72,97,109], [12,37,41,69,73,96,108],
 [12,37,41,70,74,99,111], [12,37,41,71,75,98,110], [12,37,41,80,92,117,121],
 [12,37,41,81,93,116,120], [12,37,41,82,94,119,123], [12,37,41,83,95,118,122],
 [12,37,41,84,88,113,125], [12,37,41,85,89,112,124], [12,37,41,86,90,115,127],
 [12,37,41,87,91,114,126], [12,38,42,64,76,102,106], [12,38,42,65,77,103,107],
 [12,38,42,66,78,100,104], [12,38,42,67,79,101,105], [12,38,42,68,72,98,110],
 [12,38,42,69,73,99,111], [12,38,42,70,74,96,108], [12,38,42,71,75,97,109],
 [12,38,42,80,92,118,122], [12,38,42,81,93,119,123], [12,38,42,82,94,116,120],
 [12,38,42,83,95,117,121], [12,38,42,84,88,114,126], [12,38,42,85,89,115,127],
 [12,38,42,86,90,112,124], [12,38,42,87,91,113,125], [12,39,43,64,76,103,107],
 [12,39,43,65,77,102,106], [12,39,43,66,78,101,105], [12,39,43,67,79,100,104],
 [12,39,43,68,72,99,111], [12,39,43,69,73,98,110], [12,39,43,70,74,97,109],
 [12,39,43,71,75,96,108], [12,39,43,80,92,119,123], [12,39,43,81,93,118,122],
 [12,39,43,82,94,117,121], [12,39,43,83,95,116,120], [12,39,43,84,88,115,127],
 [12,39,43,85,89,114,126], [12,39,43,86,90,113,125], [12,39,43,87,91,112,124],
 [12,48,60,64,76,112,124], [12,48,60,65,77,113,125], [12,48,60,66,78,114,126],
 [12,48,60,67,79,115,127], [12,48,60,68,72,116,120], [12,48,60,69,73,117,121],
 [12,48,60,70,74,118,122], [12,48,60,71,75,119,123], [12,48,60,80,92,96,108],
 [12,48,60,81,93,97,109], [12,48,60,82,94,98,110], [12,48,60,83,95,99,111],
 [12,48,60,84,88,100,104], [12,48,60,85,89,101,105], [12,48,60,86,90,102,106],
 [12,48,60,87,91,103,107], [12,49,61,64,76,113,125], [12,49,61,65,77,112,124],
 [12,49,61,66,78,115,127], [12,49,61,67,79,114,126], [12,49,61,68,72,117,121],
 [12,49,61,69,73,116,120], [12,49,61,70,74,119,123], [12,49,61,71,75,118,122],
 [12,49,61,80,92,97,109], [12,49,61,81,93,96,108], [12,49,61,82,94,99,111],
 [12,49,61,83,95,98,110], [12,49,61,84,88,101,105], [12,49,61,85,89,100,104],
 [12,49,61,86,90,103,107], [12,49,61,87,91,102,106], [12,50,62,64,76,114,126],
 [12,50,62,65,77,115,127], [12,50,62,66,78,112,124], [12,50,62,67,79,113,125],
 [12,50,62,68,72,118,122], [12,50,62,69,73,119,123], [12,50,62,70,74,116,120],
 [12,50,62,71,75,117,121], [12,50,62,80,92,98,110], [12,50,62,81,93,99,111],
 [12,50,62,82,94,96,108], [12,50,62,83,95,97,109], [12,50,62,84,88,102,106],
 [12,50,62,85,89,103,107], [12,50,62,86,90,100,104], [12,50,62,87,91,101,105],
 [12,51,63,64,76,115,127], [12,51,63,65,77,114,126], [12,51,63,66,78,113,125],
 [12,51,63,67,79,112,124], [12,51,63,68,72,119,123], [12,51,63,69,73,118,122],
 [12,51,63,70,74,117,121], [12,51,63,71,75,116,120], [12,51,63,80,92,99,111],
 [12,51,63,81,93,98,110], [12,51,63,82,94,97,109], [12,51,63,83,95,96,108],
 [12,51,63,84,88,103,107], [12,51,63,85,89,102,106], [12,51,63,86,90,101,105],
 [12,51,63,87,91,100,104], [12,52,56,64,76,116,120], [12,52,56,65,77,117,121],
 [12,52,56,66,78,118,122], [12,52,56,67,79,119,123], [12,52,56,68,72,112,124],
 [12,52,56,69,73,113,125], [12,52,56,70,74,114,126], [12,52,56,71,75,115,127],
 [12,52,56,80,92,100,104], [12,52,56,81,93,101,105], [12,52,56,82,94,102,106],
 [12,52,56,83,95,103,107], [12,52,56,84,88,96,108], [12,52,56,85,89,97,109],
 [12,52,56,86,90,98,110], [12,52,56,87,91,99,111], [12,53,57,64,76,117,121],
 [12,53,57,65,77,116,120], [12,53,57,66,78,119,123], [12,53,57,67,79,118,122],
 [12,53,57,68,72,113,125], [12,53,57,69,73,112,124], [12,53,57,70,74,115,127],
 [12,53,57,71,75,114,126], [12,53,57,80,92,101,105], [12,53,57,81,93,100,104],
 [12,53,57,82,94,103,107], [12,53,57,83,95,102,106], [12,53,57,84,88,97,109],
 [12,53,57,85,89,96,108], [12,53,57,86,90,99,111], [12,53,57,87,91,98,110],
 [12,54,58,64,76,118,122], [12,54,58,65,77,119,123], [12,54,58,66,78,116,120],
 [12,54,58,67,79,117,121], [12,54,58,68,72,114,126], [12,54,58,69,73,115,127],
 [12,54,58,70,74,112,124], [12,54,58,71,75,113,125], [12,54,58,80,92,102,106],
 [12,54,58,81,93,103,107], [12,54,58,82,94,100,104], [12,54,58,83,95,101,105],
 [12,54,58,84,88,98,110], [12,54,58,85,89,99,111], [12,54,58,86,90,96,108],
 [12,54,58,87,91,97,109], [12,55,59,64,76,119,123], [12,55,59,65,77,118,122],
 [12,55,59,66,78,117,121], [12,55,59,67,79,116,120], [12,55,59,68,72,115,127],
 [12,55,59,69,73,114,126], [12,55,59,70,74,113,125], [12,55,59,71,75,112,124],
 [12,55,59,80,92,103,107], [12,55,59,81,93,102,106], [12,55,59,82,94,101,105],
 [12,55,59,83,95,100,104], [12,55,59,84,88,99,111], [12,55,59,85,89,98,110],
 [12,55,59,86,90,97,109], [12,55,59,87,91,96,108], [13,16,29,32,45,48,61],
 [13,16,29,33,44,49,60], [13,16,29,34,47,50,63], [13,16,29,35,46,51,62],
 [13,16,29,36,41,52,57], [13,16,29,37,40,53,56], [13,16,29,38,43,54,59],
 [13,16,29,39,42,55,58], [13,16,29,64,77,80,93], [13,16,29,65,76,81,92],
 [13,16,29,66,79,82,95], [13,16,29,67,78,83,94], [13,16,29,68,73,84,89],
 [13,16,29,69,72,85,88], [13,16,29,70,75,86,91], [13,16,29,71,74,87,90],
 [13,16,29,96,109,112,125], [13,16,29,97,108,113,124], [13,16,29,98,111,114,127],
 [13,16,29,99,110,115,126], [13,16,29,100,105,116,121], [13,16,29,101,104,117,120],
 [13,16,29,102,107,118,123], [13,16,29,103,106,119,122], [13,17,28,32,45,49,60],
 [13,17,28,33,44,48,61], [13,17,28,34,47,51,62], [13,17,28,35,46,50,63],
 [13,17,28,36,41,53,56], [13,17,28,37,40,52,57], [13,17,28,38,43,55,58],
 [13,17,28,39,42,54,59], [13,17,28,64,77,81,92], [13,17,28,65,76,80,93],
 [13,17,28,66,79,83,94], [13,17,28,67,78,82,95], [13,17,28,68,73,85,88],
 [13,17,28,69,72,84,89], [13,17,28,70,75,87,90], [13,17,28,71,74,86,91],
 [13,17,28,96,109,113,124], [13,17,28,97,108,112,125], [13,17,28,98,111,115,126],
 [13,17,28,99,110,114,127], [13,17,28,100,105,117,120], [13,17,28,101,104,116,121],
 [13,17,28,102,107,119,122], [13,17,28,103,106,118,123], [13,18,31,32,45,50,63],
 [13,18,31,33,44,51,62], [13,18,31,34,47,48,61], [13,18,31,35,46,49,60],
 [13,18,31,36,41,54,59], [13,18,31,37,40,55,58], [13,18,31,38,43,52,57],
 [13,18,31,39,42,53,56], [13,18,31,64,77,82,95], [13,18,31,65,76,83,94],
 [13,18,31,66,79,80,93], [13,18,31,67,78,81,92], [13,18,31,68,73,86,91],
 [13,18,31,69,72,87,90], [13,18,31,70,75,84,89], [13,18,31,71,74,85,88],
 [13,18,31,96,109,114,127], [13,18,31,97,108,115,126], [13,18,31,98,111,112,125],
 [13,18,31,99,110,113,124], [13,18,31,100,105,118,123], [13,18,31,101,104,119,122],
 [13,18,31,102,107,116,121], [13,18,31,103,106,117,120], [13,19,30,32,45,51,62],
 [13,19,30,33,44,50,63], [13,19,30,34,47,49,60], [13,19,30,35,46,48,61],
 [13,19,30,36,41,55,58], [13,19,30,37,40,54,59], [13,19,30,38,43,53,56],
 [13,19,30,39,42,52,57], [13,19,30,64,77,83,94], [13,19,30,65,76,82,95],
 [13,19,30,66,79,81,92], [13,19,30,67,78,80,93], [13,19,30,68,73,87,90],
 [13,19,30,69,72,86,91], [13,19,30,70,75,85,88], [13,19,30,71,74,84,89],
 [13,19,30,96,109,115,126], [13,19,30,97,108,114,127], [13,19,30,98,111,113,124],
 [13,19,30,99,110,112,125], [13,19,30,100,105,119,122], [13,19,30,101,104,118,123],
 [13,19,30,102,107,117,120], [13,19,30,103,106,116,121], [13,20,25,32,45,52,57],
 [13,20,25,33,44,53,56], [13,20,25,34,47,54,59], [13,20,25,35,46,55,58],
 [13,20,25,36,41,48,61], [13,20,25,37,40,49,60], [13,20,25,38,43,50,63],
 [13,20,25,39,42,51,62], [13,20,25,64,77,84,89], [13,20,25,65,76,85,88],
 [13,20,25,66,79,86,91], [13,20,25,67,78,87,90], [13,20,25,68,73,80,93],
 [13,20,25,69,72,81,92], [13,20,25,70,75,82,95], [13,20,25,71,74,83,94],
 [13,20,25,96,109,116,121], [13,20,25,97,108,117,120], [13,20,25,98,111,118,123],
 [13,20,25,99,110,119,122], [13,20,25,100,105,112,125], [13,20,25,101,104,113,124],
 [13,20,25,102,107,114,127], [13,20,25,103,106,115,126], [13,21,24,32,45,53,56],
 [13,21,24,33,44,52,57], [13,21,24,34,47,55,58], [13,21,24,35,46,54,59],
 [13,21,24,36,41,49,60], [13,21,24,37,40,48,61], [13,21,24,38,43,51,62],
 [13,21,24,39,42,50,63], [13,21,24,64,77,85,88], [13,21,24,65,76,84,89],
 [13,21,24,66,79,87,90], [13,21,24,67,78,86,91], [13,21,24,68,73,81,92],
 [13,21,24,69,72,80,93], [13,21,24,70,75,83,94], [13,21,24,71,74,82,95],
 [13,21,24,96,109,117,120], [13,21,24,97,108,116,121], [13,21,24,98,111,119,122],
 [13,21,24,99,110,118,123], [13,21,24,100,105,113,124], [13,21,24,101,104,112,125],
 [13,21,24,102,107,115,126], [13,21,24,103,106,114,127], [13,22,27,32,45,54,59],
 [13,22,27,33,44,55,58], [13,22,27,34,47,52,57], [13,22,27,35,46,53,56],
 [13,22,27,36,41,50,63], [13,22,27,37,40,51,62], [13,22,27,38,43,48,61],
 [13,22,27,39,42,49,60], [13,22,27,64,77,86,91], [13,22,27,65,76,87,90],
 [13,22,27,66,79,84,89], [13,22,27,67,78,85,88], [13,22,27,68,73,82,95],
 [13,22,27,69,72,83,94], [13,22,27,70,75,80,93], [13,22,27,71,74,81,92],
 [13,22,27,96,109,118,123], [13,22,27,97,108,119,122], [13,22,27,98,111,116,121],
 [13,22,27,99,110,117,120], [13,22,27,100,105,114,127], [13,22,27,101,104,115,126],
 [13,22,27,102,107,112,125], [13,22,27,103,106,113,124], [13,23,26,32,45,55,58],
 [13,23,26,33,44,54,59], [13,23,26,34,47,53,56], [13,23,26,35,46,52,57],
 [13,23,26,36,41,51,62], [13,23,26,37,40,50,63], [13,23,26,38,43,49,60],
 [13,23,26,39,42,48,61], [13,23,26,64,77,87,90], [13,23,26,65,76,86,91],
 [13,23,26,66,79,85,88], [13,23,26,67,78,84,89], [13,23,26,68,73,83,94],
 [13,23,26,69,72,82,95], [13,23,26,70,75,81,92], [13,23,26,71,74,80,93],
 [13,23,26,96,109,119,122], [13,23,26,97,108,118,123], [13,23,26,98,111,117,120],
 [13,23,26,99,110,116,121], [13,23,26,100,105,115,126], [13,23,26,101,104,114,127],
 [13,23,26,102,107,113,124], [13,23,26,103,106,112,125], [13,32,45,64,77,96,109],
 [13,32,45,65,76,97,108], [13,32,45,66,79,98,111], [13,32,45,67,78,99,110],
 [13,32,45,68,73,100,105], [13,32,45,69,72,101,104], [13,32,45,70,75,102,107],
 [13,32,45,71,74,103,106], [13,32,45,80,93,112,125], [13,32,45,81,92,113,124],
 [13,32,45,82,95,114,127], [13,32,45,83,94,115,126], [13,32,45,84,89,116,121],
 [13,32,45,85,88,117,120], [13,32,45,86,91,118,123], [13,32,45,87,90,119,122],
 [13,33,44,64,77,97,108], [13,33,44,65,76,96,109], [13,33,44,66,79,99,110],
 [13,33,44,67,78,98,111], [13,33,44,68,73,101,104], [13,33,44,69,72,100,105],
 [13,33,44,70,75,103,106], [13,33,44,71,74,102,107], [13,33,44,80,93,113,124],
 [13,33,44,81,92,112,125], [13,33,44,82,95,115,126], [13,33,44,83,94,114,127],
 [13,33,44,84,89,117,120], [13,33,44,85,88,116,121], [13,33,44,86,91,119,122],
 [13,33,44,87,90,118,123], [13,34,47,64,77,98,111], [13,34,47,65,76,99,110],
 [13,34,47,66,79,96,109], [13,34,47,67,78,97,108], [13,34,47,68,73,102,107],
 [13,34,47,69,72,103,106], [13,34,47,70,75,100,105], [13,34,47,71,74,101,104],
 [13,34,47,80,93,114,127], [13,34,47,81,92,115,126], [13,34,47,82,95,112,125],
 [13,34,47,83,94,113,124], [13,34,47,84,89,118,123], [13,34,47,85,88,119,122],
 [13,34,47,86,91,116,121], [13,34,47,87,90,117,120], [13,35,46,64,77,99,110],
 [13,35,46,65,76,98,111], [13,35,46,66,79,97,108], [13,35,46,67,78,96,109],
 [13,35,46,68,73,103,106], [13,35,46,69,72,102,107], [13,35,46,70,75,101,104],
 [13,35,46,71,74,100,105], [13,35,46,80,93,115,126], [13,35,46,81,92,114,127],
 [13,35,46,82,95,113,124], [13,35,46,83,94,112,125], [13,35,46,84,89,119,122],
 [13,35,46,85,88,118,123], [13,35,46,86,91,117,120], [13,35,46,87,90,116,121],
 [13,36,41,64,77,100,105], [13,36,41,65,76,101,104], [13,36,41,66,79,102,107],
 [13,36,41,67,78,103,106], [13,36,41,68,73,96,109], [13,36,41,69,72,97,108],
 [13,36,41,70,75,98,111], [13,36,41,71,74,99,110], [13,36,41,80,93,116,121],
 [13,36,41,81,92,117,120], [13,36,41,82,95,118,123], [13,36,41,83,94,119,122],
 [13,36,41,84,89,112,125], [13,36,41,85,88,113,124], [13,36,41,86,91,114,127],
 [13,36,41,87,90,115,126], [13,37,40,64,77,101,104], [13,37,40,65,76,100,105],
 [13,37,40,66,79,103,106], [13,37,40,67,78,102,107], [13,37,40,68,73,97,108],
 [13,37,40,69,72,96,109], [13,37,40,70,75,99,110], [13,37,40,71,74,98,111],
 [13,37,40,80,93,117,120], [13,37,40,81,92,116,121], [13,37,40,82,95,119,122],
 [13,37,40,83,94,118,123], [13,37,40,84,89,113,124], [13,37,40,85,88,112,125],
 [13,37,40,86,91,115,126], [13,37,40,87,90,114,127], [13,38,43,64,77,102,107],
 [13,38,43,65,76,103,106], [13,38,43,66,79,100,105], [13,38,43,67,78,101,104],
 [13,38,43,68,73,98,111], [13,38,43,69,72,99,110], [13,38,43,70,75,96,109],
 [13,38,43,71,74,97,108], [13,38,43,80,93,118,123], [13,38,43,81,92,119,122],
 [13,38,43,82,95,116,121], [13,38,43,83,94,117,120], [13,38,43,84,89,114,127],
 [13,38,43,85,88,115,126], [13,38,43,86,91,112,125], [13,38,43,87,90,113,124],
 [13,39,42,64,77,103,106], [13,39,42,65,76,102,107], [13,39,42,66,79,101,104],
 [13,39,42,67,78,100,105], [13,39,42,68,73,99,110], [13,39,42,69,72,98,111],
 [13,39,42,70,75,97,108], [13,39,42,71,74,96,109], [13,39,42,80,93,119,122],
 [13,39,42,81,92,118,123], [13,39,42,82,95,117,120], [13,39,42,83,94,116,121],
 [13,39,42,84,89,115,126], [13,39,42,85,88,114,127], [13,39,42,86,91,113,124],
 [13,39,42,87,90,112,125], [13,48,61,64,77,112,125], [13,48,61,65,76,113,124],
 [13,48,61,66,79,114,127], [13,48,61,67,78,115,126], [13,48,61,68,73,116,121],
 [13,48,61,69,72,117,120], [13,48,61,70,75,118,123], [13,48,61,71,74,119,122],
 [13,48,61,80,93,96,109], [13,48,61,81,92,97,108], [13,48,61,82,95,98,111],
 [13,48,61,83,94,99,110], [13,48,61,84,89,100,105], [13,48,61,85,88,101,104],
 [13,48,61,86,91,102,107], [13,48,61,87,90,103,106], [13,49,60,64,77,113,124],
 [13,49,60,65,76,112,125], [13,49,60,66,79,115,126], [13,49,60,67,78,114,127],
 [13,49,60,68,73,117,120], [13,49,60,69,72,116,121], [13,49,60,70,75,119,122],
 [13,49,60,71,74,118,123], [13,49,60,80,93,97,108], [13,49,60,81,92,96,109],
 [13,49,60,82,95,99,110], [13,49,60,83,94,98,111], [13,49,60,84,89,101,104],
 [13,49,60,85,88,100,105], [13,49,60,86,91,103,106], [13,49,60,87,90,102,107],
 [13,50,63,64,77,114,127], [13,50,63,65,76,115,126], [13,50,63,66,79,112,125],
 [13,50,63,67,78,113,124], [13,50,63,68,73,118,123], [13,50,63,69,72,119,122],
 [13,50,63,70,75,116,121], [13,50,63,71,74,117,120], [13,50,63,80,93,98,111],
 [13,50,63,81,92,99,110], [13,50,63,82,95,96,109], [13,50,63,83,94,97,108],
 [13,50,63,84,89,102,107], [13,50,63,85,88,103,106], [13,50,63,86,91,100,105],
 [13,50,63,87,90,101,104], [13,51,62,64,77,115,126], [13,51,62,65,76,114,127],
 [13,51,62,66,79,113,124], [13,51,62,67,78,112,125], [13,51,62,68,73,119,122],
 [13,51,62,69,72,118,123], [13,51,62,70,75,117,120], [13,51,62,71,74,116,121],
 [13,51,62,80,93,99,110], [13,51,62,81,92,98,111], [13,51,62,82,95,97,108],
 [13,51,62,83,94,96,109], [13,51,62,84,89,103,106], [13,51,62,85,88,102,107],
 [13,51,62,86,91,101,104], [13,51,62,87,90,100,105], [13,52,57,64,77,116,121],
 [13,52,57,65,76,117,120], [13,52,57,66,79,118,123], [13,52,57,67,78,119,122],
 [13,52,57,68,73,112,125], [13,52,57,69,72,113,124], [13,52,57,70,75,114,127],
 [13,52,57,71,74,115,126], [13,52,57,80,93,100,105], [13,52,57,81,92,101,104],
 [13,52,57,82,95,102,107], [13,52,57,83,94,103,106], [13,52,57,84,89,96,109],
 [13,52,57,85,88,97,108], [13,52,57,86,91,98,111], [13,52,57,87,90,99,110],
 [13,53,56,64,77,117,120], [13,53,56,65,76,116,121], [13,53,56,66,79,119,122],
 [13,53,56,67,78,118,123], [13,53,56,68,73,113,124], [13,53,56,69,72,112,125],
 [13,53,56,70,75,115,126], [13,53,56,71,74,114,127], [13,53,56,80,93,101,104],
 [13,53,56,81,92,100,105], [13,53,56,82,95,103,106], [13,53,56,83,94,102,107],
 [13,53,56,84,89,97,108], [13,53,56,85,88,96,109], [13,53,56,86,91,99,110],
 [13,53,56,87,90,98,111], [13,54,59,64,77,118,123], [13,54,59,65,76,119,122],
 [13,54,59,66,79,116,121], [13,54,59,67,78,117,120], [13,54,59,68,73,114,127],
 [13,54,59,69,72,115,126], [13,54,59,70,75,112,125], [13,54,59,71,74,113,124],
 [13,54,59,80,93,102,107], [13,54,59,81,92,103,106], [13,54,59,82,95,100,105],
 [13,54,59,83,94,101,104], [13,54,59,84,89,98,111], [13,54,59,85,88,99,110],
 [13,54,59,86,91,96,109], [13,54,59,87,90,97,108], [13,55,58,64,77,119,122],
 [13,55,58,65,76,118,123], [13,55,58,66,79,117,120], [13,55,58,67,78,116,121],
 [13,55,58,68,73,115,126], [13,55,58,69,72,114,127], [13,55,58,70,75,113,124],
 [13,55,58,71,74,112,125], [13,55,58,80,93,103,106], [13,55,58,81,92,102,107],
 [13,55,58,82,95,101,104], [13,55,58,83,94,100,105], [13,55,58,84,89,99,110],
 [13,55,58,85,88,98,111], [13,55,58,86,91,97,108], [13,55,58,87,90,96,109],
 [14,16,30,32,46,48,62], [14,16,30,33,47,49,63], [14,16,30,34,44,50,60],
 [14,16,30,35,45,51,61], [14,16,30,36,42,52,58], [14,16,30,37,43,53,59],
 [14,16,30,38,40,54,56], [14,16,30,39,41,55,57], [14,16,30,64,78,80,94],
 [14,16,30,65,79,81,95], [14,16,30,66,76,82,92], [14,16,30,67,77,83,93],
 [14,16,30,68,74,84,90], [14,16,30,69,75,85,91], [14,16,30,70,72,86,88],
 [14,16,30,71,73,87,89], [14,16,30,96,110,112,126], [14,16,30,97,111,113,127],
 [14,16,30,98,108,114,124], [14,16,30,99,109,115,125], [14,16,30,100,106,116,122],
 [14,16,30,101,107,117,123], [14,16,30,102,104,118,120], [14,16,30,103,105,119,121],
 [14,17,31,32,46,49,63], [14,17,31,33,47,48,62], [14,17,31,34,44,51,61],
 [14,17,31,35,45,50,60], [14,17,31,36,42,53,59], [14,17,31,37,43,52,58],
 [14,17,31,38,40,55,57], [14,17,31,39,41,54,56], [14,17,31,64,78,81,95],
 [14,17,31,65,79,80,94], [14,17,31,66,76,83,93], [14,17,31,67,77,82,92],
 [14,17,31,68,74,85,91], [14,17,31,69,75,84,90], [14,17,31,70,72,87,89],
 [14,17,31,71,73,86,88], [14,17,31,96,110,113,127], [14,17,31,97,111,112,126],
 [14,17,31,98,108,115,125], [14,17,31,99,109,114,124], [14,17,31,100,106,117,123],
 [14,17,31,101,107,116,122], [14,17,31,102,104,119,121], [14,17,31,103,105,118,120],
 [14,18,28,32,46,50,60], [14,18,28,33,47,51,61], [14,18,28,34,44,48,62],
 [14,18,28,35,45,49,63], [14,18,28,36,42,54,56], [14,18,28,37,43,55,57],
 [14,18,28,38,40,52,58], [14,18,28,39,41,53,59], [14,18,28,64,78,82,92],
 [14,18,28,65,79,83,93], [14,18,28,66,76,80,94], [14,18,28,67,77,81,95],
 [14,18,28,68,74,86,88], [14,18,28,69,75,87,89], [14,18,28,70,72,84,90],
 [14,18,28,71,73,85,91], [14,18,28,96,110,114,124], [14,18,28,97,111,115,125],
 [14,18,28,98,108,112,126], [14,18,28,99,109,113,127], [14,18,28,100,106,118,120],
 [14,18,28,101,107,119,121], [14,18,28,102,104,116,122], [14,18,28,103,105,117,123],
 [14,19,29,32,46,51,61], [14,19,29,33,47,50,60], [14,19,29,34,44,49,63],
 [14,19,29,35,45,48,62], [14,19,29,36,42,55,57], [14,19,29,37,43,54,56],
 [14,19,29,38,40,53,59], [14,19,29,39,41,52,58], [14,19,29,64,78,83,93],
 [14,19,29,65,79,82,92], [14,19,29,66,76,81,95], [14,19,29,67,77,80,94],
 [14,19,29,68,74,87,89], [14,19,29,69,75,86,88], [14,19,29,70,72,85,91],
 [14,19,29,71,73,84,90], [14,19,29,96,110,115,125], [14,19,29,97,111,114,124],
 [14,19,29,98,108,113,127], [14,19,29,99,109,112,126], [14,19,29,100,106,119,121],
 [14,19,29,101,107,118,120], [14,19,29,102,104,117,123], [14,19,29,103,105,116,122],
 [14,20,26,32,46,52,58], [14,20,26,33,47,53,59], [14,20,26,34,44,54,56],
 [14,20,26,35,45,55,57], [14,20,26,36,42,48,62], [14,20,26,37,43,49,63],
 [14,20,26,38,40,50,60], [14,20,26,39,41,51,61], [14,20,26,64,78,84,90],
 [14,20,26,65,79,85,91], [14,20,26,66,76,86,88], [14,20,26,67,77,87,89],
 [14,20,26,68,74,80,94], [14,20,26,69,75,81,95], [14,20,26,70,72,82,92],
 [14,20,26,71,73,83,93], [14,20,26,96,110,116,122], [14,20,26,97,111,117,123],
 [14,20,26,98,108,118,120], [14,20,26,99,109,119,121], [14,20,26,100,106,112,126],
 [14,20,26,101,107,113,127], [14,20,26,102,104,114,124], [14,20,26,103,105,115,125],
 [14,21,27,32,46,53,59], [14,21,27,33,47,52,58], [14,21,27,34,44,55,57],
 [14,21,27,35,45,54,56], [14,21,27,36,42,49,63], [14,21,27,37,43,48,62],
 [14,21,27,38,40,51,61], [14,21,27,39,41,50,60], [14,21,27,64,78,85,91],
 [14,21,27,65,79,84,90], [14,21,27,66,76,87,89], [14,21,27,67,77,86,88],
 [14,21,27,68,74,81,95], [14,21,27,69,75,80,94], [14,21,27,70,72,83,93],
 [14,21,27,71,73,82,92], [14,21,27,96,110,117,123], [14,21,27,97,111,116,122],
 [14,21,27,98,108,119,121], [14,21,27,99,109,118,120], [14,21,27,100,106,113,127],
 [14,21,27,101,107,112,126], [14,21,27,102,104,115,125], [14,21,27,103,105,114,124],
 [14,22,24,32,46,54,56], [14,22,24,33,47,55,57], [14,22,24,34,44,52,58],
 [14,22,24,35,45,53,59], [14,22,24,36,42,50,60], [14,22,24,37,43,51,61],
 [14,22,24,38,40,48,62], [14,22,24,39,41,49,63], [14,22,24,64,78,86,88],
 [14,22,24,65,79,87,89], [14,22,24,66,76,84,90], [14,22,24,67,77,85,91],
 [14,22,24,68,74,82,92], [14,22,24,69,75,83,93], [14,22,24,70,72,80,94],
 [14,22,24,71,73,81,95], [14,22,24,96,110,118,120], [14,22,24,97,111,119,121],
 [14,22,24,98,108,116,122], [14,22,24,99,109,117,123], [14,22,24,100,106,114,124],
 [14,22,24,101,107,115,125], [14,22,24,102,104,112,126], [14,22,24,103,105,113,127],
 [14,23,25,32,46,55,57], [14,23,25,33,47,54,56], [14,23,25,34,44,53,59],
 [14,23,25,35,45,52,58], [14,23,25,36,42,51,61], [14,23,25,37,43,50,60],
 [14,23,25,38,40,49,63], [14,23,25,39,41,48,62], [14,23,25,64,78,87,89],
 [14,23,25,65,79,86,88], [14,23,25,66,76,85,91], [14,23,25,67,77,84,90],
 [14,23,25,68,74,83,93], [14,23,25,69,75,82,92], [14,23,25,70,72,81,95],
 [14,23,25,71,73,80,94], [14,23,25,96,110,119,121], [14,23,25,97,111,118,120],
 [14,23,25,98,108,117,123], [14,23,25,99,109,116,122], [14,23,25,100,106,115,125],
 [14,23,25,101,107,114,124], [14,23,25,102,104,113,127], [14,23,25,103,105,112,126],
 [14,32,46,64,78,96,110], [14,32,46,65,79,97,111], [14,32,46,66,76,98,108],
 [14,32,46,67,77,99,109], [14,32,46,68,74,100,106], [14,32,46,69,75,101,107],
 [14,32,46,70,72,102,104], [14,32,46,71,73,103,105], [14,32,46,80,94,112,126],
 [14,32,46,81,95,113,127], [14,32,46,82,92,114,124], [14,32,46,83,93,115,125],
 [14,32,46,84,90,116,122], [14,32,46,85,91,117,123], [14,32,46,86,88,118,120],
 [14,32,46,87,89,119,121], [14,33,47,64,78,97,111], [14,33,47,65,79,96,110],
 [14,33,47,66,76,99,109], [14,33,47,67,77,98,108], [14,33,47,68,74,101,107],
 [14,33,47,69,75,100,106], [14,33,47,70,72,103,105], [14,33,47,71,73,102,104],
 [14,33,47,80,94,113,127], [14,33,47,81,95,112,126], [14,33,47,82,92,115,125],
 [14,33,47,83,93,114,124], [14,33,47,84,90,117,123], [14,33,47,85,91,116,122],
 [14,33,47,86,88,119,121], [14,33,47,87,89,118,120], [14,34,44,64,78,98,108],
 [14,34,44,65,79,99,109], [14,34,44,66,76,96,110], [14,34,44,67,77,97,111],
 [14,34,44,68,74,102,104], [14,34,44,69,75,103,105], [14,34,44,70,72,100,106],
 [14,34,44,71,73,101,107], [14,34,44,80,94,114,124], [14,34,44,81,95,115,125],
 [14,34,44,82,92,112,126], [14,34,44,83,93,113,127], [14,34,44,84,90,118,120],
 [14,34,44,85,91,119,121], [14,34,44,86,88,116,122], [14,34,44,87,89,117,123],
 [14,35,45,64,78,99,109], [14,35,45,65,79,98,108], [14,35,45,66,76,97,111],
 [14,35,45,67,77,96,110], [14,35,45,68,74,103,105], [14,35,45,69,75,102,104],
 [14,35,45,70,72,101,107], [14,35,45,71,73,100,106], [14,35,45,80,94,115,125],
 [14,35,45,81,95,114,124], [14,35,45,82,92,113,127], [14,35,45,83,93,112,126],
 [14,35,45,84,90,119,121], [14,35,45,85,91,118,120], [14,35,45,86,88,117,123],
 [14,35,45,87,89,116,122], [14,36,42,64,78,100,106], [14,36,42,65,79,101,107],
 [14,36,42,66,76,102,104], [14,36,42,67,77,103,105], [14,36,42,68,74,96,110],
 [14,36,42,69,75,97,111], [14,36,42,70,72,98,108], [14,36,42,71,73,99,109],
 [14,36,42,80,94,116,122], [14,36,42,81,95,117,123], [14,36,42,82,92,118,120],
 [14,36,42,83,93,119,121], [14,36,42,84,90,112,126], [14,36,42,85,91,113,127],
 [14,36,42,86,88,114,124], [14,36,42,87,89,115,125], [14,37,43,64,78,101,107],
 [14,37,43,65,79,100,106], [14,37,43,66,76,103,105], [14,37,43,67,77,102,104],
 [14,37,43,68,74,97,111], [14,37,43,69,75,96,110], [14,37,43,70,72,99,109],
 [14,37,43,71,73,98,108], [14,37,43,80,94,117,123], [14,37,43,81,95,116,122],
 [14,37,43,82,92,119,121], [14,37,43,83,93,118,120], [14,37,43,84,90,113,127],
 [14,37,43,85,91,112,126], [14,37,43,86,88,115,125], [14,37,43,87,89,114,124],
 [14,38,40,64,78,102,104], [14,38,40,65,79,103,105], [14,38,40,66,76,100,106],
 [14,38,40,67,77,101,107], [14,38,40,68,74,98,108], [14,38,40,69,75,99,109],
 [14,38,40,70,72,96,110], [14,38,40,71,73,97,111], [14,38,40,80,94,118,120],
 [14,38,40,81,95,119,121], [14,38,40,82,92,116,122], [14,38,40,83,93,117,123],
 [14,38,40,84,90,114,124], [14,38,40,85,91,115,125], [14,38,40,86,88,112,126],
 [14,38,40,87,89,113,127], [14,39,41,64,78,103,105], [14,39,41,65,79,102,104],
 [14,39,41,66,76,101,107], [14,39,41,67,77,100,106], [14,39,41,68,74,99,109],
 [14,39,41,69,75,98,108], [14,39,41,70,72,97,111], [14,39,41,71,73,96,110],
 [14,39,41,80,94,119,121], [14,39,41,81,95,118,120], [14,39,41,82,92,117,123],
 [14,39,41,83,93,116,122], [14,39,41,84,90,115,125], [14,39,41,85,91,114,124],
 [14,39,41,86,88,113,127], [14,39,41,87,89,112,126], [14,48,62,64,78,112,126],
 [14,48,62,65,79,113,127], [14,48,62,66,76,114,124], [14,48,62,67,77,115,125],
 [14,48,62,68,74,116,122], [14,48,62,69,75,117,123], [14,48,62,70,72,118,120],
 [14,48,62,71,73,119,121], [14,48,62,80,94,96,110], [14,48,62,81,95,97,111],
 [14,48,62,82,92,98,108], [14,48,62,83,93,99,109], [14,48,62,84,90,100,106],
 [14,48,62,85,91,101,107], [14,48,62,86,88,102,104], [14,48,62,87,89,103,105],
 [14,49,63,64,78,113,127], [14,49,63,65,79,112,126], [14,49,63,66,76,115,125],
 [14,49,63,67,77,114,124], [14,49,63,68,74,117,123], [14,49,63,69,75,116,122],
 [14,49,63,70,72,119,121], [14,49,63,71,73,118,120], [14,49,63,80,94,97,111],
 [14,49,63,81,95,96,110], [14,49,63,82,92,99,109], [14,49,63,83,93,98,108],
 [14,49,63,84,90,101,107], [14,49,63,85,91,100,106], [14,49,63,86,88,103,105],
 [14,49,63,87,89,102,104], [14,50,60,64,78,114,124], [14,50,60,65,79,115,125],
 [14,50,60,66,76,112,126], [14,50,60,67,77,113,127], [14,50,60,68,74,118,120],
 [14,50,60,69,75,119,121], [14,50,60,70,72,116,122], [14,50,60,71,73,117,123],
 [14,50,60,80,94,98,108], [14,50,60,81,95,99,109], [14,50,60,82,92,96,110],
 [14,50,60,83,93,97,111], [14,50,60,84,90,102,104], [14,50,60,85,91,103,105],
 [14,50,60,86,88,100,106], [14,50,60,87,89,101,107], [14,51,61,64,78,115,125],
 [14,51,61,65,79,114,124], [14,51,61,66,76,113,127], [14,51,61,67,77,112,126],
 [14,51,61,68,74,119,121], [14,51,61,69,75,118,120], [14,51,61,70,72,117,123],
 [14,51,61,71,73,116,122], [14,51,61,80,94,99,109], [14,51,61,81,95,98,108],
 [14,51,61,82,92,97,111], [14,51,61,83,93,96,110], [14,51,61,84,90,103,105],
 [14,51,61,85,91,102,104], [14,51,61,86,88,101,107], [14,51,61,87,89,100,106],
 [14,52,58,64,78,116,122], [14,52,58,65,79,117,123], [14,52,58,66,76,118,120],
 [14,52,58,67,77,119,121], [14,52,58,68,74,112,126], [14,52,58,69,75,113,127],
 [14,52,58,70,72,114,124], [14,52,58,71,73,115,125], [14,52,58,80,94,100,106],
 [14,52,58,81,95,101,107], [14,52,58,82,92,102,104], [14,52,58,83,93,103,105],
 [14,52,58,84,90,96,110], [14,52,58,85,91,97,111], [14,52,58,86,88,98,108],
 [14,52,58,87,89,99,109], [14,53,59,64,78,117,123], [14,53,59,65,79,116,122],
 [14,53,59,66,76,119,121], [14,53,59,67,77,118,120], [14,53,59,68,74,113,127],
 [14,53,59,69,75,112,126], [14,53,59,70,72,115,125], [14,53,59,71,73,114,124],
 [14,53,59,80,94,101,107], [14,53,59,81,95,100,106], [14,53,59,82,92,103,105],
 [14,53,59,83,93,102,104], [14,53,59,84,90,97,111], [14,53,59,85,91,96,110],
 [14,53,59,86,88,99,109], [14,53,59,87,89,98,108], [14,54,56,64,78,118,120],
 [14,54,56,65,79,119,121], [14,54,56,66,76,116,122], [14,54,56,67,77,117,123],
 [14,54,56,68,74,114,124], [14,54,56,69,75,115,125], [14,54,56,70,72,112,126],
 [14,54,56,71,73,113,127], [14,54,56,80,94,102,104], [14,54,56,81,95,103,105],
 [14,54,56,82,92,100,106], [14,54,56,83,93,101,107], [14,54,56,84,90,98,108],
 [14,54,56,85,91,99,109], [14,54,56,86,88,96,110], [14,54,56,87,89,97,111],
 [14,55,57,64,78,119,121], [14,55,57,65,79,118,120], [14,55,57,66,76,117,123],
 [14,55,57,67,77,116,122], [14,55,57,68,74,115,125], [14,55,57,69,75,114,124],
 [14,55,57,70,72,113,127], [14,55,57,71,73,112,126], [14,55,57,80,94,103,105],
 [14,55,57,81,95,102,104], [14,55,57,82,92,101,107], [14,55,57,83,93,100,106],
 [14,55,57,84,90,99,109], [14,55,57,85,91,98,108], [14,55,57,86,88,97,111],
 [14,55,57,87,89,96,110], [15,16,31,32,47,48,63], [15,16,31,33,46,49,62],
 [15,16,31,34,45,50,61], [15,16,31,35,44,51,60], [15,16,31,36,43,52,59],
 [15,16,31,37,42,53,58], [15,16,31,38,41,54,57], [15,16,31,39,40,55,56],
 [15,16,31,64,79,80,95], [15,16,31,65,78,81,94], [15,16,31,66,77,82,93],
 [15,16,31,67,76,83,92], [15,16,31,68,75,84,91], [15,16,31,69,74,85,90],
 [15,16,31,70,73,86,89], [15,16,31,71,72,87,88], [15,16,31,96,111,112,127],
 [15,16,31,97,110,113,126], [15,16,31,98,109,114,125], [15,16,31,99,108,115,124],
 [15,16,31,100,107,116,123], [15,16,31,101,106,117,122], [15,16,31,102,105,118,121],
 [15,16,31,103,104,119,120], [15,17,30,32,47,49,62], [15,17,30,33,46,48,63],
 [15,17,30,34,45,51,60], [15,17,30,35,44,50,61], [15,17,30,36,43,53,58],
 [15,17,30,37,42,52,59], [15,17,30,38,41,55,56], [15,17,30,39,40,54,57],
 [15,17,30,64,79,81,94], [15,17,30,65,78,80,95], [15,17,30,66,77,83,92],
 [15,17,30,67,76,82,93], [15,17,30,68,75,85,90], [15,17,30,69,74,84,91],
 [15,17,30,70,73,87,88], [15,17,30,71,72,86,89], [15,17,30,96,111,113,126],
 [15,17,30,97,110,112,127], [15,17,30,98,109,115,124], [15,17,30,99,108,114,125],
 [15,17,30,100,107,117,122], [15,17,30,101,106,116,123], [15,17,30,102,105,119,120],
 [15,17,30,103,104,118,121], [15,18,29,32,47,50,61], [15,18,29,33,46,51,60],
 [15,18,29,34,45,48,63], [15,18,29,35,44,49,62], [15,18,29,36,43,54,57],
 [15,18,29,37,42,55,56], [15,18,29,38,41,52,59], [15,18,29,39,40,53,58],
 [15,18,29,64,79,82,93], [15,18,29,65,78,83,92], [15,18,29,66,77,80,95],
 [15,18,29,67,76,81,94], [15,18,29,68,75,86,89], [15,18,29,69,74,87,88],
 [15,18,29,70,73,84,91], [15,18,29,71,72,85,90], [15,18,29,96,111,114,125],
 [15,18,29,97,110,115,124], [15,18,29,98,109,112,127], [15,18,29,99,108,113,126],
 [15,18,29,100,107,118,121], [15,18,29,101,106,119,120], [15,18,29,102,105,116,123],
 [15,18,29,103,104,117,122], [15,19,28,32,47,51,60], [15,19,28,33,46,50,61],
 [15,19,28,34,45,49,62], [15,19,28,35,44,48,63], [15,19,28,36,43,55,56],
 [15,19,28,37,42,54,57], [15,19,28,38,41,53,58], [15,19,28,39,40,52,59],
 [15,19,28,64,79,83,92], [15,19,28,65,78,82,93], [15,19,28,66,77,81,94],
 [15,19,28,67,76,80,95], [15,19,28,68,75,87,88], [15,19,28,69,74,86,89],
 [15,19,28,70,73,85,90], [15,19,28,71,72,84,91], [15,19,28,96,111,115,124],
 [15,19,28,97,110,114,125], [15,19,28,98,109,113,126], [15,19,28,99,108,112,127],
 [15,19,28,100,107,119,120], [15,19,28,101,106,118,121], [15,19,28,102,105,117,122],
 [15,19,28,103,104,116,123], [15,20,27,32,47,52,59], [15,20,27,33,46,53,58],
 [15,20,27,34,45,54,57], [15,20,27,35,44,55,56], [15,20,27,36,43,48,63],
 [15,20,27,37,42,49,62], [15,20,27,38,41,50,61], [15,20,27,39,40,51,60],
 [15,20,27,64,79,84,91], [15,20,27,65,78,85,90], [15,20,27,66,77,86,89],
 [15,20,27,67,76,87,88], [15,20,27,68,75,80,95], [15,20,27,69,74,81,94],
 [15,20,27,70,73,82,93], [15,20,27,71,72,83,92], [15,20,27,96,111,116,123],
 [15,20,27,97,110,117,122], [15,20,27,98,109,118,121], [15,20,27,99,108,119,120],
 [15,20,27,100,107,112,127], [15,20,27,101,106,113,126], [15,20,27,102,105,114,125],
 [15,20,27,103,104,115,124], [15,21,26,32,47,53,58], [15,21,26,33,46,52,59],
 [15,21,26,34,45,55,56], [15,21,26,35,44,54,57], [15,21,26,36,43,49,62],
 [15,21,26,37,42,48,63], [15,21,26,38,41,51,60], [15,21,26,39,40,50,61],
 [15,21,26,64,79,85,90], [15,21,26,65,78,84,91], [15,21,26,66,77,87,88],
 [15,21,26,67,76,86,89], [15,21,26,68,75,81,94], [15,21,26,69,74,80,95],
 [15,21,26,70,73,83,92], [15,21,26,71,72,82,93], [15,21,26,96,111,117,122],
 [15,21,26,97,110,116,123], [15,21,26,98,109,119,120], [15,21,26,99,108,118,121],
 [15,21,26,100,107,113,126], [15,21,26,101,106,112,127], [15,21,26,102,105,115,124],
 [15,21,26,103,104,114,125], [15,22,25,32,47,54,57], [15,22,25,33,46,55,56],
 [15,22,25,34,45,52,59], [15,22,25,35,44,53,58], [15,22,25,36,43,50,61],
 [15,22,25,37,42,51,60], [15,22,25,38,41,48,63], [15,22,25,39,40,49,62],
 [15,22,25,64,79,86,89], [15,22,25,65,78,87,88], [15,22,25,66,77,84,91],
 [15,22,25,67,76,85,90], [15,22,25,68,75,82,93], [15,22,25,69,74,83,92],
 [15,22,25,70,73,80,95], [15,22,25,71,72,81,94], [15,22,25,96,111,118,121],
 [15,22,25,97,110,119,120], [15,22,25,98,109,116,123], [15,22,25,99,108,117,122],
 [15,22,25,100,107,114,125], [15,22,25,101,106,115,124], [15,22,25,102,105,112,127],
 [15,22,25,103,104,113,126], [15,23,24,32,47,55,56], [15,23,24,33,46,54,57],
 [15,23,24,34,45,53,58], [15,23,24,35,44,52,59], [15,23,24,36,43,51,60],
 [15,23,24,37,42,50,61], [15,23,24,38,41,49,62], [15,23,24,39,40,48,63],
 [15,23,24,64,79,87,88], [15,23,24,65,78,86,89], [15,23,24,66,77,85,90],
 [15,23,24,67,76,84,91], [15,23,24,68,75,83,92], [15,23,24,69,74,82,93],
 [15,23,24,70,73,81,94], [15,23,24,71,72,80,95], [15,23,24,96,111,119,120],
 [15,23,24,97,110,118,121], [15,23,24,98,109,117,122], [15,23,24,99,108,116,123],
 [15,23,24,100,107,115,124], [15,23,24,101,106,114,125], [15,23,24,102,105,113,126],
 [15,23,24,103,104,112,127], [15,32,47,64,79,96,111], [15,32,47,65,78,97,110],
 [15,32,47,66,77,98,109], [15,32,47,67,76,99,108], [15,32,47,68,75,100,107],
 [15,32,47,69,74,101,106], [15,32,47,70,73,102,105], [15,32,47,71,72,103,104],
 [15,32,47,80,95,112,127], [15,32,47,81,94,113,126], [15,32,47,82,93,114,125],
 [15,32,47,83,92,115,124], [15,32,47,84,91,116,123], [15,32,47,85,90,117,122],
 [15,32,47,86,89,118,121], [15,32,47,87,88,119,120], [15,33,46,64,79,97,110],
 [15,33,46,65,78,96,111], [15,33,46,66,77,99,108], [15,33,46,67,76,98,109],
 [15,33,46,68,75,101,106], [15,33,46,69,74,100,107], [15,33,46,70,73,103,104],
 [15,33,46,71,72,102,105], [15,33,46,80,95,113,126], [15,33,46,81,94,112,127],
 [15,33,46,82,93,115,124], [15,33,46,83,92,114,125], [15,33,46,84,91,117,122],
 [15,33,46,85,90,116,123], [15,33,46,86,89,119,120], [15,33,46,87,88,118,121],
 [15,34,45,64,79,98,109], [15,34,45,65,78,99,108], [15,34,45,66,77,96,111],
 [15,34,45,67,76,97,110], [15,34,45,68,75,102,105], [15,34,45,69,74,103,104],
 [15,34,45,70,73,100,107], [15,34,45,71,72,101,106], [15,34,45,80,95,114,125],
 [15,34,45,81,94,115,124], [15,34,45,82,93,112,127], [15,34,45,83,92,113,126],
 [15,34,45,84,91,118,121], [15,34,45,85,90,119,120], [15,34,45,86,89,116,123],
 [15,34,45,87,88,117,122], [15,35,44,64,79,99,108], [15,35,44,65,78,98,109],
 [15,35,44,66,77,97,110], [15,35,44,67,76,96,111], [15,35,44,68,75,103,104],
 [15,35,44,69,74,102,105], [15,35,44,70,73,101,106], [15,35,44,71,72,100,107],
 [15,35,44,80,95,115,124], [15,35,44,81,94,114,125], [15,35,44,82,93,113,126],
 [15,35,44,83,92,112,127], [15,35,44,84,91,119,120], [15,35,44,85,90,118,121],
 [15,35,44,86,89,117,122], [15,35,44,87,88,116,123], [15,36,43,64,79,100,107],
 [15,36,43,65,78,101,106], [15,36,43,66,77,102,105], [15,36,43,67,76,103,104],
 [15,36,43,68,75,96,111], [15,36,43,69,74,97,110], [15,36,43,70,73,98,109],
 [15,36,43,71,72,99,108], [15,36,43,80,95,116,123], [15,36,43,81,94,117,122],
 [15,36,43,82,93,118,121], [15,36,43,83,92,119,120], [15,36,43,84,91,112,127],
 [15,36,43,85,90,113,126], [15,36,43,86,89,114,125], [15,36,43,87,88,115,124],
 [15,37,42,64,79,101,106], [15,37,42,65,78,100,107], [15,37,42,66,77,103,104],
 [15,37,42,67,76,102,105], [15,37,42,68,75,97,110], [15,37,42,69,74,96,111],
 [15,37,42,70,73,99,108], [15,37,42,71,72,98,109], [15,37,42,80,95,117,122],
 [15,37,42,81,94,116,123], [15,37,42,82,93,119,120], [15,37,42,83,92,118,121],
 [15,37,42,84,91,113,126], [15,37,42,85,90,112,127], [15,37,42,86,89,115,124],
 [15,37,42,87,88,114,125], [15,38,41,64,79,102,105], [15,38,41,65,78,103,104],
 [15,38,41,66,77,100,107], [15,38,41,67,76,101,106], [15,38,41,68,75,98,109],
 [15,38,41,69,74,99,108], [15,38,41,70,73,96,111], [15,38,41,71,72,97,110],
 [15,38,41,80,95,118,121], [15,38,41,81,94,119,120], [15,38,41,82,93,116,123],
 [15,38,41,83,92,117,122], [15,38,41,84,91,114,125], [15,38,41,85,90,115,124],
 [15,38,41,86,89,112,127], [15,38,41,87,88,113,126], [15,39,40,64,79,103,104],
 [15,39,40,65,78,102,105], [15,39,40,66,77,101,106], [15,39,40,67,76,100,107],
 [15,39,40,68,75,99,108], [15,39,40,69,74,98,109], [15,39,40,70,73,97,110],
 [15,39,40,71,72,96,111], [15,39,40,80,95,119,120], [15,39,40,81,94,118,121],
 [15,39,40,82,93,117,122], [15,39,40,83,92,116,123], [15,39,40,84,91,115,124],
 [15,39,40,85,90,114,125], [15,39,40,86,89,113,126], [15,39,40,87,88,112,127],
 [15,48,63,64,79,112,127], [15,48,63,65,78,113,126], [15,48,63,66,77,114,125],
 [15,48,63,67,76,115,124], [15,48,63,68,75,116,123], [15,48,63,69,74,117,122],
 [15,48,63,70,73,118,121], [15,48,63,71,72,119,120], [15,48,63,80,95,96,111],
 [15,48,63,81,94,97,110], [15,48,63,82,93,98,109], [15,48,63,83,92,99,108],
 [15,48,63,84,91,100,107], [15,48,63,85,90,101,106], [15,48,63,86,89,102,105],
 [15,48,63,87,88,103,104], [15,49,62,64,79,113,126], [15,49,62,65,78,112,127],
 [15,49,62,66,77,115,124], [15,49,62,67,76,114,125], [15,49,62,68,75,117,122],
 [15,49,62,69,74,116,123], [15,49,62,70,73,119,120], [15,49,62,71,72,118,121],
 [15,49,62,80,95,97,110], [15,49,62,81,94,96,111], [15,49,62,82,93,99,108],
 [15,49,62,83,92,98,109], [15,49,62,84,91,101,106], [15,49,62,85,90,100,107],
 [15,49,62,86,89,103,104], [15,49,62,87,88,102,105], [15,50,61,64,79,114,125],
 [15,50,61,65,78,115,124], [15,50,61,66,77,112,127], [15,50,61,67,76,113,126],
 [15,50,61,68,75,118,121], [15,50,61,69,74,119,120], [15,50,61,70,73,116,123],
 [15,50,61,71,72,117,122], [15,50,61,80,95,98,109], [15,50,61,81,94,99,108],
 [15,50,61,82,93,96,111], [15,50,61,83,92,97,110], [15,50,61,84,91,102,105],
 [15,50,61,85,90,103,104], [15,50,61,86,89,100,107], [15,50,61,87,88,101,106],
 [15,51,60,64,79,115,124], [15,51,60,65,78,114,125], [15,51,60,66,77,113,126],
 [15,51,60,67,76,112,127], [15,51,60,68,75,119,120], [15,51,60,69,74,118,121],
 [15,51,60,70,73,117,122], [15,51,60,71,72,116,123], [15,51,60,80,95,99,108],
 [15,51,60,81,94,98,109], [15,51,60,82,93,97,110], [15,51,60,83,92,96,111],
 [15,51,60,84,91,103,104], [15,51,60,85,90,102,105], [15,51,60,86,89,101,106],
 [15,51,60,87,88,100,107], [15,52,59,64,79,116,123], [15,52,59,65,78,117,122],
 [15,52,59,66,77,118,121], [15,52,59,67,76,119,120], [15,52,59,68,75,112,127],
 [15,52,59,69,74,113,126], [15,52,59,70,73,114,125], [15,52,59,71,72,115,124],
 [15,52,59,80,95,100,107], [15,52,59,81,94,101,106], [15,52,59,82,93,102,105],
 [15,52,59,83,92,103,104], [15,52,59,84,91,96,111], [15,52,59,85,90,97,110],
 [15,52,59,86,89,98,109], [15,52,59,87,88,99,108], [15,53,58,64,79,117,122],
 [15,53,58,65,78,116,123], [15,53,58,66,77,119,120], [15,53,58,67,76,118,121],
 [15,53,58,68,75,113,126], [15,53,58,69,74,112,127], [15,53,58,70,73,115,124],
 [15,53,58,71,72,114,125], [15,53,58,80,95,101,106], [15,53,58,81,94,100,107],
 [15,53,58,82,93,103,104], [15,53,58,83,92,102,105], [15,53,58,84,91,97,110],
 [15,53,58,85,90,96,111], [15,53,58,86,89,99,108], [15,53,58,87,88,98,109],
 [15,54,57,64,79,118,121], [15,54,57,65,78,119,120], [15,54,57,66,77,116,123],
 [15,54,57,67,76,117,122], [15,54,57,68,75,114,125], [15,54,57,69,74,115,124],
 [15,54,57,70,73,112,127], [15,54,57,71,72,113,126], [15,54,57,80,95,102,105],
 [15,54,57,81,94,103,104], [15,54,57,82,93,100,107], [15,54,57,83,92,101,106],
 [15,54,57,84,91,98,109], [15,54,57,85,90,99,108], [15,54,57,86,89,96,111],
 [15,54,57,87,88,97,110], [15,55,56,64,79,119,120], [15,55,56,65,78,118,121],
 [15,55,56,66,77,117,122], [15,55,56,67,76,116,123], [15,55,56,68,75,115,124],
 [15,55,56,69,74,114,125], [15,55,56,70,73,113,126], [15,55,56,71,72,112,127],
 [15,55,56,80,95,103,104], [15,55,56,81,94,102,105], [15,55,56,82,93,101,106],
 [15,55,56,83,92,100,107], [15,55,56,84,91,99,108], [15,55,56,85,90,98,109],
 [15,55,56,86,89,97,110], [15,55,56,87,88,96,111], [16,32,48,64,80,96,112],
 [16,32,48,65,81,97,113], [16,32,48,66,82,98,114], [16,32,48,67,83,99,115],
 [16,32,48,68,84,100,116], [16,32,48,69,85,101,117], [16,32,48,70,86,102,118],
 [16,32,48,71,87,103,119], [16,32,48,72,88,104,120], [16,32,48,73,89,105,121],
 [16,32,48,74,90,106,122], [16,32,48,75,91,107,123], [16,32,48,76,92,108,124],
 [16,32,48,77,93,109,125], [16,32,48,78,94,110,126], [16,32,48,79,95,111,127],
 [16,33,49,64,80,97,113], [16,33,49,65,81,96,112], [16,33,49,66,82,99,115],
 [16,33,49,67,83,98,114], [16,33,49,68,84,101,117], [16,33,49,69,85,100,116],
 [16,33,49,70,86,103,119], [16,33,49,71,87,102,118], [16,33,49,72,88,105,121],
 [16,33,49,73,89,104,120], [16,33,49,74,90,107,123], [16,33,49,75,91,106,122],
 [16,33,49,76,92,109,125], [16,33,49,77,93,108,124], [16,33,49,78,94,111,127],
 [16,33,49,79,95,110,126], [16,34,50,64,80,98,114], [16,34,50,65,81,99,115],
 [16,34,50,66,82,96,112], [16,34,50,67,83,97,113], [16,34,50,68,84,102,118],
 [16,34,50,69,85,103,119], [16,34,50,70,86,100,116], [16,34,50,71,87,101,117],
 [16,34,50,72,88,106,122], [16,34,50,73,89,107,123], [16,34,50,74,90,104,120],
 [16,34,50,75,91,105,121], [16,34,50,76,92,110,126], [16,34,50,77,93,111,127],
 [16,34,50,78,94,108,124], [16,34,50,79,95,109,125], [16,35,51,64,80,99,115],
 [16,35,51,65,81,98,114], [16,35,51,66,82,97,113], [16,35,51,67,83,96,112],
 [16,35,51,68,84,103,119], [16,35,51,69,85,102,118], [16,35,51,70,86,101,117],
 [16,35,51,71,87,100,116], [16,35,51,72,88,107,123], [16,35,51,73,89,106,122],
 [16,35,51,74,90,105,121], [16,35,51,75,91,104,120], [16,35,51,76,92,111,127],
 [16,35,51,77,93,110,126], [16,35,51,78,94,109,125], [16,35,51,79,95,108,124],
 [16,36,52,64,80,100,116], [16,36,52,65,81,101,117], [16,36,52,66,82,102,118],
 [16,36,52,67,83,103,119], [16,36,52,68,84,96,112], [16,36,52,69,85,97,113],
 [16,36,52,70,86,98,114], [16,36,52,71,87,99,115], [16,36,52,72,88,108,124],
 [16,36,52,73,89,109,125], [16,36,52,74,90,110,126], [16,36,52,75,91,111,127],
 [16,36,52,76,92,104,120], [16,36,52,77,93,105,121], [16,36,52,78,94,106,122],
 [16,36,52,79,95,107,123], [16,37,53,64,80,101,117], [16,37,53,65,81,100,116],
 [16,37,53,66,82,103,119], [16,37,53,67,83,102,118], [16,37,53,68,84,97,113],
 [16,37,53,69,85,96,112], [16,37,53,70,86,99,115], [16,37,53,71,87,98,114],
 [16,37,53,72,88,109,125], [16,37,53,73,89,108,124], [16,37,53,74,90,111,127],
 [16,37,53,75,91,110,126], [16,37,53,76,92,105,121], [16,37,53,77,93,104,120],
 [16,37,53,78,94,107,123], [16,37,53,79,95,106,122], [16,38,54,64,80,102,118],
 [16,38,54,65,81,103,119], [16,38,54,66,82,100,116], [16,38,54,67,83,101,117],
 [16,38,54,68,84,98,114], [16,38,54,69,85,99,115], [16,38,54,70,86,96,112],
 [16,38,54,71,87,97,113], [16,38,54,72,88,110,126], [16,38,54,73,89,111,127],
 [16,38,54,74,90,108,124], [16,38,54,75,91,109,125], [16,38,54,76,92,106,122],
 [16,38,54,77,93,107,123], [16,38,54,78,94,104,120], [16,38,54,79,95,105,121],
 [16,39,55,64,80,103,119], [16,39,55,65,81,102,118], [16,39,55,66,82,101,117],
 [16,39,55,67,83,100,116], [16,39,55,68,84,99,115], [16,39,55,69,85,98,114],
 [16,39,55,70,86,97,113], [16,39,55,71,87,96,112], [16,39,55,72,88,111,127],
 [16,39,55,73,89,110,126], [16,39,55,74,90,109,125], [16,39,55,75,91,108,124],
 [16,39,55,76,92,107,123], [16,39,55,77,93,106,122], [16,39,55,78,94,105,121],
 [16,39,55,79,95,104,120], [16,40,56,64,80,104,120], [16,40,56,65,81,105,121],
 [16,40,56,66,82,106,122], [16,40,56,67,83,107,123], [16,40,56,68,84,108,124],
 [16,40,56,69,85,109,125], [16,40,56,70,86,110,126], [16,40,56,71,87,111,127],
 [16,40,56,72,88,96,112], [16,40,56,73,89,97,113], [16,40,56,74,90,98,114],
 [16,40,56,75,91,99,115], [16,40,56,76,92,100,116], [16,40,56,77,93,101,117],
 [16,40,56,78,94,102,118], [16,40,56,79,95,103,119], [16,41,57,64,80,105,121],
 [16,41,57,65,81,104,120], [16,41,57,66,82,107,123], [16,41,57,67,83,106,122],
 [16,41,57,68,84,109,125], [16,41,57,69,85,108,124], [16,41,57,70,86,111,127],
 [16,41,57,71,87,110,126], [16,41,57,72,88,97,113], [16,41,57,73,89,96,112],
 [16,41,57,74,90,99,115], [16,41,57,75,91,98,114], [16,41,57,76,92,101,117],
 [16,41,57,77,93,100,116], [16,41,57,78,94,103,119], [16,41,57,79,95,102,118],
 [16,42,58,64,80,106,122], [16,42,58,65,81,107,123], [16,42,58,66,82,104,120],
 [16,42,58,67,83,105,121], [16,42,58,68,84,110,126], [16,42,58,69,85,111,127],
 [16,42,58,70,86,108,124], [16,42,58,71,87,109,125], [16,42,58,72,88,98,114],
 [16,42,58,73,89,99,115], [16,42,58,74,90,96,112], [16,42,58,75,91,97,113],
 [16,42,58,76,92,102,118], [16,42,58,77,93,103,119], [16,42,58,78,94,100,116],
 [16,42,58,79,95,101,117], [16,43,59,64,80,107,123], [16,43,59,65,81,106,122],
 [16,43,59,66,82,105,121], [16,43,59,67,83,104,120], [16,43,59,68,84,111,127],
 [16,43,59,69,85,110,126], [16,43,59,70,86,109,125], [16,43,59,71,87,108,124],
 [16,43,59,72,88,99,115], [16,43,59,73,89,98,114], [16,43,59,74,90,97,113],
 [16,43,59,75,91,96,112], [16,43,59,76,92,103,119], [16,43,59,77,93,102,118],
 [16,43,59,78,94,101,117], [16,43,59,79,95,100,116], [16,44,60,64,80,108,124],
 [16,44,60,65,81,109,125], [16,44,60,66,82,110,126], [16,44,60,67,83,111,127],
 [16,44,60,68,84,104,120], [16,44,60,69,85,105,121], [16,44,60,70,86,106,122],
 [16,44,60,71,87,107,123], [16,44,60,72,88,100,116], [16,44,60,73,89,101,117],
 [16,44,60,74,90,102,118], [16,44,60,75,91,103,119], [16,44,60,76,92,96,112],
 [16,44,60,77,93,97,113], [16,44,60,78,94,98,114], [16,44,60,79,95,99,115],
 [16,45,61,64,80,109,125], [16,45,61,65,81,108,124], [16,45,61,66,82,111,127],
 [16,45,61,67,83,110,126], [16,45,61,68,84,105,121], [16,45,61,69,85,104,120],
 [16,45,61,70,86,107,123], [16,45,61,71,87,106,122], [16,45,61,72,88,101,117],
 [16,45,61,73,89,100,116], [16,45,61,74,90,103,119], [16,45,61,75,91,102,118],
 [16,45,61,76,92,97,113], [16,45,61,77,93,96,112], [16,45,61,78,94,99,115],
 [16,45,61,79,95,98,114], [16,46,62,64,80,110,126], [16,46,62,65,81,111,127],
 [16,46,62,66,82,108,124], [16,46,62,67,83,109,125], [16,46,62,68,84,106,122],
 [16,46,62,69,85,107,123], [16,46,62,70,86,104,120], [16,46,62,71,87,105,121],
 [16,46,62,72,88,102,118], [16,46,62,73,89,103,119], [16,46,62,74,90,100,116],
 [16,46,62,75,91,101,117], [16,46,62,76,92,98,114], [16,46,62,77,93,99,115],
 [16,46,62,78,94,96,112], [16,46,62,79,95,97,113], [16,47,63,64,80,111,127],
 [16,47,63,65,81,110,126], [16,47,63,66,82,109,125], [16,47,63,67,83,108,124],
 [16,47,63,68,84,107,123], [16,47,63,69,85,106,122], [16,47,63,70,86,105,121],
 [16,47,63,71,87,104,120], [16,47,63,72,88,103,119], [16,47,63,73,89,102,118],
 [16,47,63,74,90,101,117], [16,47,63,75,91,100,116], [16,47,63,76,92,99,115],
 [16,47,63,77,93,98,114], [16,47,63,78,94,97,113], [16,47,63,79,95,96,112],
 [17,32,49,64,81,96,113], [17,32,49,65,80,97,112], [17,32,49,66,83,98,115],
 [17,32,49,67,82,99,114], [17,32,49,68,85,100,117], [17,32,49,69,84,101,116],
 [17,32,49,70,87,102,119], [17,32,49,71,86,103,118], [17,32,49,72,89,104,121],
 [17,32,49,73,88,105,120], [17,32,49,74,91,106,123], [17,32,49,75,90,107,122],
 [17,32,49,76,93,108,125], [17,32,49,77,92,109,124], [17,32,49,78,95,110,127],
 [17,32,49,79,94,111,126], [17,33,48,64,81,97,112], [17,33,48,65,80,96,113],
 [17,33,48,66,83,99,114], [17,33,48,67,82,98,115], [17,33,48,68,85,101,116],
 [17,33,48,69,84,100,117], [17,33,48,70,87,103,118], [17,33,48,71,86,102,119],
 [17,33,48,72,89,105,120], [17,33,48,73,88,104,121], [17,33,48,74,91,107,122],
 [17,33,48,75,90,106,123], [17,33,48,76,93,109,124], [17,33,48,77,92,108,125],
 [17,33,48,78,95,111,126], [17,33,48,79,94,110,127], [17,34,51,64,81,98,115],
 [17,34,51,65,80,99,114], [17,34,51,66,83,96,113], [17,34,51,67,82,97,112],
 [17,34,51,68,85,102,119], [17,34,51,69,84,103,118], [17,34,51,70,87,100,117],
 [17,34,51,71,86,101,116], [17,34,51,72,89,106,123], [17,34,51,73,88,107,122],
 [17,34,51,74,91,104,121], [17,34,51,75,90,105,120], [17,34,51,76,93,110,127],
 [17,34,51,77,92,111,126], [17,34,51,78,95,108,125], [17,34,51,79,94,109,124],
 [17,35,50,64,81,99,114], [17,35,50,65,80,98,115], [17,35,50,66,83,97,112],
 [17,35,50,67,82,96,113], [17,35,50,68,85,103,118], [17,35,50,69,84,102,119],
 [17,35,50,70,87,101,116], [17,35,50,71,86,100,117], [17,35,50,72,89,107,122],
 [17,35,50,73,88,106,123], [17,35,50,74,91,105,120], [17,35,50,75,90,104,121],
 [17,35,50,76,93,111,126], [17,35,50,77,92,110,127], [17,35,50,78,95,109,124],
 [17,35,50,79,94,108,125], [17,36,53,64,81,100,117], [17,36,53,65,80,101,116],
 [17,36,53,66,83,102,119], [17,36,53,67,82,103,118], [17,36,53,68,85,96,113],
 [17,36,53,69,84,97,112], [17,36,53,70,87,98,115], [17,36,53,71,86,99,114],
 [17,36,53,72,89,108,125], [17,36,53,73,88,109,124], [17,36,53,74,91,110,127],
 [17,36,53,75,90,111,126], [17,36,53,76,93,104,121], [17,36,53,77,92,105,120],
 [17,36,53,78,95,106,123], [17,36,53,79,94,107,122], [17,37,52,64,81,101,116],
 [17,37,52,65,80,100,117], [17,37,52,66,83,103,118], [17,37,52,67,82,102,119],
 [17,37,52,68,85,97,112], [17,37,52,69,84,96,113], [17,37,52,70,87,99,114],
 [17,37,52,71,86,98,115], [17,37,52,72,89,109,124], [17,37,52,73,88,108,125],
 [17,37,52,74,91,111,126], [17,37,52,75,90,110,127], [17,37,52,76,93,105,120],
 [17,37,52,77,92,104,121], [17,37,52,78,95,107,122], [17,37,52,79,94,106,123],
 [17,38,55,64,81,102,119], [17,38,55,65,80,103,118], [17,38,55,66,83,100,117],
 [17,38,55,67,82,101,116], [17,38,55,68,85,98,115], [17,38,55,69,84,99,114],
 [17,38,55,70,87,96,113], [17,38,55,71,86,97,112], [17,38,55,72,89,110,127],
 [17,38,55,73,88,111,126], [17,38,55,74,91,108,125], [17,38,55,75,90,109,124],
 [17,38,55,76,93,106,123], [17,38,55,77,92,107,122], [17,38,55,78,95,104,121],
 [17,38,55,79,94,105,120], [17,39,54,64,81,103,118], [17,39,54,65,80,102,119],
 [17,39,54,66,83,101,116], [17,39,54,67,82,100,117], [17,39,54,68,85,99,114],
 [17,39,54,69,84,98,115], [17,39,54,70,87,97,112], [17,39,54,71,86,96,113],
 [17,39,54,72,89,111,126], [17,39,54,73,88,110,127], [17,39,54,74,91,109,124],
 [17,39,54,75,90,108,125], [17,39,54,76,93,107,122], [17,39,54,77,92,106,123],
 [17,39,54,78,95,105,120], [17,39,54,79,94,104,121], [17,40,57,64,81,104,121],
 [17,40,57,65,80,105,120], [17,40,57,66,83,106,123], [17,40,57,67,82,107,122],
 [17,40,57,68,85,108,125], [17,40,57,69,84,109,124], [17,40,57,70,87,110,127],
 [17,40,57,71,86,111,126], [17,40,57,72,89,96,113], [17,40,57,73,88,97,112],
 [17,40,57,74,91,98,115], [17,40,57,75,90,99,114], [17,40,57,76,93,100,117],
 [17,40,57,77,92,101,116], [17,40,57,78,95,102,119], [17,40,57,79,94,103,118],
 [17,41,56,64,81,105,120], [17,41,56,65,80,104,121], [17,41,56,66,83,107,122],
 [17,41,56,67,82,106,123], [17,41,56,68,85,109,124], [17,41,56,69,84,108,125],
 [17,41,56,70,87,111,126], [17,41,56,71,86,110,127], [17,41,56,72,89,97,112],
 [17,41,56,73,88,96,113], [17,41,56,74,91,99,114], [17,41,56,75,90,98,115],
 [17,41,56,76,93,101,116], [17,41,56,77,92,100,117], [17,41,56,78,95,103,118],
 [17,41,56,79,94,102,119], [17,42,59,64,81,106,123], [17,42,59,65,80,107,122],
 [17,42,59,66,83,104,121], [17,42,59,67,82,105,120], [17,42,59,68,85,110,127],
 [17,42,59,69,84,111,126], [17,42,59,70,87,108,125], [17,42,59,71,86,109,124],
 [17,42,59,72,89,98,115], [17,42,59,73,88,99,114], [17,42,59,74,91,96,113],
 [17,42,59,75,90,97,112], [17,42,59,76,93,102,119], [17,42,59,77,92,103,118],
 [17,42,59,78,95,100,117], [17,42,59,79,94,101,116], [17,43,58,64,81,107,122],
 [17,43,58,65,80,106,123], [17,43,58,66,83,105,120], [17,43,58,67,82,104,121],
 [17,43,58,68,85,111,126], [17,43,58,69,84,110,127], [17,43,58,70,87,109,124],
 [17,43,58,71,86,108,125], [17,43,58,72,89,99,114], [17,43,58,73,88,98,115],
 [17,43,58,74,91,97,112], [17,43,58,75,90,96,113], [17,43,58,76,93,103,118],
 [17,43,58,77,92,102,119], [17,43,58,78,95,101,116], [17,43,58,79,94,100,117],
 [17,44,61,64,81,108,125], [17,44,61,65,80,109,124], [17,44,61,66,83,110,127],
 [17,44,61,67,82,111,126], [17,44,61,68,85,104,121], [17,44,61,69,84,105,120],
 [17,44,61,70,87,106,123], [17,44,61,71,86,107,122], [17,44,61,72,89,100,117],
 [17,44,61,73,88,101,116], [17,44,61,74,91,102,119], [17,44,61,75,90,103,118],
 [17,44,61,76,93,96,113], [17,44,61,77,92,97,112], [17,44,61,78,95,98,115],
 [17,44,61,79,94,99,114], [17,45,60,64,81,109,124], [17,45,60,65,80,108,125],
 [17,45,60,66,83,111,126], [17,45,60,67,82,110,127], [17,45,60,68,85,105,120],
 [17,45,60,69,84,104,121], [17,45,60,70,87,107,122], [17,45,60,71,86,106,123],
 [17,45,60,72,89,101,116], [17,45,60,73,88,100,117], [17,45,60,74,91,103,118],
 [17,45,60,75,90,102,119], [17,45,60,76,93,97,112], [17,45,60,77,92,96,113],
 [17,45,60,78,95,99,114], [17,45,60,79,94,98,115], [17,46,63,64,81,110,127],
 [17,46,63,65,80,111,126], [17,46,63,66,83,108,125], [17,46,63,67,82,109,124],
 [17,46,63,68,85,106,123], [17,46,63,69,84,107,122], [17,46,63,70,87,104,121],
 [17,46,63,71,86,105,120], [17,46,63,72,89,102,119], [17,46,63,73,88,103,118],
 [17,46,63,74,91,100,117], [17,46,63,75,90,101,116], [17,46,63,76,93,98,115],
 [17,46,63,77,92,99,114], [17,46,63,78,95,96,113], [17,46,63,79,94,97,112],
 [17,47,62,64,81,111,126], [17,47,62,65,80,110,127], [17,47,62,66,83,109,124],
 [17,47,62,67,82,108,125], [17,47,62,68,85,107,122], [17,47,62,69,84,106,123],
 [17,47,62,70,87,105,120], [17,47,62,71,86,104,121], [17,47,62,72,89,103,118],
 [17,47,62,73,88,102,119], [17,47,62,74,91,101,116], [17,47,62,75,90,100,117],
 [17,47,62,76,93,99,114], [17,47,62,77,92,98,115], [17,47,62,78,95,97,112],
 [17,47,62,79,94,96,113], [18,32,50,64,82,96,114], [18,32,50,65,83,97,115],
 [18,32,50,66,80,98,112], [18,32,50,67,81,99,113], [18,32,50,68,86,100,118],
 [18,32,50,69,87,101,119], [18,32,50,70,84,102,116], [18,32,50,71,85,103,117],
 [18,32,50,72,90,104,122], [18,32,50,73,91,105,123], [18,32,50,74,88,106,120],
 [18,32,50,75,89,107,121], [18,32,50,76,94,108,126], [18,32,50,77,95,109,127],
 [18,32,50,78,92,110,124], [18,32,50,79,93,111,125], [18,33,51,64,82,97,115],
 [18,33,51,65,83,96,114], [18,33,51,66,80,99,113], [18,33,51,67,81,98,112],
 [18,33,51,68,86,101,119], [18,33,51,69,87,100,118], [18,33,51,70,84,103,117],
 [18,33,51,71,85,102,116], [18,33,51,72,90,105,123], [18,33,51,73,91,104,122],
 [18,33,51,74,88,107,121], [18,33,51,75,89,106,120], [18,33,51,76,94,109,127],
 [18,33,51,77,95,108,126], [18,33,51,78,92,111,125], [18,33,51,79,93,110,124],
 [18,34,48,64,82,98,112], [18,34,48,65,83,99,113], [18,34,48,66,80,96,114],
 [18,34,48,67,81,97,115], [18,34,48,68,86,102,116], [18,34,48,69,87,103,117],
 [18,34,48,70,84,100,118], [18,34,48,71,85,101,119], [18,34,48,72,90,106,120],
 [18,34,48,73,91,107,121], [18,34,48,74,88,104,122], [18,34,48,75,89,105,123],
 [18,34,48,76,94,110,124], [18,34,48,77,95,111,125], [18,34,48,78,92,108,126],
 [18,34,48,79,93,109,127], [18,35,49,64,82,99,113], [18,35,49,65,83,98,112],
 [18,35,49,66,80,97,115], [18,35,49,67,81,96,114], [18,35,49,68,86,103,117],
 [18,35,49,69,87,102,116], [18,35,49,70,84,101,119], [18,35,49,71,85,100,118],
 [18,35,49,72,90,107,121], [18,35,49,73,91,106,120], [18,35,49,74,88,105,123],
 [18,35,49,75,89,104,122], [18,35,49,76,94,111,125], [18,35,49,77,95,110,124],
 [18,35,49,78,92,109,127], [18,35,49,79,93,108,126], [18,36,54,64,82,100,118],
 [18,36,54,65,83,101,119], [18,36,54,66,80,102,116], [18,36,54,67,81,103,117],
 [18,36,54,68,86,96,114], [18,36,54,69,87,97,115], [18,36,54,70,84,98,112],
 [18,36,54,71,85,99,113], [18,36,54,72,90,108,126], [18,36,54,73,91,109,127],
 [18,36,54,74,88,110,124], [18,36,54,75,89,111,125], [18,36,54,76,94,104,122],
 [18,36,54,77,95,105,123], [18,36,54,78,92,106,120], [18,36,54,79,93,107,121],
 [18,37,55,64,82,101,119], [18,37,55,65,83,100,118], [18,37,55,66,80,103,117],
 [18,37,55,67,81,102,116], [18,37,55,68,86,97,115], [18,37,55,69,87,96,114],
 [18,37,55,70,84,99,113], [18,37,55,71,85,98,112], [18,37,55,72,90,109,127],
 [18,37,55,73,91,108,126], [18,37,55,74,88,111,125], [18,37,55,75,89,110,124],
 [18,37,55,76,94,105,123], [18,37,55,77,95,104,122], [18,37,55,78,92,107,121],
 [18,37,55,79,93,106,120], [18,38,52,64,82,102,116], [18,38,52,65,83,103,117],
 [18,38,52,66,80,100,118], [18,38,52,67,81,101,119], [18,38,52,68,86,98,112],
 [18,38,52,69,87,99,113], [18,38,52,70,84,96,114], [18,38,52,71,85,97,115],
 [18,38,52,72,90,110,124], [18,38,52,73,91,111,125], [18,38,52,74,88,108,126],
 [18,38,52,75,89,109,127], [18,38,52,76,94,106,120], [18,38,52,77,95,107,121],
 [18,38,52,78,92,104,122], [18,38,52,79,93,105,123], [18,39,53,64,82,103,117],
 [18,39,53,65,83,102,116], [18,39,53,66,80,101,119], [18,39,53,67,81,100,118],
 [18,39,53,68,86,99,113], [18,39,53,69,87,98,112], [18,39,53,70,84,97,115],
 [18,39,53,71,85,96,114], [18,39,53,72,90,111,125], [18,39,53,73,91,110,124],
 [18,39,53,74,88,109,127], [18,39,53,75,89,108,126], [18,39,53,76,94,107,121],
 [18,39,53,77,95,106,120], [18,39,53,78,92,105,123], [18,39,53,79,93,104,122],
 [18,40,58,64,82,104,122], [18,40,58,65,83,105,123], [18,40,58,66,80,106,120],
 [18,40,58,67,81,107,121], [18,40,58,68,86,108,126], [18,40,58,69,87,109,127],
 [18,40,58,70,84,110,124], [18,40,58,71,85,111,125], [18,40,58,72,90,96,114],
 [18,40,58,73,91,97,115], [18,40,58,74,88,98,112], [18,40,58,75,89,99,113],
 [18,40,58,76,94,100,118], [18,40,58,77,95,101,119], [18,40,58,78,92,102,116],
 [18,40,58,79,93,103,117], [18,41,59,64,82,105,123], [18,41,59,65,83,104,122],
 [18,41,59,66,80,107,121], [18,41,59,67,81,106,120], [18,41,59,68,86,109,127],
 [18,41,59,69,87,108,126], [18,41,59,70,84,111,125], [18,41,59,71,85,110,124],
 [18,41,59,72,90,97,115], [18,41,59,73,91,96,114], [18,41,59,74,88,99,113],
 [18,41,59,75,89,98,112], [18,41,59,76,94,101,119], [18,41,59,77,95,100,118],
 [18,41,59,78,92,103,117], [18,41,59,79,93,102,116], [18,42,56,64,82,106,120],
 [18,42,56,65,83,107,121], [18,42,56,66,80,104,122], [18,42,56,67,81,105,123],
 [18,42,56,68,86,110,124], [18,42,56,69,87,111,125], [18,42,56,70,84,108,126],
 [18,42,56,71,85,109,127], [18,42,56,72,90,98,112], [18,42,56,73,91,99,113],
 [18,42,56,74,88,96,114], [18,42,56,75,89,97,115], [18,42,56,76,94,102,116],
 [18,42,56,77,95,103,117], [18,42,56,78,92,100,118], [18,42,56,79,93,101,119],
 [18,43,57,64,82,107,121], [18,43,57,65,83,106,120], [18,43,57,66,80,105,123],
 [18,43,57,67,81,104,122], [18,43,57,68,86,111,125], [18,43,57,69,87,110,124],
 [18,43,57,70,84,109,127], [18,43,57,71,85,108,126], [18,43,57,72,90,99,113],
 [18,43,57,73,91,98,112], [18,43,57,74,88,97,115], [18,43,57,75,89,96,114],
 [18,43,57,76,94,103,117], [18,43,57,77,95,102,116], [18,43,57,78,92,101,119],
 [18,43,57,79,93,100,118], [18,44,62,64,82,108,126], [18,44,62,65,83,109,127],
 [18,44,62,66,80,110,124], [18,44,62,67,81,111,125], [18,44,62,68,86,104,122],
 [18,44,62,69,87,105,123], [18,44,62,70,84,106,120], [18,44,62,71,85,107,121],
 [18,44,62,72,90,100,118], [18,44,62,73,91,101,119], [18,44,62,74,88,102,116],
 [18,44,62,75,89,103,117], [18,44,62,76,94,96,114], [18,44,62,77,95,97,115],
 [18,44,62,78,92,98,112], [18,44,62,79,93,99,113], [18,45,63,64,82,109,127],
 [18,45,63,65,83,108,126], [18,45,63,66,80,111,125], [18,45,63,67,81,110,124],
 [18,45,63,68,86,105,123], [18,45,63,69,87,104,122], [18,45,63,70,84,107,121],
 [18,45,63,71,85,106,120], [18,45,63,72,90,101,119], [18,45,63,73,91,100,118],
 [18,45,63,74,88,103,117], [18,45,63,75,89,102,116], [18,45,63,76,94,97,115],
 [18,45,63,77,95,96,114], [18,45,63,78,92,99,113], [18,45,63,79,93,98,112],
 [18,46,60,64,82,110,124], [18,46,60,65,83,111,125], [18,46,60,66,80,108,126],
 [18,46,60,67,81,109,127], [18,46,60,68,86,106,120], [18,46,60,69,87,107,121],
 [18,46,60,70,84,104,122], [18,46,60,71,85,105,123], [18,46,60,72,90,102,116],
 [18,46,60,73,91,103,117], [18,46,60,74,88,100,118], [18,46,60,75,89,101,119],
 [18,46,60,76,94,98,112], [18,46,60,77,95,99,113], [18,46,60,78,92,96,114],
 [18,46,60,79,93,97,115], [18,47,61,64,82,111,125], [18,47,61,65,83,110,124],
 [18,47,61,66,80,109,127], [18,47,61,67,81,108,126], [18,47,61,68,86,107,121],
 [18,47,61,69,87,106,120], [18,47,61,70,84,105,123], [18,47,61,71,85,104,122],
 [18,47,61,72,90,103,117], [18,47,61,73,91,102,116], [18,47,61,74,88,101,119],
 [18,47,61,75,89,100,118], [18,47,61,76,94,99,113], [18,47,61,77,95,98,112],
 [18,47,61,78,92,97,115], [18,47,61,79,93,96,114], [19,32,51,64,83,96,115],
 [19,32,51,65,82,97,114], [19,32,51,66,81,98,113], [19,32,51,67,80,99,112],
 [19,32,51,68,87,100,119], [19,32,51,69,86,101,118], [19,32,51,70,85,102,117],
 [19,32,51,71,84,103,116], [19,32,51,72,91,104,123], [19,32,51,73,90,105,122],
 [19,32,51,74,89,106,121], [19,32,51,75,88,107,120], [19,32,51,76,95,108,127],
 [19,32,51,77,94,109,126], [19,32,51,78,93,110,125], [19,32,51,79,92,111,124],
 [19,33,50,64,83,97,114], [19,33,50,65,82,96,115], [19,33,50,66,81,99,112],
 [19,33,50,67,80,98,113], [19,33,50,68,87,101,118], [19,33,50,69,86,100,119],
 [19,33,50,70,85,103,116], [19,33,50,71,84,102,117], [19,33,50,72,91,105,122],
 [19,33,50,73,90,104,123], [19,33,50,74,89,107,120], [19,33,50,75,88,106,121],
 [19,33,50,76,95,109,126], [19,33,50,77,94,108,127], [19,33,50,78,93,111,124],
 [19,33,50,79,92,110,125], [19,34,49,64,83,98,113], [19,34,49,65,82,99,112],
 [19,34,49,66,81,96,115], [19,34,49,67,80,97,114], [19,34,49,68,87,102,117],
 [19,34,49,69,86,103,116], [19,34,49,70,85,100,119], [19,34,49,71,84,101,118],
 [19,34,49,72,91,106,121], [19,34,49,73,90,107,120], [19,34,49,74,89,104,123],
 [19,34,49,75,88,105,122], [19,34,49,76,95,110,125], [19,34,49,77,94,111,124],
 [19,34,49,78,93,108,127], [19,34,49,79,92,109,126], [19,35,48,64,83,99,112],
 [19,35,48,65,82,98,113], [19,35,48,66,81,97,114], [19,35,48,67,80,96,115],
 [19,35,48,68,87,103,116], [19,35,48,69,86,102,117], [19,35,48,70,85,101,118],
 [19,35,48,71,84,100,119], [19,35,48,72,91,107,120], [19,35,48,73,90,106,121],
 [19,35,48,74,89,105,122], [19,35,48,75,88,104,123], [19,35,48,76,95,111,124],
 [19,35,48,77,94,110,125], [19,35,48,78,93,109,126], [19,35,48,79,92,108,127],
 [19,36,55,64,83,100,119], [19,36,55,65,82,101,118], [19,36,55,66,81,102,117],
 [19,36,55,67,80,103,116], [19,36,55,68,87,96,115], [19,36,55,69,86,97,114],
 [19,36,55,70,85,98,113], [19,36,55,71,84,99,112], [19,36,55,72,91,108,127],
 [19,36,55,73,90,109,126], [19,36,55,74,89,110,125], [19,36,55,75,88,111,124],
 [19,36,55,76,95,104,123], [19,36,55,77,94,105,122], [19,36,55,78,93,106,121],
 [19,36,55,79,92,107,120], [19,37,54,64,83,101,118], [19,37,54,65,82,100,119],
 [19,37,54,66,81,103,116], [19,37,54,67,80,102,117], [19,37,54,68,87,97,114],
 [19,37,54,69,86,96,115], [19,37,54,70,85,99,112], [19,37,54,71,84,98,113],
 [19,37,54,72,91,109,126], [19,37,54,73,90,108,127], [19,37,54,74,89,111,124],
 [19,37,54,75,88,110,125], [19,37,54,76,95,105,122], [19,37,54,77,94,104,123],
 [19,37,54,78,93,107,120], [19,37,54,79,92,106,121], [19,38,53,64,83,102,117],
 [19,38,53,65,82,103,116], [19,38,53,66,81,100,119], [19,38,53,67,80,101,118],
 [19,38,53,68,87,98,113], [19,38,53,69,86,99,112], [19,38,53,70,85,96,115],
 [19,38,53,71,84,97,114], [19,38,53,72,91,110,125], [19,38,53,73,90,111,124],
 [19,38,53,74,89,108,127], [19,38,53,75,88,109,126], [19,38,53,76,95,106,121],
 [19,38,53,77,94,107,120], [19,38,53,78,93,104,123], [19,38,53,79,92,105,122],
 [19,39,52,64,83,103,116], [19,39,52,65,82,102,117], [19,39,52,66,81,101,118],
 [19,39,52,67,80,100,119], [19,39,52,68,87,99,112], [19,39,52,69,86,98,113],
 [19,39,52,70,85,97,114], [19,39,52,71,84,96,115], [19,39,52,72,91,111,124],
 [19,39,52,73,90,110,125], [19,39,52,74,89,109,126], [19,39,52,75,88,108,127],
 [19,39,52,76,95,107,120], [19,39,52,77,94,106,121], [19,39,52,78,93,105,122],
 [19,39,52,79,92,104,123], [19,40,59,64,83,104,123], [19,40,59,65,82,105,122],
 [19,40,59,66,81,106,121], [19,40,59,67,80,107,120], [19,40,59,68,87,108,127],
 [19,40,59,69,86,109,126], [19,40,59,70,85,110,125], [19,40,59,71,84,111,124],
 [19,40,59,72,91,96,115], [19,40,59,73,90,97,114], [19,40,59,74,89,98,113],
 [19,40,59,75,88,99,112], [19,40,59,76,95,100,119], [19,40,59,77,94,101,118],
 [19,40,59,78,93,102,117], [19,40,59,79,92,103,116], [19,41,58,64,83,105,122],
 [19,41,58,65,82,104,123], [19,41,58,66,81,107,120], [19,41,58,67,80,106,121],
 [19,41,58,68,87,109,126], [19,41,58,69,86,108,127], [19,41,58,70,85,111,124],
 [19,41,58,71,84,110,125], [19,41,58,72,91,97,114], [19,41,58,73,90,96,115],
 [19,41,58,74,89,99,112], [19,41,58,75,88,98,113], [19,41,58,76,95,101,118],
 [19,41,58,77,94,100,119], [19,41,58,78,93,103,116], [19,41,58,79,92,102,117],
 [19,42,57,64,83,106,121], [19,42,57,65,82,107,120], [19,42,57,66,81,104,123],
 [19,42,57,67,80,105,122], [19,42,57,68,87,110,125], [19,42,57,69,86,111,124],
 [19,42,57,70,85,108,127], [19,42,57,71,84,109,126], [19,42,57,72,91,98,113],
 [19,42,57,73,90,99,112], [19,42,57,74,89,96,115], [19,42,57,75,88,97,114],
 [19,42,57,76,95,102,117], [19,42,57,77,94,103,116], [19,42,57,78,93,100,119],
 [19,42,57,79,92,101,118], [19,43,56,64,83,107,120], [19,43,56,65,82,106,121],
 [19,43,56,66,81,105,122], [19,43,56,67,80,104,123], [19,43,56,68,87,111,124],
 [19,43,56,69,86,110,125], [19,43,56,70,85,109,126], [19,43,56,71,84,108,127],
 [19,43,56,72,91,99,112], [19,43,56,73,90,98,113], [19,43,56,74,89,97,114],
 [19,43,56,75,88,96,115], [19,43,56,76,95,103,116], [19,43,56,77,94,102,117],
 [19,43,56,78,93,101,118], [19,43,56,79,92,100,119], [19,44,63,64,83,108,127],
 [19,44,63,65,82,109,126], [19,44,63,66,81,110,125], [19,44,63,67,80,111,124],
 [19,44,63,68,87,104,123], [19,44,63,69,86,105,122], [19,44,63,70,85,106,121],
 [19,44,63,71,84,107,120], [19,44,63,72,91,100,119], [19,44,63,73,90,101,118],
 [19,44,63,74,89,102,117], [19,44,63,75,88,103,116], [19,44,63,76,95,96,115],
 [19,44,63,77,94,97,114], [19,44,63,78,93,98,113], [19,44,63,79,92,99,112],
 [19,45,62,64,83,109,126], [19,45,62,65,82,108,127], [19,45,62,66,81,111,124],
 [19,45,62,67,80,110,125], [19,45,62,68,87,105,122], [19,45,62,69,86,104,123],
 [19,45,62,70,85,107,120], [19,45,62,71,84,106,121], [19,45,62,72,91,101,118],
 [19,45,62,73,90,100,119], [19,45,62,74,89,103,116], [19,45,62,75,88,102,117],
 [19,45,62,76,95,97,114], [19,45,62,77,94,96,115], [19,45,62,78,93,99,112],
 [19,45,62,79,92,98,113], [19,46,61,64,83,110,125], [19,46,61,65,82,111,124],
 [19,46,61,66,81,108,127], [19,46,61,67,80,109,126], [19,46,61,68,87,106,121],
 [19,46,61,69,86,107,120], [19,46,61,70,85,104,123], [19,46,61,71,84,105,122],
 [19,46,61,72,91,102,117], [19,46,61,73,90,103,116], [19,46,61,74,89,100,119],
 [19,46,61,75,88,101,118], [19,46,61,76,95,98,113], [19,46,61,77,94,99,112],
 [19,46,61,78,93,96,115], [19,46,61,79,92,97,114], [19,47,60,64,83,111,124],
 [19,47,60,65,82,110,125], [19,47,60,66,81,109,126], [19,47,60,67,80,108,127],
 [19,47,60,68,87,107,120], [19,47,60,69,86,106,121], [19,47,60,70,85,105,122],
 [19,47,60,71,84,104,123], [19,47,60,72,91,103,116], [19,47,60,73,90,102,117],
 [19,47,60,74,89,101,118], [19,47,60,75,88,100,119], [19,47,60,76,95,99,112],
 [19,47,60,77,94,98,113], [19,47,60,78,93,97,114], [19,47,60,79,92,96,115],
 [20,32,52,64,84,96,116], [20,32,52,65,85,97,117], [20,32,52,66,86,98,118],
 [20,32,52,67,87,99,119], [20,32,52,68,80,100,112], [20,32,52,69,81,101,113],
 [20,32,52,70,82,102,114], [20,32,52,71,83,103,115], [20,32,52,72,92,104,124],
 [20,32,52,73,93,105,125], [20,32,52,74,94,106,126], [20,32,52,75,95,107,127],
 [20,32,52,76,88,108,120], [20,32,52,77,89,109,121], [20,32,52,78,90,110,122],
 [20,32,52,79,91,111,123], [20,33,53,64,84,97,117], [20,33,53,65,85,96,116],
 [20,33,53,66,86,99,119], [20,33,53,67,87,98,118], [20,33,53,68,80,101,113],
 [20,33,53,69,81,100,112], [20,33,53,70,82,103,115], [20,33,53,71,83,102,114],
 [20,33,53,72,92,105,125], [20,33,53,73,93,104,124], [20,33,53,74,94,107,127],
 [20,33,53,75,95,106,126], [20,33,53,76,88,109,121], [20,33,53,77,89,108,120],
 [20,33,53,78,90,111,123], [20,33,53,79,91,110,122], [20,34,54,64,84,98,118],
 [20,34,54,65,85,99,119], [20,34,54,66,86,96,116], [20,34,54,67,87,97,117],
 [20,34,54,68,80,102,114], [20,34,54,69,81,103,115], [20,34,54,70,82,100,112],
 [20,34,54,71,83,101,113], [20,34,54,72,92,106,126], [20,34,54,73,93,107,127],
 [20,34,54,74,94,104,124], [20,34,54,75,95,105,125], [20,34,54,76,88,110,122],
 [20,34,54,77,89,111,123], [20,34,54,78,90,108,120], [20,34,54,79,91,109,121],
 [20,35,55,64,84,99,119], [20,35,55,65,85,98,118], [20,35,55,66,86,97,117],
 [20,35,55,67,87,96,116], [20,35,55,68,80,103,115], [20,35,55,69,81,102,114],
 [20,35,55,70,82,101,113], [20,35,55,71,83,100,112], [20,35,55,72,92,107,127],
 [20,35,55,73,93,106,126], [20,35,55,74,94,105,125], [20,35,55,75,95,104,124],
 [20,35,55,76,88,111,123], [20,35,55,77,89,110,122], [20,35,55,78,90,109,121],
 [20,35,55,79,91,108,120], [20,36,48,64,84,100,112], [20,36,48,65,85,101,113],
 [20,36,48,66,86,102,114], [20,36,48,67,87,103,115], [20,36,48,68,80,96,116],
 [20,36,48,69,81,97,117], [20,36,48,70,82,98,118], [20,36,48,71,83,99,119],
 [20,36,48,72,92,108,120], [20,36,48,73,93,109,121], [20,36,48,74,94,110,122],
 [20,36,48,75,95,111,123], [20,36,48,76,88,104,124], [20,36,48,77,89,105,125],
 [20,36,48,78,90,106,126], [20,36,48,79,91,107,127], [20,37,49,64,84,101,113],
 [20,37,49,65,85,100,112], [20,37,49,66,86,103,115], [20,37,49,67,87,102,114],
 [20,37,49,68,80,97,117], [20,37,49,69,81,96,116], [20,37,49,70,82,99,119],
 [20,37,49,71,83,98,118], [20,37,49,72,92,109,121], [20,37,49,73,93,108,120],
 [20,37,49,74,94,111,123], [20,37,49,75,95,110,122], [20,37,49,76,88,105,125],
 [20,37,49,77,89,104,124], [20,37,49,78,90,107,127], [20,37,49,79,91,106,126],
 [20,38,50,64,84,102,114], [20,38,50,65,85,103,115], [20,38,50,66,86,100,112],
 [20,38,50,67,87,101,113], [20,38,50,68,80,98,118], [20,38,50,69,81,99,119],
 [20,38,50,70,82,96,116], [20,38,50,71,83,97,117], [20,38,50,72,92,110,122],
 [20,38,50,73,93,111,123], [20,38,50,74,94,108,120], [20,38,50,75,95,109,121],
 [20,38,50,76,88,106,126], [20,38,50,77,89,107,127], [20,38,50,78,90,104,124],
 [20,38,50,79,91,105,125], [20,39,51,64,84,103,115], [20,39,51,65,85,102,114],
 [20,39,51,66,86,101,113], [20,39,51,67,87,100,112], [20,39,51,68,80,99,119],
 [20,39,51,69,81,98,118], [20,39,51,70,82,97,117], [20,39,51,71,83,96,116],
 [20,39,51,72,92,111,123], [20,39,51,73,93,110,122], [20,39,51,74,94,109,121],
 [20,39,51,75,95,108,120], [20,39,51,76,88,107,127], [20,39,51,77,89,106,126],
 [20,39,51,78,90,105,125], [20,39,51,79,91,104,124], [20,40,60,64,84,104,124],
 [20,40,60,65,85,105,125], [20,40,60,66,86,106,126], [20,40,60,67,87,107,127],
 [20,40,60,68,80,108,120], [20,40,60,69,81,109,121], [20,40,60,70,82,110,122],
 [20,40,60,71,83,111,123], [20,40,60,72,92,96,116], [20,40,60,73,93,97,117],
 [20,40,60,74,94,98,118], [20,40,60,75,95,99,119], [20,40,60,76,88,100,112],
 [20,40,60,77,89,101,113], [20,40,60,78,90,102,114], [20,40,60,79,91,103,115],
 [20,41,61,64,84,105,125], [20,41,61,65,85,104,124], [20,41,61,66,86,107,127],
 [20,41,61,67,87,106,126], [20,41,61,68,80,109,121], [20,41,61,69,81,108,120],
 [20,41,61,70,82,111,123], [20,41,61,71,83,110,122], [20,41,61,72,92,97,117],
 [20,41,61,73,93,96,116], [20,41,61,74,94,99,119], [20,41,61,75,95,98,118],
 [20,41,61,76,88,101,113], [20,41,61,77,89,100,112], [20,41,61,78,90,103,115],
 [20,41,61,79,91,102,114], [20,42,62,64,84,106,126], [20,42,62,65,85,107,127],
 [20,42,62,66,86,104,124], [20,42,62,67,87,105,125], [20,42,62,68,80,110,122],
 [20,42,62,69,81,111,123], [20,42,62,70,82,108,120], [20,42,62,71,83,109,121],
 [20,42,62,72,92,98,118], [20,42,62,73,93,99,119], [20,42,62,74,94,96,116],
 [20,42,62,75,95,97,117], [20,42,62,76,88,102,114], [20,42,62,77,89,103,115],
 [20,42,62,78,90,100,112], [20,42,62,79,91,101,113], [20,43,63,64,84,107,127],
 [20,43,63,65,85,106,126], [20,43,63,66,86,105,125], [20,43,63,67,87,104,124],
 [20,43,63,68,80,111,123], [20,43,63,69,81,110,122], [20,43,63,70,82,109,121],
 [20,43,63,71,83,108,120], [20,43,63,72,92,99,119], [20,43,63,73,93,98,118],
 [20,43,63,74,94,97,117], [20,43,63,75,95,96,116], [20,43,63,76,88,103,115],
 [20,43,63,77,89,102,114], [20,43,63,78,90,101,113], [20,43,63,79,91,100,112],
 [20,44,56,64,84,108,120], [20,44,56,65,85,109,121], [20,44,56,66,86,110,122],
 [20,44,56,67,87,111,123], [20,44,56,68,80,104,124], [20,44,56,69,81,105,125],
 [20,44,56,70,82,106,126], [20,44,56,71,83,107,127], [20,44,56,72,92,100,112],
 [20,44,56,73,93,101,113], [20,44,56,74,94,102,114], [20,44,56,75,95,103,115],
 [20,44,56,76,88,96,116], [20,44,56,77,89,97,117], [20,44,56,78,90,98,118],
 [20,44,56,79,91,99,119], [20,45,57,64,84,109,121], [20,45,57,65,85,108,120],
 [20,45,57,66,86,111,123], [20,45,57,67,87,110,122], [20,45,57,68,80,105,125],
 [20,45,57,69,81,104,124], [20,45,57,70,82,107,127], [20,45,57,71,83,106,126],
 [20,45,57,72,92,101,113], [20,45,57,73,93,100,112], [20,45,57,74,94,103,115],
 [20,45,57,75,95,102,114], [20,45,57,76,88,97,117], [20,45,57,77,89,96,116],
 [20,45,57,78,90,99,119], [20,45,57,79,91,98,118], [20,46,58,64,84,110,122],
 [20,46,58,65,85,111,123], [20,46,58,66,86,108,120], [20,46,58,67,87,109,121],
 [20,46,58,68,80,106,126], [20,46,58,69,81,107,127], [20,46,58,70,82,104,124],
 [20,46,58,71,83,105,125], [20,46,58,72,92,102,114], [20,46,58,73,93,103,115],
 [20,46,58,74,94,100,112], [20,46,58,75,95,101,113], [20,46,58,76,88,98,118],
 [20,46,58,77,89,99,119], [20,46,58,78,90,96,116], [20,46,58,79,91,97,117],
 [20,47,59,64,84,111,123], [20,47,59,65,85,110,122], [20,47,59,66,86,109,121],
 [20,47,59,67,87,108,120], [20,47,59,68,80,107,127], [20,47,59,69,81,106,126],
 [20,47,59,70,82,105,125], [20,47,59,71,83,104,124], [20,47,59,72,92,103,115],
 [20,47,59,73,93,102,114], [20,47,59,74,94,101,113], [20,47,59,75,95,100,112],
 [20,47,59,76,88,99,119], [20,47,59,77,89,98,118], [20,47,59,78,90,97,117],
 [20,47,59,79,91,96,116], [21,32,53,64,85,96,117], [21,32,53,65,84,97,116],
 [21,32,53,66,87,98,119], [21,32,53,67,86,99,118], [21,32,53,68,81,100,113],
 [21,32,53,69,80,101,112], [21,32,53,70,83,102,115], [21,32,53,71,82,103,114],
 [21,32,53,72,93,104,125], [21,32,53,73,92,105,124], [21,32,53,74,95,106,127],
 [21,32,53,75,94,107,126], [21,32,53,76,89,108,121], [21,32,53,77,88,109,120],
 [21,32,53,78,91,110,123], [21,32,53,79,90,111,122], [21,33,52,64,85,97,116],
 [21,33,52,65,84,96,117], [21,33,52,66,87,99,118], [21,33,52,67,86,98,119],
 [21,33,52,68,81,101,112], [21,33,52,69,80,100,113], [21,33,52,70,83,103,114],
 [21,33,52,71,82,102,115], [21,33,52,72,93,105,124], [21,33,52,73,92,104,125],
 [21,33,52,74,95,107,126], [21,33,52,75,94,106,127], [21,33,52,76,89,109,120],
 [21,33,52,77,88,108,121], [21,33,52,78,91,111,122], [21,33,52,79,90,110,123],
 [21,34,55,64,85,98,119], [21,34,55,65,84,99,118], [21,34,55,66,87,96,117],
 [21,34,55,67,86,97,116], [21,34,55,68,81,102,115], [21,34,55,69,80,103,114],
 [21,34,55,70,83,100,113], [21,34,55,71,82,101,112], [21,34,55,72,93,106,127],
 [21,34,55,73,92,107,126], [21,34,55,74,95,104,125], [21,34,55,75,94,105,124],
 [21,34,55,76,89,110,123], [21,34,55,77,88,111,122], [21,34,55,78,91,108,121],
 [21,34,55,79,90,109,120], [21,35,54,64,85,99,118], [21,35,54,65,84,98,119],
 [21,35,54,66,87,97,116], [21,35,54,67,86,96,117], [21,35,54,68,81,103,114],
 [21,35,54,69,80,102,115], [21,35,54,70,83,101,112], [21,35,54,71,82,100,113],
 [21,35,54,72,93,107,126], [21,35,54,73,92,106,127], [21,35,54,74,95,105,124],
 [21,35,54,75,94,104,125], [21,35,54,76,89,111,122], [21,35,54,77,88,110,123],
 [21,35,54,78,91,109,120], [21,35,54,79,90,108,121], [21,36,49,64,85,100,113],
 [21,36,49,65,84,101,112], [21,36,49,66,87,102,115], [21,36,49,67,86,103,114],
 [21,36,49,68,81,96,117], [21,36,49,69,80,97,116], [21,36,49,70,83,98,119],
 [21,36,49,71,82,99,118], [21,36,49,72,93,108,121], [21,36,49,73,92,109,120],
 [21,36,49,74,95,110,123], [21,36,49,75,94,111,122], [21,36,49,76,89,104,125],
 [21,36,49,77,88,105,124], [21,36,49,78,91,106,127], [21,36,49,79,90,107,126],
 [21,37,48,64,85,101,112], [21,37,48,65,84,100,113], [21,37,48,66,87,103,114],
 [21,37,48,67,86,102,115], [21,37,48,68,81,97,116], [21,37,48,69,80,96,117],
 [21,37,48,70,83,99,118], [21,37,48,71,82,98,119], [21,37,48,72,93,109,120],
 [21,37,48,73,92,108,121], [21,37,48,74,95,111,122], [21,37,48,75,94,110,123],
 [21,37,48,76,89,105,124], [21,37,48,77,88,104,125], [21,37,48,78,91,107,126],
 [21,37,48,79,90,106,127], [21,38,51,64,85,102,115], [21,38,51,65,84,103,114],
 [21,38,51,66,87,100,113], [21,38,51,67,86,101,112], [21,38,51,68,81,98,119],
 [21,38,51,69,80,99,118], [21,38,51,70,83,96,117], [21,38,51,71,82,97,116],
 [21,38,51,72,93,110,123], [21,38,51,73,92,111,122], [21,38,51,74,95,108,121],
 [21,38,51,75,94,109,120], [21,38,51,76,89,106,127], [21,38,51,77,88,107,126],
 [21,38,51,78,91,104,125], [21,38,51,79,90,105,124], [21,39,50,64,85,103,114],
 [21,39,50,65,84,102,115], [21,39,50,66,87,101,112], [21,39,50,67,86,100,113],
 [21,39,50,68,81,99,118], [21,39,50,69,80,98,119], [21,39,50,70,83,97,116],
 [21,39,50,71,82,96,117], [21,39,50,72,93,111,122], [21,39,50,73,92,110,123],
 [21,39,50,74,95,109,120], [21,39,50,75,94,108,121], [21,39,50,76,89,107,126],
 [21,39,50,77,88,106,127], [21,39,50,78,91,105,124], [21,39,50,79,90,104,125],
 [21,40,61,64,85,104,125], [21,40,61,65,84,105,124], [21,40,61,66,87,106,127],
 [21,40,61,67,86,107,126], [21,40,61,68,81,108,121], [21,40,61,69,80,109,120],
 [21,40,61,70,83,110,123], [21,40,61,71,82,111,122], [21,40,61,72,93,96,117],
 [21,40,61,73,92,97,116], [21,40,61,74,95,98,119], [21,40,61,75,94,99,118],
 [21,40,61,76,89,100,113], [21,40,61,77,88,101,112], [21,40,61,78,91,102,115],
 [21,40,61,79,90,103,114], [21,41,60,64,85,105,124], [21,41,60,65,84,104,125],
 [21,41,60,66,87,107,126], [21,41,60,67,86,106,127], [21,41,60,68,81,109,120],
 [21,41,60,69,80,108,121], [21,41,60,70,83,111,122], [21,41,60,71,82,110,123],
 [21,41,60,72,93,97,116], [21,41,60,73,92,96,117], [21,41,60,74,95,99,118],
 [21,41,60,75,94,98,119], [21,41,60,76,89,101,112], [21,41,60,77,88,100,113],
 [21,41,60,78,91,103,114], [21,41,60,79,90,102,115], [21,42,63,64,85,106,127],
 [21,42,63,65,84,107,126], [21,42,63,66,87,104,125], [21,42,63,67,86,105,124],
 [21,42,63,68,81,110,123], [21,42,63,69,80,111,122], [21,42,63,70,83,108,121],
 [21,42,63,71,82,109,120], [21,42,63,72,93,98,119], [21,42,63,73,92,99,118],
 [21,42,63,74,95,96,117], [21,42,63,75,94,97,116], [21,42,63,76,89,102,115],
 [21,42,63,77,88,103,114], [21,42,63,78,91,100,113], [21,42,63,79,90,101,112],
 [21,43,62,64,85,107,126], [21,43,62,65,84,106,127], [21,43,62,66,87,105,124],
 [21,43,62,67,86,104,125], [21,43,62,68,81,111,122], [21,43,62,69,80,110,123],
 [21,43,62,70,83,109,120], [21,43,62,71,82,108,121], [21,43,62,72,93,99,118],
 [21,43,62,73,92,98,119], [21,43,62,74,95,97,116], [21,43,62,75,94,96,117],
 [21,43,62,76,89,103,114], [21,43,62,77,88,102,115], [21,43,62,78,91,101,112],
 [21,43,62,79,90,100,113], [21,44,57,64,85,108,121], [21,44,57,65,84,109,120],
 [21,44,57,66,87,110,123], [21,44,57,67,86,111,122], [21,44,57,68,81,104,125],
 [21,44,57,69,80,105,124], [21,44,57,70,83,106,127], [21,44,57,71,82,107,126],
 [21,44,57,72,93,100,113], [21,44,57,73,92,101,112], [21,44,57,74,95,102,115],
 [21,44,57,75,94,103,114], [21,44,57,76,89,96,117], [21,44,57,77,88,97,116],
 [21,44,57,78,91,98,119], [21,44,57,79,90,99,118], [21,45,56,64,85,109,120],
 [21,45,56,65,84,108,121], [21,45,56,66,87,111,122], [21,45,56,67,86,110,123],
 [21,45,56,68,81,105,124], [21,45,56,69,80,104,125], [21,45,56,70,83,107,126],
 [21,45,56,71,82,106,127], [21,45,56,72,93,101,112], [21,45,56,73,92,100,113],
 [21,45,56,74,95,103,114], [21,45,56,75,94,102,115], [21,45,56,76,89,97,116],
 [21,45,56,77,88,96,117], [21,45,56,78,91,99,118], [21,45,56,79,90,98,119],
 [21,46,59,64,85,110,123], [21,46,59,65,84,111,122], [21,46,59,66,87,108,121],
 [21,46,59,67,86,109,120], [21,46,59,68,81,106,127], [21,46,59,69,80,107,126],
 [21,46,59,70,83,104,125], [21,46,59,71,82,105,124], [21,46,59,72,93,102,115],
 [21,46,59,73,92,103,114], [21,46,59,74,95,100,113], [21,46,59,75,94,101,112],
 [21,46,59,76,89,98,119], [21,46,59,77,88,99,118], [21,46,59,78,91,96,117],
 [21,46,59,79,90,97,116], [21,47,58,64,85,111,122], [21,47,58,65,84,110,123],
 [21,47,58,66,87,109,120], [21,47,58,67,86,108,121], [21,47,58,68,81,107,126],
 [21,47,58,69,80,106,127], [21,47,58,70,83,105,124], [21,47,58,71,82,104,125],
 [21,47,58,72,93,103,114], [21,47,58,73,92,102,115], [21,47,58,74,95,101,112],
 [21,47,58,75,94,100,113], [21,47,58,76,89,99,118], [21,47,58,77,88,98,119],
 [21,47,58,78,91,97,116], [21,47,58,79,90,96,117], [22,32,54,64,86,96,118],
 [22,32,54,65,87,97,119], [22,32,54,66,84,98,116], [22,32,54,67,85,99,117],
 [22,32,54,68,82,100,114], [22,32,54,69,83,101,115], [22,32,54,70,80,102,112],
 [22,32,54,71,81,103,113], [22,32,54,72,94,104,126], [22,32,54,73,95,105,127],
 [22,32,54,74,92,106,124], [22,32,54,75,93,107,125], [22,32,54,76,90,108,122],
 [22,32,54,77,91,109,123], [22,32,54,78,88,110,120], [22,32,54,79,89,111,121],
 [22,33,55,64,86,97,119], [22,33,55,65,87,96,118], [22,33,55,66,84,99,117],
 [22,33,55,67,85,98,116], [22,33,55,68,82,101,115], [22,33,55,69,83,100,114],
 [22,33,55,70,80,103,113], [22,33,55,71,81,102,112], [22,33,55,72,94,105,127],
 [22,33,55,73,95,104,126], [22,33,55,74,92,107,125], [22,33,55,75,93,106,124],
 [22,33,55,76,90,109,123], [22,33,55,77,91,108,122], [22,33,55,78,88,111,121],
 [22,33,55,79,89,110,120], [22,34,52,64,86,98,116], [22,34,52,65,87,99,117],
 [22,34,52,66,84,96,118], [22,34,52,67,85,97,119], [22,34,52,68,82,102,112],
 [22,34,52,69,83,103,113], [22,34,52,70,80,100,114], [22,34,52,71,81,101,115],
 [22,34,52,72,94,106,124], [22,34,52,73,95,107,125], [22,34,52,74,92,104,126],
 [22,34,52,75,93,105,127], [22,34,52,76,90,110,120], [22,34,52,77,91,111,121],
 [22,34,52,78,88,108,122], [22,34,52,79,89,109,123], [22,35,53,64,86,99,117],
 [22,35,53,65,87,98,116], [22,35,53,66,84,97,119], [22,35,53,67,85,96,118],
 [22,35,53,68,82,103,113], [22,35,53,69,83,102,112], [22,35,53,70,80,101,115],
 [22,35,53,71,81,100,114], [22,35,53,72,94,107,125], [22,35,53,73,95,106,124],
 [22,35,53,74,92,105,127], [22,35,53,75,93,104,126], [22,35,53,76,90,111,121],
 [22,35,53,77,91,110,120], [22,35,53,78,88,109,123], [22,35,53,79,89,108,122],
 [22,36,50,64,86,100,114], [22,36,50,65,87,101,115], [22,36,50,66,84,102,112],
 [22,36,50,67,85,103,113], [22,36,50,68,82,96,118], [22,36,50,69,83,97,119],
 [22,36,50,70,80,98,116], [22,36,50,71,81,99,117], [22,36,50,72,94,108,122],
 [22,36,50,73,95,109,123], [22,36,50,74,92,110,120], [22,36,50,75,93,111,121],
 [22,36,50,76,90,104,126], [22,36,50,77,91,105,127], [22,36,50,78,88,106,124],
 [22,36,50,79,89,107,125], [22,37,51,64,86,101,115], [22,37,51,65,87,100,114],
 [22,37,51,66,84,103,113], [22,37,51,67,85,102,112], [22,37,51,68,82,97,119],
 [22,37,51,69,83,96,118], [22,37,51,70,80,99,117], [22,37,51,71,81,98,116],
 [22,37,51,72,94,109,123], [22,37,51,73,95,108,122], [22,37,51,74,92,111,121],
 [22,37,51,75,93,110,120], [22,37,51,76,90,105,127], [22,37,51,77,91,104,126],
 [22,37,51,78,88,107,125], [22,37,51,79,89,106,124], [22,38,48,64,86,102,112],
 [22,38,48,65,87,103,113], [22,38,48,66,84,100,114], [22,38,48,67,85,101,115],
 [22,38,48,68,82,98,116], [22,38,48,69,83,99,117], [22,38,48,70,80,96,118],
 [22,38,48,71,81,97,119], [22,38,48,72,94,110,120], [22,38,48,73,95,111,121],
 [22,38,48,74,92,108,122], [22,38,48,75,93,109,123], [22,38,48,76,90,106,124],
 [22,38,48,77,91,107,125], [22,38,48,78,88,104,126], [22,38,48,79,89,105,127],
 [22,39,49,64,86,103,113], [22,39,49,65,87,102,112], [22,39,49,66,84,101,115],
 [22,39,49,67,85,100,114], [22,39,49,68,82,99,117], [22,39,49,69,83,98,116],
 [22,39,49,70,80,97,119], [22,39,49,71,81,96,118], [22,39,49,72,94,111,121],
 [22,39,49,73,95,110,120], [22,39,49,74,92,109,123], [22,39,49,75,93,108,122],
 [22,39,49,76,90,107,125], [22,39,49,77,91,106,124], [22,39,49,78,88,105,127],
 [22,39,49,79,89,104,126], [22,40,62,64,86,104,126], [22,40,62,65,87,105,127],
 [22,40,62,66,84,106,124], [22,40,62,67,85,107,125], [22,40,62,68,82,108,122],
 [22,40,62,69,83,109,123], [22,40,62,70,80,110,120], [22,40,62,71,81,111,121],
 [22,40,62,72,94,96,118], [22,40,62,73,95,97,119], [22,40,62,74,92,98,116],
 [22,40,62,75,93,99,117], [22,40,62,76,90,100,114], [22,40,62,77,91,101,115],
 [22,40,62,78,88,102,112], [22,40,62,79,89,103,113], [22,41,63,64,86,105,127],
 [22,41,63,65,87,104,126], [22,41,63,66,84,107,125], [22,41,63,67,85,106,124],
 [22,41,63,68,82,109,123], [22,41,63,69,83,108,122], [22,41,63,70,80,111,121],
 [22,41,63,71,81,110,120], [22,41,63,72,94,97,119], [22,41,63,73,95,96,118],
 [22,41,63,74,92,99,117], [22,41,63,75,93,98,116], [22,41,63,76,90,101,115],
 [22,41,63,77,91,100,114], [22,41,63,78,88,103,113], [22,41,63,79,89,102,112],
 [22,42,60,64,86,106,124], [22,42,60,65,87,107,125], [22,42,60,66,84,104,126],
 [22,42,60,67,85,105,127], [22,42,60,68,82,110,120], [22,42,60,69,83,111,121],
 [22,42,60,70,80,108,122], [22,42,60,71,81,109,123], [22,42,60,72,94,98,116],
 [22,42,60,73,95,99,117], [22,42,60,74,92,96,118], [22,42,60,75,93,97,119],
 [22,42,60,76,90,102,112], [22,42,60,77,91,103,113], [22,42,60,78,88,100,114],
 [22,42,60,79,89,101,115], [22,43,61,64,86,107,125], [22,43,61,65,87,106,124],
 [22,43,61,66,84,105,127], [22,43,61,67,85,104,126], [22,43,61,68,82,111,121],
 [22,43,61,69,83,110,120], [22,43,61,70,80,109,123], [22,43,61,71,81,108,122],
 [22,43,61,72,94,99,117], [22,43,61,73,95,98,116], [22,43,61,74,92,97,119],
 [22,43,61,75,93,96,118], [22,43,61,76,90,103,113], [22,43,61,77,91,102,112],
 [22,43,61,78,88,101,115], [22,43,61,79,89,100,114], [22,44,58,64,86,108,122],
 [22,44,58,65,87,109,123], [22,44,58,66,84,110,120], [22,44,58,67,85,111,121],
 [22,44,58,68,82,104,126], [22,44,58,69,83,105,127], [22,44,58,70,80,106,124],
 [22,44,58,71,81,107,125], [22,44,58,72,94,100,114], [22,44,58,73,95,101,115],
 [22,44,58,74,92,102,112], [22,44,58,75,93,103,113], [22,44,58,76,90,96,118],
 [22,44,58,77,91,97,119], [22,44,58,78,88,98,116], [22,44,58,79,89,99,117],
 [22,45,59,64,86,109,123], [22,45,59,65,87,108,122], [22,45,59,66,84,111,121],
 [22,45,59,67,85,110,120], [22,45,59,68,82,105,127], [22,45,59,69,83,104,126],
 [22,45,59,70,80,107,125], [22,45,59,71,81,106,124], [22,45,59,72,94,101,115],
 [22,45,59,73,95,100,114], [22,45,59,74,92,103,113], [22,45,59,75,93,102,112],
 [22,45,59,76,90,97,119], [22,45,59,77,91,96,118], [22,45,59,78,88,99,117],
 [22,45,59,79,89,98,116], [22,46,56,64,86,110,120], [22,46,56,65,87,111,121],
 [22,46,56,66,84,108,122], [22,46,56,67,85,109,123], [22,46,56,68,82,106,124],
 [22,46,56,69,83,107,125], [22,46,56,70,80,104,126], [22,46,56,71,81,105,127],
 [22,46,56,72,94,102,112], [22,46,56,73,95,103,113], [22,46,56,74,92,100,114],
 [22,46,56,75,93,101,115], [22,46,56,76,90,98,116], [22,46,56,77,91,99,117],
 [22,46,56,78,88,96,118], [22,46,56,79,89,97,119], [22,47,57,64,86,111,121],
 [22,47,57,65,87,110,120], [22,47,57,66,84,109,123], [22,47,57,67,85,108,122],
 [22,47,57,68,82,107,125], [22,47,57,69,83,106,124], [22,47,57,70,80,105,127],
 [22,47,57,71,81,104,126], [22,47,57,72,94,103,113], [22,47,57,73,95,102,112],
 [22,47,57,74,92,101,115], [22,47,57,75,93,100,114], [22,47,57,76,90,99,117],
 [22,47,57,77,91,98,116], [22,47,57,78,88,97,119], [22,47,57,79,89,96,118],
 [23,32,55,64,87,96,119], [23,32,55,65,86,97,118], [23,32,55,66,85,98,117],
 [23,32,55,67,84,99,116], [23,32,55,68,83,100,115], [23,32,55,69,82,101,114],
 [23,32,55,70,81,102,113], [23,32,55,71,80,103,112], [23,32,55,72,95,104,127],
 [23,32,55,73,94,105,126], [23,32,55,74,93,106,125], [23,32,55,75,92,107,124],
 [23,32,55,76,91,108,123], [23,32,55,77,90,109,122], [23,32,55,78,89,110,121],
 [23,32,55,79,88,111,120], [23,33,54,64,87,97,118], [23,33,54,65,86,96,119],
 [23,33,54,66,85,99,116], [23,33,54,67,84,98,117], [23,33,54,68,83,101,114],
 [23,33,54,69,82,100,115], [23,33,54,70,81,103,112], [23,33,54,71,80,102,113],
 [23,33,54,72,95,105,126], [23,33,54,73,94,104,127], [23,33,54,74,93,107,124],
 [23,33,54,75,92,106,125], [23,33,54,76,91,109,122], [23,33,54,77,90,108,123],
 [23,33,54,78,89,111,120], [23,33,54,79,88,110,121], [23,34,53,64,87,98,117],
 [23,34,53,65,86,99,116], [23,34,53,66,85,96,119], [23,34,53,67,84,97,118],
 [23,34,53,68,83,102,113], [23,34,53,69,82,103,112], [23,34,53,70,81,100,115],
 [23,34,53,71,80,101,114], [23,34,53,72,95,106,125], [23,34,53,73,94,107,124],
 [23,34,53,74,93,104,127], [23,34,53,75,92,105,126], [23,34,53,76,91,110,121],
 [23,34,53,77,90,111,120], [23,34,53,78,89,108,123], [23,34,53,79,88,109,122],
 [23,35,52,64,87,99,116], [23,35,52,65,86,98,117], [23,35,52,66,85,97,118],
 [23,35,52,67,84,96,119], [23,35,52,68,83,103,112], [23,35,52,69,82,102,113],
 [23,35,52,70,81,101,114], [23,35,52,71,80,100,115], [23,35,52,72,95,107,124],
 [23,35,52,73,94,106,125], [23,35,52,74,93,105,126], [23,35,52,75,92,104,127],
 [23,35,52,76,91,111,120], [23,35,52,77,90,110,121], [23,35,52,78,89,109,122],
 [23,35,52,79,88,108,123], [23,36,51,64,87,100,115], [23,36,51,65,86,101,114],
 [23,36,51,66,85,102,113], [23,36,51,67,84,103,112], [23,36,51,68,83,96,119],
 [23,36,51,69,82,97,118], [23,36,51,70,81,98,117], [23,36,51,71,80,99,116],
 [23,36,51,72,95,108,123], [23,36,51,73,94,109,122], [23,36,51,74,93,110,121],
 [23,36,51,75,92,111,120], [23,36,51,76,91,104,127], [23,36,51,77,90,105,126],
 [23,36,51,78,89,106,125], [23,36,51,79,88,107,124], [23,37,50,64,87,101,114],
 [23,37,50,65,86,100,115], [23,37,50,66,85,103,112], [23,37,50,67,84,102,113],
 [23,37,50,68,83,97,118], [23,37,50,69,82,96,119], [23,37,50,70,81,99,116],
 [23,37,50,71,80,98,117], [23,37,50,72,95,109,122], [23,37,50,73,94,108,123],
 [23,37,50,74,93,111,120], [23,37,50,75,92,110,121], [23,37,50,76,91,105,126],
 [23,37,50,77,90,104,127], [23,37,50,78,89,107,124], [23,37,50,79,88,106,125],
 [23,38,49,64,87,102,113], [23,38,49,65,86,103,112], [23,38,49,66,85,100,115],
 [23,38,49,67,84,101,114], [23,38,49,68,83,98,117], [23,38,49,69,82,99,116],
 [23,38,49,70,81,96,119], [23,38,49,71,80,97,118], [23,38,49,72,95,110,121],
 [23,38,49,73,94,111,120], [23,38,49,74,93,108,123], [23,38,49,75,92,109,122],
 [23,38,49,76,91,106,125], [23,38,49,77,90,107,124], [23,38,49,78,89,104,127],
 [23,38,49,79,88,105,126], [23,39,48,64,87,103,112], [23,39,48,65,86,102,113],
 [23,39,48,66,85,101,114], [23,39,48,67,84,100,115], [23,39,48,68,83,99,116],
 [23,39,48,69,82,98,117], [23,39,48,70,81,97,118], [23,39,48,71,80,96,119],
 [23,39,48,72,95,111,120], [23,39,48,73,94,110,121], [23,39,48,74,93,109,122],
 [23,39,48,75,92,108,123], [23,39,48,76,91,107,124], [23,39,48,77,90,106,125],
 [23,39,48,78,89,105,126], [23,39,48,79,88,104,127], [23,40,63,64,87,104,127],
 [23,40,63,65,86,105,126], [23,40,63,66,85,106,125], [23,40,63,67,84,107,124],
 [23,40,63,68,83,108,123], [23,40,63,69,82,109,122], [23,40,63,70,81,110,121],
 [23,40,63,71,80,111,120], [23,40,63,72,95,96,119], [23,40,63,73,94,97,118],
 [23,40,63,74,93,98,117], [23,40,63,75,92,99,116], [23,40,63,76,91,100,115],
 [23,40,63,77,90,101,114], [23,40,63,78,89,102,113], [23,40,63,79,88,103,112],
 [23,41,62,64,87,105,126], [23,41,62,65,86,104,127], [23,41,62,66,85,107,124],
 [23,41,62,67,84,106,125], [23,41,62,68,83,109,122], [23,41,62,69,82,108,123],
 [23,41,62,70,81,111,120], [23,41,62,71,80,110,121], [23,41,62,72,95,97,118],
 [23,41,62,73,94,96,119], [23,41,62,74,93,99,116], [23,41,62,75,92,98,117],
 [23,41,62,76,91,101,114], [23,41,62,77,90,100,115], [23,41,62,78,89,103,112],
 [23,41,62,79,88,102,113], [23,42,61,64,87,106,125], [23,42,61,65,86,107,124],
 [23,42,61,66,85,104,127], [23,42,61,67,84,105,126], [23,42,61,68,83,110,121],
 [23,42,61,69,82,111,120], [23,42,61,70,81,108,123], [23,42,61,71,80,109,122],
 [23,42,61,72,95,98,117], [23,42,61,73,94,99,116], [23,42,61,74,93,96,119],
 [23,42,61,75,92,97,118], [23,42,61,76,91,102,113], [23,42,61,77,90,103,112],
 [23,42,61,78,89,100,115], [23,42,61,79,88,101,114], [23,43,60,64,87,107,124],
 [23,43,60,65,86,106,125], [23,43,60,66,85,105,126], [23,43,60,67,84,104,127],
 [23,43,60,68,83,111,120], [23,43,60,69,82,110,121], [23,43,60,70,81,109,122],
 [23,43,60,71,80,108,123], [23,43,60,72,95,99,116], [23,43,60,73,94,98,117],
 [23,43,60,74,93,97,118], [23,43,60,75,92,96,119], [23,43,60,76,91,103,112],
 [23,43,60,77,90,102,113], [23,43,60,78,89,101,114], [23,43,60,79,88,100,115],
 [23,44,59,64,87,108,123], [23,44,59,65,86,109,122], [23,44,59,66,85,110,121],
 [23,44,59,67,84,111,120], [23,44,59,68,83,104,127], [23,44,59,69,82,105,126],
 [23,44,59,70,81,106,125], [23,44,59,71,80,107,124], [23,44,59,72,95,100,115],
 [23,44,59,73,94,101,114], [23,44,59,74,93,102,113], [23,44,59,75,92,103,112],
 [23,44,59,76,91,96,119], [23,44,59,77,90,97,118], [23,44,59,78,89,98,117],
 [23,44,59,79,88,99,116], [23,45,58,64,87,109,122], [23,45,58,65,86,108,123],
 [23,45,58,66,85,111,120], [23,45,58,67,84,110,121], [23,45,58,68,83,105,126],
 [23,45,58,69,82,104,127], [23,45,58,70,81,107,124], [23,45,58,71,80,106,125],
 [23,45,58,72,95,101,114], [23,45,58,73,94,100,115], [23,45,58,74,93,103,112],
 [23,45,58,75,92,102,113], [23,45,58,76,91,97,118], [23,45,58,77,90,96,119],
 [23,45,58,78,89,99,116], [23,45,58,79,88,98,117], [23,46,57,64,87,110,121],
 [23,46,57,65,86,111,120], [23,46,57,66,85,108,123], [23,46,57,67,84,109,122],
 [23,46,57,68,83,106,125], [23,46,57,69,82,107,124], [23,46,57,70,81,104,127],
 [23,46,57,71,80,105,126], [23,46,57,72,95,102,113], [23,46,57,73,94,103,112],
 [23,46,57,74,93,100,115], [23,46,57,75,92,101,114], [23,46,57,76,91,98,117],
 [23,46,57,77,90,99,116], [23,46,57,78,89,96,119], [23,46,57,79,88,97,118],
 [23,47,56,64,87,111,120], [23,47,56,65,86,110,121], [23,47,56,66,85,109,122],
 [23,47,56,67,84,108,123], [23,47,56,68,83,107,124], [23,47,56,69,82,106,125],
 [23,47,56,70,81,105,126], [23,47,56,71,80,104,127], [23,47,56,72,95,103,112],
 [23,47,56,73,94,102,113], [23,47,56,74,93,101,114], [23,47,56,75,92,100,115],
 [23,47,56,76,91,99,116], [23,47,56,77,90,98,117], [23,47,56,78,89,97,118],
 [23,47,56,79,88,96,119], [24,32,56,64,88,96,120], [24,32,56,65,89,97,121],
 [24,32,56,66,90,98,122], [24,32,56,67,91,99,123], [24,32,56,68,92,100,124],
 [24,32,56,69,93,101,125], [24,32,56,70,94,102,126], [24,32,56,71,95,103,127],
 [24,32,56,72,80,104,112], [24,32,56,73,81,105,113], [24,32,56,74,82,106,114],
 [24,32,56,75,83,107,115], [24,32,56,76,84,108,116], [24,32,56,77,85,109,117],
 [24,32,56,78,86,110,118], [24,32,56,79,87,111,119], [24,33,57,64,88,97,121],
 [24,33,57,65,89,96,120], [24,33,57,66,90,99,123], [24,33,57,67,91,98,122],
 [24,33,57,68,92,101,125], [24,33,57,69,93,100,124], [24,33,57,70,94,103,127],
 [24,33,57,71,95,102,126], [24,33,57,72,80,105,113], [24,33,57,73,81,104,112],
 [24,33,57,74,82,107,115], [24,33,57,75,83,106,114], [24,33,57,76,84,109,117],
 [24,33,57,77,85,108,116], [24,33,57,78,86,111,119], [24,33,57,79,87,110,118],
 [24,34,58,64,88,98,122], [24,34,58,65,89,99,123], [24,34,58,66,90,96,120],
 [24,34,58,67,91,97,121], [24,34,58,68,92,102,126], [24,34,58,69,93,103,127],
 [24,34,58,70,94,100,124], [24,34,58,71,95,101,125], [24,34,58,72,80,106,114],
 [24,34,58,73,81,107,115], [24,34,58,74,82,104,112], [24,34,58,75,83,105,113],
 [24,34,58,76,84,110,118], [24,34,58,77,85,111,119], [24,34,58,78,86,108,116],
 [24,34,58,79,87,109,117], [24,35,59,64,88,99,123], [24,35,59,65,89,98,122],
 [24,35,59,66,90,97,121], [24,35,59,67,91,96,120], [24,35,59,68,92,103,127],
 [24,35,59,69,93,102,126], [24,35,59,70,94,101,125], [24,35,59,71,95,100,124],
 [24,35,59,72,80,107,115], [24,35,59,73,81,106,114], [24,35,59,74,82,105,113],
 [24,35,59,75,83,104,112], [24,35,59,76,84,111,119], [24,35,59,77,85,110,118],
 [24,35,59,78,86,109,117], [24,35,59,79,87,108,116], [24,36,60,64,88,100,124],
 [24,36,60,65,89,101,125], [24,36,60,66,90,102,126], [24,36,60,67,91,103,127],
 [24,36,60,68,92,96,120], [24,36,60,69,93,97,121], [24,36,60,70,94,98,122],
 [24,36,60,71,95,99,123], [24,36,60,72,80,108,116], [24,36,60,73,81,109,117],
 [24,36,60,74,82,110,118], [24,36,60,75,83,111,119], [24,36,60,76,84,104,112],
 [24,36,60,77,85,105,113], [24,36,60,78,86,106,114], [24,36,60,79,87,107,115],
 [24,37,61,64,88,101,125], [24,37,61,65,89,100,124], [24,37,61,66,90,103,127],
 [24,37,61,67,91,102,126], [24,37,61,68,92,97,121], [24,37,61,69,93,96,120],
 [24,37,61,70,94,99,123], [24,37,61,71,95,98,122], [24,37,61,72,80,109,117],
 [24,37,61,73,81,108,116], [24,37,61,74,82,111,119], [24,37,61,75,83,110,118],
 [24,37,61,76,84,105,113], [24,37,61,77,85,104,112], [24,37,61,78,86,107,115],
 [24,37,61,79,87,106,114], [24,38,62,64,88,102,126], [24,38,62,65,89,103,127],
 [24,38,62,66,90,100,124], [24,38,62,67,91,101,125], [24,38,62,68,92,98,122],
 [24,38,62,69,93,99,123], [24,38,62,70,94,96,120], [24,38,62,71,95,97,121],
 [24,38,62,72,80,110,118], [24,38,62,73,81,111,119], [24,38,62,74,82,108,116],
 [24,38,62,75,83,109,117], [24,38,62,76,84,106,114], [24,38,62,77,85,107,115],
 [24,38,62,78,86,104,112], [24,38,62,79,87,105,113], [24,39,63,64,88,103,127],
 [24,39,63,65,89,102,126], [24,39,63,66,90,101,125], [24,39,63,67,91,100,124],
 [24,39,63,68,92,99,123], [24,39,63,69,93,98,122], [24,39,63,70,94,97,121],
 [24,39,63,71,95,96,120], [24,39,63,72,80,111,119], [24,39,63,73,81,110,118],
 [24,39,63,74,82,109,117], [24,39,63,75,83,108,116], [24,39,63,76,84,107,115],
 [24,39,63,77,85,106,114], [24,39,63,78,86,105,113], [24,39,63,79,87,104,112],
 [24,40,48,64,88,104,112], [24,40,48,65,89,105,113], [24,40,48,66,90,106,114],
 [24,40,48,67,91,107,115], [24,40,48,68,92,108,116], [24,40,48,69,93,109,117],
 [24,40,48,70,94,110,118], [24,40,48,71,95,111,119], [24,40,48,72,80,96,120],
 [24,40,48,73,81,97,121], [24,40,48,74,82,98,122], [24,40,48,75,83,99,123],
 [24,40,48,76,84,100,124], [24,40,48,77,85,101,125], [24,40,48,78,86,102,126],
 [24,40,48,79,87,103,127], [24,41,49,64,88,105,113], [24,41,49,65,89,104,112],
 [24,41,49,66,90,107,115], [24,41,49,67,91,106,114], [24,41,49,68,92,109,117],
 [24,41,49,69,93,108,116], [24,41,49,70,94,111,119], [24,41,49,71,95,110,118],
 [24,41,49,72,80,97,121], [24,41,49,73,81,96,120], [24,41,49,74,82,99,123],
 [24,41,49,75,83,98,122], [24,41,49,76,84,101,125], [24,41,49,77,85,100,124],
 [24,41,49,78,86,103,127], [24,41,49,79,87,102,126], [24,42,50,64,88,106,114],
 [24,42,50,65,89,107,115], [24,42,50,66,90,104,112], [24,42,50,67,91,105,113],
 [24,42,50,68,92,110,118], [24,42,50,69,93,111,119], [24,42,50,70,94,108,116],
 [24,42,50,71,95,109,117], [24,42,50,72,80,98,122], [24,42,50,73,81,99,123],
 [24,42,50,74,82,96,120], [24,42,50,75,83,97,121], [24,42,50,76,84,102,126],
 [24,42,50,77,85,103,127], [24,42,50,78,86,100,124], [24,42,50,79,87,101,125],
 [24,43,51,64,88,107,115], [24,43,51,65,89,106,114], [24,43,51,66,90,105,113],
 [24,43,51,67,91,104,112], [24,43,51,68,92,111,119], [24,43,51,69,93,110,118],
 [24,43,51,70,94,109,117], [24,43,51,71,95,108,116], [24,43,51,72,80,99,123],
 [24,43,51,73,81,98,122], [24,43,51,74,82,97,121], [24,43,51,75,83,96,120],
 [24,43,51,76,84,103,127], [24,43,51,77,85,102,126], [24,43,51,78,86,101,125],
 [24,43,51,79,87,100,124], [24,44,52,64,88,108,116], [24,44,52,65,89,109,117],
 [24,44,52,66,90,110,118], [24,44,52,67,91,111,119], [24,44,52,68,92,104,112],
 [24,44,52,69,93,105,113], [24,44,52,70,94,106,114], [24,44,52,71,95,107,115],
 [24,44,52,72,80,100,124], [24,44,52,73,81,101,125], [24,44,52,74,82,102,126],
 [24,44,52,75,83,103,127], [24,44,52,76,84,96,120], [24,44,52,77,85,97,121],
 [24,44,52,78,86,98,122], [24,44,52,79,87,99,123], [24,45,53,64,88,109,117],
 [24,45,53,65,89,108,116], [24,45,53,66,90,111,119], [24,45,53,67,91,110,118],
 [24,45,53,68,92,105,113], [24,45,53,69,93,104,112], [24,45,53,70,94,107,115],
 [24,45,53,71,95,106,114], [24,45,53,72,80,101,125], [24,45,53,73,81,100,124],
 [24,45,53,74,82,103,127], [24,45,53,75,83,102,126], [24,45,53,76,84,97,121],
 [24,45,53,77,85,96,120], [24,45,53,78,86,99,123], [24,45,53,79,87,98,122],
 [24,46,54,64,88,110,118], [24,46,54,65,89,111,119], [24,46,54,66,90,108,116],
 [24,46,54,67,91,109,117], [24,46,54,68,92,106,114], [24,46,54,69,93,107,115],
 [24,46,54,70,94,104,112], [24,46,54,71,95,105,113], [24,46,54,72,80,102,126],
 [24,46,54,73,81,103,127], [24,46,54,74,82,100,124], [24,46,54,75,83,101,125],
 [24,46,54,76,84,98,122], [24,46,54,77,85,99,123], [24,46,54,78,86,96,120],
 [24,46,54,79,87,97,121], [24,47,55,64,88,111,119], [24,47,55,65,89,110,118],
 [24,47,55,66,90,109,117], [24,47,55,67,91,108,116], [24,47,55,68,92,107,115],
 [24,47,55,69,93,106,114], [24,47,55,70,94,105,113], [24,47,55,71,95,104,112],
 [24,47,55,72,80,103,127], [24,47,55,73,81,102,126], [24,47,55,74,82,101,125],
 [24,47,55,75,83,100,124], [24,47,55,76,84,99,123], [24,47,55,77,85,98,122],
 [24,47,55,78,86,97,121], [24,47,55,79,87,96,120], [25,32,57,64,89,96,121],
 [25,32,57,65,88,97,120], [25,32,57,66,91,98,123], [25,32,57,67,90,99,122],
 [25,32,57,68,93,100,125], [25,32,57,69,92,101,124], [25,32,57,70,95,102,127],
 [25,32,57,71,94,103,126], [25,32,57,72,81,104,113], [25,32,57,73,80,105,112],
 [25,32,57,74,83,106,115], [25,32,57,75,82,107,114], [25,32,57,76,85,108,117],
 [25,32,57,77,84,109,116], [25,32,57,78,87,110,119], [25,32,57,79,86,111,118],
 [25,33,56,64,89,97,120], [25,33,56,65,88,96,121], [25,33,56,66,91,99,122],
 [25,33,56,67,90,98,123], [25,33,56,68,93,101,124], [25,33,56,69,92,100,125],
 [25,33,56,70,95,103,126], [25,33,56,71,94,102,127], [25,33,56,72,81,105,112],
 [25,33,56,73,80,104,113], [25,33,56,74,83,107,114], [25,33,56,75,82,106,115],
 [25,33,56,76,85,109,116], [25,33,56,77,84,108,117], [25,33,56,78,87,111,118],
 [25,33,56,79,86,110,119], [25,34,59,64,89,98,123], [25,34,59,65,88,99,122],
 [25,34,59,66,91,96,121], [25,34,59,67,90,97,120], [25,34,59,68,93,102,127],
 [25,34,59,69,92,103,126], [25,34,59,70,95,100,125], [25,34,59,71,94,101,124],
 [25,34,59,72,81,106,115], [25,34,59,73,80,107,114], [25,34,59,74,83,104,113],
 [25,34,59,75,82,105,112], [25,34,59,76,85,110,119], [25,34,59,77,84,111,118],
 [25,34,59,78,87,108,117], [25,34,59,79,86,109,116], [25,35,58,64,89,99,122],
 [25,35,58,65,88,98,123], [25,35,58,66,91,97,120], [25,35,58,67,90,96,121],
 [25,35,58,68,93,103,126], [25,35,58,69,92,102,127], [25,35,58,70,95,101,124],
 [25,35,58,71,94,100,125], [25,35,58,72,81,107,114], [25,35,58,73,80,106,115],
 [25,35,58,74,83,105,112], [25,35,58,75,82,104,113], [25,35,58,76,85,111,118],
 [25,35,58,77,84,110,119], [25,35,58,78,87,109,116], [25,35,58,79,86,108,117],
 [25,36,61,64,89,100,125], [25,36,61,65,88,101,124], [25,36,61,66,91,102,127],
 [25,36,61,67,90,103,126], [25,36,61,68,93,96,121], [25,36,61,69,92,97,120],
 [25,36,61,70,95,98,123], [25,36,61,71,94,99,122], [25,36,61,72,81,108,117],
 [25,36,61,73,80,109,116], [25,36,61,74,83,110,119], [25,36,61,75,82,111,118],
 [25,36,61,76,85,104,113], [25,36,61,77,84,105,112], [25,36,61,78,87,106,115],
 [25,36,61,79,86,107,114], [25,37,60,64,89,101,124], [25,37,60,65,88,100,125],
 [25,37,60,66,91,103,126], [25,37,60,67,90,102,127], [25,37,60,68,93,97,120],
 [25,37,60,69,92,96,121], [25,37,60,70,95,99,122], [25,37,60,71,94,98,123],
 [25,37,60,72,81,109,116], [25,37,60,73,80,108,117], [25,37,60,74,83,111,118],
 [25,37,60,75,82,110,119], [25,37,60,76,85,105,112], [25,37,60,77,84,104,113],
 [25,37,60,78,87,107,114], [25,37,60,79,86,106,115], [25,38,63,64,89,102,127],
 [25,38,63,65,88,103,126], [25,38,63,66,91,100,125], [25,38,63,67,90,101,124],
 [25,38,63,68,93,98,123], [25,38,63,69,92,99,122], [25,38,63,70,95,96,121],
 [25,38,63,71,94,97,120], [25,38,63,72,81,110,119], [25,38,63,73,80,111,118],
 [25,38,63,74,83,108,117], [25,38,63,75,82,109,116], [25,38,63,76,85,106,115],
 [25,38,63,77,84,107,114], [25,38,63,78,87,104,113], [25,38,63,79,86,105,112],
 [25,39,62,64,89,103,126], [25,39,62,65,88,102,127], [25,39,62,66,91,101,124],
 [25,39,62,67,90,100,125], [25,39,62,68,93,99,122], [25,39,62,69,92,98,123],
 [25,39,62,70,95,97,120], [25,39,62,71,94,96,121], [25,39,62,72,81,111,118],
 [25,39,62,73,80,110,119], [25,39,62,74,83,109,116], [25,39,62,75,82,108,117],
 [25,39,62,76,85,107,114], [25,39,62,77,84,106,115], [25,39,62,78,87,105,112],
 [25,39,62,79,86,104,113], [25,40,49,64,89,104,113], [25,40,49,65,88,105,112],
 [25,40,49,66,91,106,115], [25,40,49,67,90,107,114], [25,40,49,68,93,108,117],
 [25,40,49,69,92,109,116], [25,40,49,70,95,110,119], [25,40,49,71,94,111,118],
 [25,40,49,72,81,96,121], [25,40,49,73,80,97,120], [25,40,49,74,83,98,123],
 [25,40,49,75,82,99,122], [25,40,49,76,85,100,125], [25,40,49,77,84,101,124],
 [25,40,49,78,87,102,127], [25,40,49,79,86,103,126], [25,41,48,64,89,105,112],
 [25,41,48,65,88,104,113], [25,41,48,66,91,107,114], [25,41,48,67,90,106,115],
 [25,41,48,68,93,109,116], [25,41,48,69,92,108,117], [25,41,48,70,95,111,118],
 [25,41,48,71,94,110,119], [25,41,48,72,81,97,120], [25,41,48,73,80,96,121],
 [25,41,48,74,83,99,122], [25,41,48,75,82,98,123], [25,41,48,76,85,101,124],
 [25,41,48,77,84,100,125], [25,41,48,78,87,103,126], [25,41,48,79,86,102,127],
 [25,42,51,64,89,106,115], [25,42,51,65,88,107,114], [25,42,51,66,91,104,113],
 [25,42,51,67,90,105,112], [25,42,51,68,93,110,119], [25,42,51,69,92,111,118],
 [25,42,51,70,95,108,117], [25,42,51,71,94,109,116], [25,42,51,72,81,98,123],
 [25,42,51,73,80,99,122], [25,42,51,74,83,96,121], [25,42,51,75,82,97,120],
 [25,42,51,76,85,102,127], [25,42,51,77,84,103,126], [25,42,51,78,87,100,125],
 [25,42,51,79,86,101,124], [25,43,50,64,89,107,114], [25,43,50,65,88,106,115],
 [25,43,50,66,91,105,112], [25,43,50,67,90,104,113], [25,43,50,68,93,111,118],
 [25,43,50,69,92,110,119], [25,43,50,70,95,109,116], [25,43,50,71,94,108,117],
 [25,43,50,72,81,99,122], [25,43,50,73,80,98,123], [25,43,50,74,83,97,120],
 [25,43,50,75,82,96,121], [25,43,50,76,85,103,126], [25,43,50,77,84,102,127],
 [25,43,50,78,87,101,124], [25,43,50,79,86,100,125], [25,44,53,64,89,108,117],
 [25,44,53,65,88,109,116], [25,44,53,66,91,110,119], [25,44,53,67,90,111,118],
 [25,44,53,68,93,104,113], [25,44,53,69,92,105,112], [25,44,53,70,95,106,115],
 [25,44,53,71,94,107,114], [25,44,53,72,81,100,125], [25,44,53,73,80,101,124],
 [25,44,53,74,83,102,127], [25,44,53,75,82,103,126], [25,44,53,76,85,96,121],
 [25,44,53,77,84,97,120], [25,44,53,78,87,98,123], [25,44,53,79,86,99,122],
 [25,45,52,64,89,109,116], [25,45,52,65,88,108,117], [25,45,52,66,91,111,118],
 [25,45,52,67,90,110,119], [25,45,52,68,93,105,112], [25,45,52,69,92,104,113],
 [25,45,52,70,95,107,114], [25,45,52,71,94,106,115], [25,45,52,72,81,101,124],
 [25,45,52,73,80,100,125], [25,45,52,74,83,103,126], [25,45,52,75,82,102,127],
 [25,45,52,76,85,97,120], [25,45,52,77,84,96,121], [25,45,52,78,87,99,122],
 [25,45,52,79,86,98,123], [25,46,55,64,89,110,119], [25,46,55,65,88,111,118],
 [25,46,55,66,91,108,117], [25,46,55,67,90,109,116], [25,46,55,68,93,106,115],
 [25,46,55,69,92,107,114], [25,46,55,70,95,104,113], [25,46,55,71,94,105,112],
 [25,46,55,72,81,102,127], [25,46,55,73,80,103,126], [25,46,55,74,83,100,125],
 [25,46,55,75,82,101,124], [25,46,55,76,85,98,123], [25,46,55,77,84,99,122],
 [25,46,55,78,87,96,121], [25,46,55,79,86,97,120], [25,47,54,64,89,111,118],
 [25,47,54,65,88,110,119], [25,47,54,66,91,109,116], [25,47,54,67,90,108,117],
 [25,47,54,68,93,107,114], [25,47,54,69,92,106,115], [25,47,54,70,95,105,112],
 [25,47,54,71,94,104,113], [25,47,54,72,81,103,126], [25,47,54,73,80,102,127],
 [25,47,54,74,83,101,124], [25,47,54,75,82,100,125], [25,47,54,76,85,99,122],
 [25,47,54,77,84,98,123], [25,47,54,78,87,97,120], [25,47,54,79,86,96,121],
 [26,32,58,64,90,96,122], [26,32,58,65,91,97,123], [26,32,58,66,88,98,120],
 [26,32,58,67,89,99,121], [26,32,58,68,94,100,126], [26,32,58,69,95,101,127],
 [26,32,58,70,92,102,124], [26,32,58,71,93,103,125], [26,32,58,72,82,104,114],
 [26,32,58,73,83,105,115], [26,32,58,74,80,106,112], [26,32,58,75,81,107,113],
 [26,32,58,76,86,108,118], [26,32,58,77,87,109,119], [26,32,58,78,84,110,116],
 [26,32,58,79,85,111,117], [26,33,59,64,90,97,123], [26,33,59,65,91,96,122],
 [26,33,59,66,88,99,121], [26,33,59,67,89,98,120], [26,33,59,68,94,101,127],
 [26,33,59,69,95,100,126], [26,33,59,70,92,103,125], [26,33,59,71,93,102,124],
 [26,33,59,72,82,105,115], [26,33,59,73,83,104,114], [26,33,59,74,80,107,113],
 [26,33,59,75,81,106,112], [26,33,59,76,86,109,119], [26,33,59,77,87,108,118],
 [26,33,59,78,84,111,117], [26,33,59,79,85,110,116], [26,34,56,64,90,98,120],
 [26,34,56,65,91,99,121], [26,34,56,66,88,96,122], [26,34,56,67,89,97,123],
 [26,34,56,68,94,102,124], [26,34,56,69,95,103,125], [26,34,56,70,92,100,126],
 [26,34,56,71,93,101,127], [26,34,56,72,82,106,112], [26,34,56,73,83,107,113],
 [26,34,56,74,80,104,114], [26,34,56,75,81,105,115], [26,34,56,76,86,110,116],
 [26,34,56,77,87,111,117], [26,34,56,78,84,108,118], [26,34,56,79,85,109,119],
 [26,35,57,64,90,99,121], [26,35,57,65,91,98,120], [26,35,57,66,88,97,123],
 [26,35,57,67,89,96,122], [26,35,57,68,94,103,125], [26,35,57,69,95,102,124],
 [26,35,57,70,92,101,127], [26,35,57,71,93,100,126], [26,35,57,72,82,107,113],
 [26,35,57,73,83,106,112], [26,35,57,74,80,105,115], [26,35,57,75,81,104,114],
 [26,35,57,76,86,111,117], [26,35,57,77,87,110,116], [26,35,57,78,84,109,119],
 [26,35,57,79,85,108,118], [26,36,62,64,90,100,126], [26,36,62,65,91,101,127],
 [26,36,62,66,88,102,124], [26,36,62,67,89,103,125], [26,36,62,68,94,96,122],
 [26,36,62,69,95,97,123], [26,36,62,70,92,98,120], [26,36,62,71,93,99,121],
 [26,36,62,72,82,108,118], [26,36,62,73,83,109,119], [26,36,62,74,80,110,116],
 [26,36,62,75,81,111,117], [26,36,62,76,86,104,114], [26,36,62,77,87,105,115],
 [26,36,62,78,84,106,112], [26,36,62,79,85,107,113], [26,37,63,64,90,101,127],
 [26,37,63,65,91,100,126], [26,37,63,66,88,103,125], [26,37,63,67,89,102,124],
 [26,37,63,68,94,97,123], [26,37,63,69,95,96,122], [26,37,63,70,92,99,121],
 [26,37,63,71,93,98,120], [26,37,63,72,82,109,119], [26,37,63,73,83,108,118],
 [26,37,63,74,80,111,117], [26,37,63,75,81,110,116], [26,37,63,76,86,105,115],
 [26,37,63,77,87,104,114], [26,37,63,78,84,107,113], [26,37,63,79,85,106,112],
 [26,38,60,64,90,102,124], [26,38,60,65,91,103,125], [26,38,60,66,88,100,126],
 [26,38,60,67,89,101,127], [26,38,60,68,94,98,120], [26,38,60,69,95,99,121],
 [26,38,60,70,92,96,122], [26,38,60,71,93,97,123], [26,38,60,72,82,110,116],
 [26,38,60,73,83,111,117], [26,38,60,74,80,108,118], [26,38,60,75,81,109,119],
 [26,38,60,76,86,106,112], [26,38,60,77,87,107,113], [26,38,60,78,84,104,114],
 [26,38,60,79,85,105,115], [26,39,61,64,90,103,125], [26,39,61,65,91,102,124],
 [26,39,61,66,88,101,127], [26,39,61,67,89,100,126], [26,39,61,68,94,99,121],
 [26,39,61,69,95,98,120], [26,39,61,70,92,97,123], [26,39,61,71,93,96,122],
 [26,39,61,72,82,111,117], [26,39,61,73,83,110,116], [26,39,61,74,80,109,119],
 [26,39,61,75,81,108,118], [26,39,61,76,86,107,113], [26,39,61,77,87,106,112],
 [26,39,61,78,84,105,115], [26,39,61,79,85,104,114], [26,40,50,64,90,104,114],
 [26,40,50,65,91,105,115], [26,40,50,66,88,106,112], [26,40,50,67,89,107,113],
 [26,40,50,68,94,108,118], [26,40,50,69,95,109,119], [26,40,50,70,92,110,116],
 [26,40,50,71,93,111,117], [26,40,50,72,82,96,122], [26,40,50,73,83,97,123],
 [26,40,50,74,80,98,120], [26,40,50,75,81,99,121], [26,40,50,76,86,100,126],
 [26,40,50,77,87,101,127], [26,40,50,78,84,102,124], [26,40,50,79,85,103,125],
 [26,41,51,64,90,105,115], [26,41,51,65,91,104,114], [26,41,51,66,88,107,113],
 [26,41,51,67,89,106,112], [26,41,51,68,94,109,119], [26,41,51,69,95,108,118],
 [26,41,51,70,92,111,117], [26,41,51,71,93,110,116], [26,41,51,72,82,97,123],
 [26,41,51,73,83,96,122], [26,41,51,74,80,99,121], [26,41,51,75,81,98,120],
 [26,41,51,76,86,101,127], [26,41,51,77,87,100,126], [26,41,51,78,84,103,125],
 [26,41,51,79,85,102,124], [26,42,48,64,90,106,112], [26,42,48,65,91,107,113],
 [26,42,48,66,88,104,114], [26,42,48,67,89,105,115], [26,42,48,68,94,110,116],
 [26,42,48,69,95,111,117], [26,42,48,70,92,108,118], [26,42,48,71,93,109,119],
 [26,42,48,72,82,98,120], [26,42,48,73,83,99,121], [26,42,48,74,80,96,122],
 [26,42,48,75,81,97,123], [26,42,48,76,86,102,124], [26,42,48,77,87,103,125],
 [26,42,48,78,84,100,126], [26,42,48,79,85,101,127], [26,43,49,64,90,107,113],
 [26,43,49,65,91,106,112], [26,43,49,66,88,105,115], [26,43,49,67,89,104,114],
 [26,43,49,68,94,111,117], [26,43,49,69,95,110,116], [26,43,49,70,92,109,119],
 [26,43,49,71,93,108,118], [26,43,49,72,82,99,121], [26,43,49,73,83,98,120],
 [26,43,49,74,80,97,123], [26,43,49,75,81,96,122], [26,43,49,76,86,103,125],
 [26,43,49,77,87,102,124], [26,43,49,78,84,101,127], [26,43,49,79,85,100,126],
 [26,44,54,64,90,108,118], [26,44,54,65,91,109,119], [26,44,54,66,88,110,116],
 [26,44,54,67,89,111,117], [26,44,54,68,94,104,114], [26,44,54,69,95,105,115],
 [26,44,54,70,92,106,112], [26,44,54,71,93,107,113], [26,44,54,72,82,100,126],
 [26,44,54,73,83,101,127], [26,44,54,74,80,102,124], [26,44,54,75,81,103,125],
 [26,44,54,76,86,96,122], [26,44,54,77,87,97,123], [26,44,54,78,84,98,120],
 [26,44,54,79,85,99,121], [26,45,55,64,90,109,119], [26,45,55,65,91,108,118],
 [26,45,55,66,88,111,117], [26,45,55,67,89,110,116], [26,45,55,68,94,105,115],
 [26,45,55,69,95,104,114], [26,45,55,70,92,107,113], [26,45,55,71,93,106,112],
 [26,45,55,72,82,101,127], [26,45,55,73,83,100,126], [26,45,55,74,80,103,125],
 [26,45,55,75,81,102,124], [26,45,55,76,86,97,123], [26,45,55,77,87,96,122],
 [26,45,55,78,84,99,121], [26,45,55,79,85,98,120], [26,46,52,64,90,110,116],
 [26,46,52,65,91,111,117], [26,46,52,66,88,108,118], [26,46,52,67,89,109,119],
 [26,46,52,68,94,106,112], [26,46,52,69,95,107,113], [26,46,52,70,92,104,114],
 [26,46,52,71,93,105,115], [26,46,52,72,82,102,124], [26,46,52,73,83,103,125],
 [26,46,52,74,80,100,126], [26,46,52,75,81,101,127], [26,46,52,76,86,98,120],
 [26,46,52,77,87,99,121], [26,46,52,78,84,96,122], [26,46,52,79,85,97,123],
 [26,47,53,64,90,111,117], [26,47,53,65,91,110,116], [26,47,53,66,88,109,119],
 [26,47,53,67,89,108,118], [26,47,53,68,94,107,113], [26,47,53,69,95,106,112],
 [26,47,53,70,92,105,115], [26,47,53,71,93,104,114], [26,47,53,72,82,103,125],
 [26,47,53,73,83,102,124], [26,47,53,74,80,101,127], [26,47,53,75,81,100,126],
 [26,47,53,76,86,99,121], [26,47,53,77,87,98,120], [26,47,53,78,84,97,123],
 [26,47,53,79,85,96,122], [27,32,59,64,91,96,123], [27,32,59,65,90,97,122],
 [27,32,59,66,89,98,121], [27,32,59,67,88,99,120], [27,32,59,68,95,100,127],
 [27,32,59,69,94,101,126], [27,32,59,70,93,102,125], [27,32,59,71,92,103,124],
 [27,32,59,72,83,104,115], [27,32,59,73,82,105,114], [27,32,59,74,81,106,113],
 [27,32,59,75,80,107,112], [27,32,59,76,87,108,119], [27,32,59,77,86,109,118],
 [27,32,59,78,85,110,117], [27,32,59,79,84,111,116], [27,33,58,64,91,97,122],
 [27,33,58,65,90,96,123], [27,33,58,66,89,99,120], [27,33,58,67,88,98,121],
 [27,33,58,68,95,101,126], [27,33,58,69,94,100,127], [27,33,58,70,93,103,124],
 [27,33,58,71,92,102,125], [27,33,58,72,83,105,114], [27,33,58,73,82,104,115],
 [27,33,58,74,81,107,112], [27,33,58,75,80,106,113], [27,33,58,76,87,109,118],
 [27,33,58,77,86,108,119], [27,33,58,78,85,111,116], [27,33,58,79,84,110,117],
 [27,34,57,64,91,98,121], [27,34,57,65,90,99,120], [27,34,57,66,89,96,123],
 [27,34,57,67,88,97,122], [27,34,57,68,95,102,125], [27,34,57,69,94,103,124],
 [27,34,57,70,93,100,127], [27,34,57,71,92,101,126], [27,34,57,72,83,106,113],
 [27,34,57,73,82,107,112], [27,34,57,74,81,104,115], [27,34,57,75,80,105,114],
 [27,34,57,76,87,110,117], [27,34,57,77,86,111,116], [27,34,57,78,85,108,119],
 [27,34,57,79,84,109,118], [27,35,56,64,91,99,120], [27,35,56,65,90,98,121],
 [27,35,56,66,89,97,122], [27,35,56,67,88,96,123], [27,35,56,68,95,103,124],
 [27,35,56,69,94,102,125], [27,35,56,70,93,101,126], [27,35,56,71,92,100,127],
 [27,35,56,72,83,107,112], [27,35,56,73,82,106,113], [27,35,56,74,81,105,114],
 [27,35,56,75,80,104,115], [27,35,56,76,87,111,116], [27,35,56,77,86,110,117],
 [27,35,56,78,85,109,118], [27,35,56,79,84,108,119], [27,36,63,64,91,100,127],
 [27,36,63,65,90,101,126], [27,36,63,66,89,102,125], [27,36,63,67,88,103,124],
 [27,36,63,68,95,96,123], [27,36,63,69,94,97,122], [27,36,63,70,93,98,121],
 [27,36,63,71,92,99,120], [27,36,63,72,83,108,119], [27,36,63,73,82,109,118],
 [27,36,63,74,81,110,117], [27,36,63,75,80,111,116], [27,36,63,76,87,104,115],
 [27,36,63,77,86,105,114], [27,36,63,78,85,106,113], [27,36,63,79,84,107,112],
 [27,37,62,64,91,101,126], [27,37,62,65,90,100,127], [27,37,62,66,89,103,124],
 [27,37,62,67,88,102,125], [27,37,62,68,95,97,122], [27,37,62,69,94,96,123],
 [27,37,62,70,93,99,120], [27,37,62,71,92,98,121], [27,37,62,72,83,109,118],
 [27,37,62,73,82,108,119], [27,37,62,74,81,111,116], [27,37,62,75,80,110,117],
 [27,37,62,76,87,105,114], [27,37,62,77,86,104,115], [27,37,62,78,85,107,112],
 [27,37,62,79,84,106,113], [27,38,61,64,91,102,125], [27,38,61,65,90,103,124],
 [27,38,61,66,89,100,127], [27,38,61,67,88,101,126], [27,38,61,68,95,98,121],
 [27,38,61,69,94,99,120], [27,38,61,70,93,96,123], [27,38,61,71,92,97,122],
 [27,38,61,72,83,110,117], [27,38,61,73,82,111,116], [27,38,61,74,81,108,119],
 [27,38,61,75,80,109,118], [27,38,61,76,87,106,113], [27,38,61,77,86,107,112],
 [27,38,61,78,85,104,115], [27,38,61,79,84,105,114], [27,39,60,64,91,103,124],
 [27,39,60,65,90,102,125], [27,39,60,66,89,101,126], [27,39,60,67,88,100,127],
 [27,39,60,68,95,99,120], [27,39,60,69,94,98,121], [27,39,60,70,93,97,122],
 [27,39,60,71,92,96,123], [27,39,60,72,83,111,116], [27,39,60,73,82,110,117],
 [27,39,60,74,81,109,118], [27,39,60,75,80,108,119], [27,39,60,76,87,107,112],
 [27,39,60,77,86,106,113], [27,39,60,78,85,105,114], [27,39,60,79,84,104,115],
 [27,40,51,64,91,104,115], [27,40,51,65,90,105,114], [27,40,51,66,89,106,113],
 [27,40,51,67,88,107,112], [27,40,51,68,95,108,119], [27,40,51,69,94,109,118],
 [27,40,51,70,93,110,117], [27,40,51,71,92,111,116], [27,40,51,72,83,96,123],
 [27,40,51,73,82,97,122], [27,40,51,74,81,98,121], [27,40,51,75,80,99,120],
 [27,40,51,76,87,100,127], [27,40,51,77,86,101,126], [27,40,51,78,85,102,125],
 [27,40,51,79,84,103,124], [27,41,50,64,91,105,114], [27,41,50,65,90,104,115],
 [27,41,50,66,89,107,112], [27,41,50,67,88,106,113], [27,41,50,68,95,109,118],
 [27,41,50,69,94,108,119], [27,41,50,70,93,111,116], [27,41,50,71,92,110,117],
 [27,41,50,72,83,97,122], [27,41,50,73,82,96,123], [27,41,50,74,81,99,120],
 [27,41,50,75,80,98,121], [27,41,50,76,87,101,126], [27,41,50,77,86,100,127],
 [27,41,50,78,85,103,124], [27,41,50,79,84,102,125], [27,42,49,64,91,106,113],
 [27,42,49,65,90,107,112], [27,42,49,66,89,104,115], [27,42,49,67,88,105,114],
 [27,42,49,68,95,110,117], [27,42,49,69,94,111,116], [27,42,49,70,93,108,119],
 [27,42,49,71,92,109,118], [27,42,49,72,83,98,121], [27,42,49,73,82,99,120],
 [27,42,49,74,81,96,123], [27,42,49,75,80,97,122], [27,42,49,76,87,102,125],
 [27,42,49,77,86,103,124], [27,42,49,78,85,100,127], [27,42,49,79,84,101,126],
 [27,43,48,64,91,107,112], [27,43,48,65,90,106,113], [27,43,48,66,89,105,114],
 [27,43,48,67,88,104,115], [27,43,48,68,95,111,116], [27,43,48,69,94,110,117],
 [27,43,48,70,93,109,118], [27,43,48,71,92,108,119], [27,43,48,72,83,99,120],
 [27,43,48,73,82,98,121], [27,43,48,74,81,97,122], [27,43,48,75,80,96,123],
 [27,43,48,76,87,103,124], [27,43,48,77,86,102,125], [27,43,48,78,85,101,126],
 [27,43,48,79,84,100,127], [27,44,55,64,91,108,119], [27,44,55,65,90,109,118],
 [27,44,55,66,89,110,117], [27,44,55,67,88,111,116], [27,44,55,68,95,104,115],
 [27,44,55,69,94,105,114], [27,44,55,70,93,106,113], [27,44,55,71,92,107,112],
 [27,44,55,72,83,100,127], [27,44,55,73,82,101,126], [27,44,55,74,81,102,125],
 [27,44,55,75,80,103,124], [27,44,55,76,87,96,123], [27,44,55,77,86,97,122],
 [27,44,55,78,85,98,121], [27,44,55,79,84,99,120], [27,45,54,64,91,109,118],
 [27,45,54,65,90,108,119], [27,45,54,66,89,111,116], [27,45,54,67,88,110,117],
 [27,45,54,68,95,105,114], [27,45,54,69,94,104,115], [27,45,54,70,93,107,112],
 [27,45,54,71,92,106,113], [27,45,54,72,83,101,126], [27,45,54,73,82,100,127],
 [27,45,54,74,81,103,124], [27,45,54,75,80,102,125], [27,45,54,76,87,97,122],
 [27,45,54,77,86,96,123], [27,45,54,78,85,99,120], [27,45,54,79,84,98,121],
 [27,46,53,64,91,110,117], [27,46,53,65,90,111,116], [27,46,53,66,89,108,119],
 [27,46,53,67,88,109,118], [27,46,53,68,95,106,113], [27,46,53,69,94,107,112],
 [27,46,53,70,93,104,115], [27,46,53,71,92,105,114], [27,46,53,72,83,102,125],
 [27,46,53,73,82,103,124], [27,46,53,74,81,100,127], [27,46,53,75,80,101,126],
 [27,46,53,76,87,98,121], [27,46,53,77,86,99,120], [27,46,53,78,85,96,123],
 [27,46,53,79,84,97,122], [27,47,52,64,91,111,116], [27,47,52,65,90,110,117],
 [27,47,52,66,89,109,118], [27,47,52,67,88,108,119], [27,47,52,68,95,107,112],
 [27,47,52,69,94,106,113], [27,47,52,70,93,105,114], [27,47,52,71,92,104,115],
 [27,47,52,72,83,103,124], [27,47,52,73,82,102,125], [27,47,52,74,81,101,126],
 [27,47,52,75,80,100,127], [27,47,52,76,87,99,120], [27,47,52,77,86,98,121],
 [27,47,52,78,85,97,122], [27,47,52,79,84,96,123], [28,32,60,64,92,96,124],
 [28,32,60,65,93,97,125], [28,32,60,66,94,98,126], [28,32,60,67,95,99,127],
 [28,32,60,68,88,100,120], [28,32,60,69,89,101,121], [28,32,60,70,90,102,122],
 [28,32,60,71,91,103,123], [28,32,60,72,84,104,116], [28,32,60,73,85,105,117],
 [28,32,60,74,86,106,118], [28,32,60,75,87,107,119], [28,32,60,76,80,108,112],
 [28,32,60,77,81,109,113], [28,32,60,78,82,110,114], [28,32,60,79,83,111,115],
 [28,33,61,64,92,97,125], [28,33,61,65,93,96,124], [28,33,61,66,94,99,127],
 [28,33,61,67,95,98,126], [28,33,61,68,88,101,121], [28,33,61,69,89,100,120],
 [28,33,61,70,90,103,123], [28,33,61,71,91,102,122], [28,33,61,72,84,105,117],
 [28,33,61,73,85,104,116], [28,33,61,74,86,107,119], [28,33,61,75,87,106,118],
 [28,33,61,76,80,109,113], [28,33,61,77,81,108,112], [28,33,61,78,82,111,115],
 [28,33,61,79,83,110,114], [28,34,62,64,92,98,126], [28,34,62,65,93,99,127],
 [28,34,62,66,94,96,124], [28,34,62,67,95,97,125], [28,34,62,68,88,102,122],
 [28,34,62,69,89,103,123], [28,34,62,70,90,100,120], [28,34,62,71,91,101,121],
 [28,34,62,72,84,106,118], [28,34,62,73,85,107,119], [28,34,62,74,86,104,116],
 [28,34,62,75,87,105,117], [28,34,62,76,80,110,114], [28,34,62,77,81,111,115],
 [28,34,62,78,82,108,112], [28,34,62,79,83,109,113], [28,35,63,64,92,99,127],
 [28,35,63,65,93,98,126], [28,35,63,66,94,97,125], [28,35,63,67,95,96,124],
 [28,35,63,68,88,103,123], [28,35,63,69,89,102,122], [28,35,63,70,90,101,121],
 [28,35,63,71,91,100,120], [28,35,63,72,84,107,119], [28,35,63,73,85,106,118],
 [28,35,63,74,86,105,117], [28,35,63,75,87,104,116], [28,35,63,76,80,111,115],
 [28,35,63,77,81,110,114], [28,35,63,78,82,109,113], [28,35,63,79,83,108,112],
 [28,36,56,64,92,100,120], [28,36,56,65,93,101,121], [28,36,56,66,94,102,122],
 [28,36,56,67,95,103,123], [28,36,56,68,88,96,124], [28,36,56,69,89,97,125],
 [28,36,56,70,90,98,126], [28,36,56,71,91,99,127], [28,36,56,72,84,108,112],
 [28,36,56,73,85,109,113], [28,36,56,74,86,110,114], [28,36,56,75,87,111,115],
 [28,36,56,76,80,104,116], [28,36,56,77,81,105,117], [28,36,56,78,82,106,118],
 [28,36,56,79,83,107,119], [28,37,57,64,92,101,121], [28,37,57,65,93,100,120],
 [28,37,57,66,94,103,123], [28,37,57,67,95,102,122], [28,37,57,68,88,97,125],
 [28,37,57,69,89,96,124], [28,37,57,70,90,99,127], [28,37,57,71,91,98,126],
 [28,37,57,72,84,109,113], [28,37,57,73,85,108,112], [28,37,57,74,86,111,115],
 [28,37,57,75,87,110,114], [28,37,57,76,80,105,117], [28,37,57,77,81,104,116],
 [28,37,57,78,82,107,119], [28,37,57,79,83,106,118], [28,38,58,64,92,102,122],
 [28,38,58,65,93,103,123], [28,38,58,66,94,100,120], [28,38,58,67,95,101,121],
 [28,38,58,68,88,98,126], [28,38,58,69,89,99,127], [28,38,58,70,90,96,124],
 [28,38,58,71,91,97,125], [28,38,58,72,84,110,114], [28,38,58,73,85,111,115],
 [28,38,58,74,86,108,112], [28,38,58,75,87,109,113], [28,38,58,76,80,106,118],
 [28,38,58,77,81,107,119], [28,38,58,78,82,104,116], [28,38,58,79,83,105,117],
 [28,39,59,64,92,103,123], [28,39,59,65,93,102,122], [28,39,59,66,94,101,121],
 [28,39,59,67,95,100,120], [28,39,59,68,88,99,127], [28,39,59,69,89,98,126],
 [28,39,59,70,90,97,125], [28,39,59,71,91,96,124], [28,39,59,72,84,111,115],
 [28,39,59,73,85,110,114], [28,39,59,74,86,109,113], [28,39,59,75,87,108,112],
 [28,39,59,76,80,107,119], [28,39,59,77,81,106,118], [28,39,59,78,82,105,117],
 [28,39,59,79,83,104,116], [28,40,52,64,92,104,116], [28,40,52,65,93,105,117],
 [28,40,52,66,94,106,118], [28,40,52,67,95,107,119], [28,40,52,68,88,108,112],
 [28,40,52,69,89,109,113], [28,40,52,70,90,110,114], [28,40,52,71,91,111,115],
 [28,40,52,72,84,96,124], [28,40,52,73,85,97,125], [28,40,52,74,86,98,126],
 [28,40,52,75,87,99,127], [28,40,52,76,80,100,120], [28,40,52,77,81,101,121],
 [28,40,52,78,82,102,122], [28,40,52,79,83,103,123], [28,41,53,64,92,105,117],
 [28,41,53,65,93,104,116], [28,41,53,66,94,107,119], [28,41,53,67,95,106,118],
 [28,41,53,68,88,109,113], [28,41,53,69,89,108,112], [28,41,53,70,90,111,115],
 [28,41,53,71,91,110,114], [28,41,53,72,84,97,125], [28,41,53,73,85,96,124],
 [28,41,53,74,86,99,127], [28,41,53,75,87,98,126], [28,41,53,76,80,101,121],
 [28,41,53,77,81,100,120], [28,41,53,78,82,103,123], [28,41,53,79,83,102,122],
 [28,42,54,64,92,106,118], [28,42,54,65,93,107,119], [28,42,54,66,94,104,116],
 [28,42,54,67,95,105,117], [28,42,54,68,88,110,114], [28,42,54,69,89,111,115],
 [28,42,54,70,90,108,112], [28,42,54,71,91,109,113], [28,42,54,72,84,98,126],
 [28,42,54,73,85,99,127], [28,42,54,74,86,96,124], [28,42,54,75,87,97,125],
 [28,42,54,76,80,102,122], [28,42,54,77,81,103,123], [28,42,54,78,82,100,120],
 [28,42,54,79,83,101,121], [28,43,55,64,92,107,119], [28,43,55,65,93,106,118],
 [28,43,55,66,94,105,117], [28,43,55,67,95,104,116], [28,43,55,68,88,111,115],
 [28,43,55,69,89,110,114], [28,43,55,70,90,109,113], [28,43,55,71,91,108,112],
 [28,43,55,72,84,99,127], [28,43,55,73,85,98,126], [28,43,55,74,86,97,125],
 [28,43,55,75,87,96,124], [28,43,55,76,80,103,123], [28,43,55,77,81,102,122],
 [28,43,55,78,82,101,121], [28,43,55,79,83,100,120], [28,44,48,64,92,108,112],
 [28,44,48,65,93,109,113], [28,44,48,66,94,110,114], [28,44,48,67,95,111,115],
 [28,44,48,68,88,104,116], [28,44,48,69,89,105,117], [28,44,48,70,90,106,118],
 [28,44,48,71,91,107,119], [28,44,48,72,84,100,120], [28,44,48,73,85,101,121],
 [28,44,48,74,86,102,122], [28,44,48,75,87,103,123], [28,44,48,76,80,96,124],
 [28,44,48,77,81,97,125], [28,44,48,78,82,98,126], [28,44,48,79,83,99,127],
 [28,45,49,64,92,109,113], [28,45,49,65,93,108,112], [28,45,49,66,94,111,115],
 [28,45,49,67,95,110,114], [28,45,49,68,88,105,117], [28,45,49,69,89,104,116],
 [28,45,49,70,90,107,119], [28,45,49,71,91,106,118], [28,45,49,72,84,101,121],
 [28,45,49,73,85,100,120], [28,45,49,74,86,103,123], [28,45,49,75,87,102,122],
 [28,45,49,76,80,97,125], [28,45,49,77,81,96,124], [28,45,49,78,82,99,127],
 [28,45,49,79,83,98,126], [28,46,50,64,92,110,114], [28,46,50,65,93,111,115],
 [28,46,50,66,94,108,112], [28,46,50,67,95,109,113], [28,46,50,68,88,106,118],
 [28,46,50,69,89,107,119], [28,46,50,70,90,104,116], [28,46,50,71,91,105,117],
 [28,46,50,72,84,102,122], [28,46,50,73,85,103,123], [28,46,50,74,86,100,120],
 [28,46,50,75,87,101,121], [28,46,50,76,80,98,126], [28,46,50,77,81,99,127],
 [28,46,50,78,82,96,124], [28,46,50,79,83,97,125], [28,47,51,64,92,111,115],
 [28,47,51,65,93,110,114], [28,47,51,66,94,109,113], [28,47,51,67,95,108,112],
 [28,47,51,68,88,107,119], [28,47,51,69,89,106,118], [28,47,51,70,90,105,117],
 [28,47,51,71,91,104,116], [28,47,51,72,84,103,123], [28,47,51,73,85,102,122],
 [28,47,51,74,86,101,121], [28,47,51,75,87,100,120], [28,47,51,76,80,99,127],
 [28,47,51,77,81,98,126], [28,47,51,78,82,97,125], [28,47,51,79,83,96,124],
 [29,32,61,64,93,96,125], [29,32,61,65,92,97,124], [29,32,61,66,95,98,127],
 [29,32,61,67,94,99,126], [29,32,61,68,89,100,121], [29,32,61,69,88,101,120],
 [29,32,61,70,91,102,123], [29,32,61,71,90,103,122], [29,32,61,72,85,104,117],
 [29,32,61,73,84,105,116], [29,32,61,74,87,106,119], [29,32,61,75,86,107,118],
 [29,32,61,76,81,108,113], [29,32,61,77,80,109,112], [29,32,61,78,83,110,115],
 [29,32,61,79,82,111,114], [29,33,60,64,93,97,124], [29,33,60,65,92,96,125],
 [29,33,60,66,95,99,126], [29,33,60,67,94,98,127], [29,33,60,68,89,101,120],
 [29,33,60,69,88,100,121], [29,33,60,70,91,103,122], [29,33,60,71,90,102,123],
 [29,33,60,72,85,105,116], [29,33,60,73,84,104,117], [29,33,60,74,87,107,118],
 [29,33,60,75,86,106,119], [29,33,60,76,81,109,112], [29,33,60,77,80,108,113],
 [29,33,60,78,83,111,114], [29,33,60,79,82,110,115], [29,34,63,64,93,98,127],
 [29,34,63,65,92,99,126], [29,34,63,66,95,96,125], [29,34,63,67,94,97,124],
 [29,34,63,68,89,102,123], [29,34,63,69,88,103,122], [29,34,63,70,91,100,121],
 [29,34,63,71,90,101,120], [29,34,63,72,85,106,119], [29,34,63,73,84,107,118],
 [29,34,63,74,87,104,117], [29,34,63,75,86,105,116], [29,34,63,76,81,110,115],
 [29,34,63,77,80,111,114], [29,34,63,78,83,108,113], [29,34,63,79,82,109,112],
 [29,35,62,64,93,99,126], [29,35,62,65,92,98,127], [29,35,62,66,95,97,124],
 [29,35,62,67,94,96,125], [29,35,62,68,89,103,122], [29,35,62,69,88,102,123],
 [29,35,62,70,91,101,120], [29,35,62,71,90,100,121], [29,35,62,72,85,107,118],
 [29,35,62,73,84,106,119], [29,35,62,74,87,105,116], [29,35,62,75,86,104,117],
 [29,35,62,76,81,111,114], [29,35,62,77,80,110,115], [29,35,62,78,83,109,112],
 [29,35,62,79,82,108,113], [29,36,57,64,93,100,121], [29,36,57,65,92,101,120],
 [29,36,57,66,95,102,123], [29,36,57,67,94,103,122], [29,36,57,68,89,96,125],
 [29,36,57,69,88,97,124], [29,36,57,70,91,98,127], [29,36,57,71,90,99,126],
 [29,36,57,72,85,108,113], [29,36,57,73,84,109,112], [29,36,57,74,87,110,115],
 [29,36,57,75,86,111,114], [29,36,57,76,81,104,117], [29,36,57,77,80,105,116],
 [29,36,57,78,83,106,119], [29,36,57,79,82,107,118], [29,37,56,64,93,101,120],
 [29,37,56,65,92,100,121], [29,37,56,66,95,103,122], [29,37,56,67,94,102,123],
 [29,37,56,68,89,97,124], [29,37,56,69,88,96,125], [29,37,56,70,91,99,126],
 [29,37,56,71,90,98,127], [29,37,56,72,85,109,112], [29,37,56,73,84,108,113],
 [29,37,56,74,87,111,114], [29,37,56,75,86,110,115], [29,37,56,76,81,105,116],
 [29,37,56,77,80,104,117], [29,37,56,78,83,107,118], [29,37,56,79,82,106,119],
 [29,38,59,64,93,102,123], [29,38,59,65,92,103,122], [29,38,59,66,95,100,121],
 [29,38,59,67,94,101,120], [29,38,59,68,89,98,127], [29,38,59,69,88,99,126],
 [29,38,59,70,91,96,125], [29,38,59,71,90,97,124], [29,38,59,72,85,110,115],
 [29,38,59,73,84,111,114], [29,38,59,74,87,108,113], [29,38,59,75,86,109,112],
 [29,38,59,76,81,106,119], [29,38,59,77,80,107,118], [29,38,59,78,83,104,117],
 [29,38,59,79,82,105,116], [29,39,58,64,93,103,122], [29,39,58,65,92,102,123],
 [29,39,58,66,95,101,120], [29,39,58,67,94,100,121], [29,39,58,68,89,99,126],
 [29,39,58,69,88,98,127], [29,39,58,70,91,97,124], [29,39,58,71,90,96,125],
 [29,39,58,72,85,111,114], [29,39,58,73,84,110,115], [29,39,58,74,87,109,112],
 [29,39,58,75,86,108,113], [29,39,58,76,81,107,118], [29,39,58,77,80,106,119],
 [29,39,58,78,83,105,116], [29,39,58,79,82,104,117], [29,40,53,64,93,104,117],
 [29,40,53,65,92,105,116], [29,40,53,66,95,106,119], [29,40,53,67,94,107,118],
 [29,40,53,68,89,108,113], [29,40,53,69,88,109,112], [29,40,53,70,91,110,115],
 [29,40,53,71,90,111,114], [29,40,53,72,85,96,125], [29,40,53,73,84,97,124],
 [29,40,53,74,87,98,127], [29,40,53,75,86,99,126], [29,40,53,76,81,100,121],
 [29,40,53,77,80,101,120], [29,40,53,78,83,102,123], [29,40,53,79,82,103,122],
 [29,41,52,64,93,105,116], [29,41,52,65,92,104,117], [29,41,52,66,95,107,118],
 [29,41,52,67,94,106,119], [29,41,52,68,89,109,112], [29,41,52,69,88,108,113],
 [29,41,52,70,91,111,114], [29,41,52,71,90,110,115], [29,41,52,72,85,97,124],
 [29,41,52,73,84,96,125], [29,41,52,74,87,99,126], [29,41,52,75,86,98,127],
 [29,41,52,76,81,101,120], [29,41,52,77,80,100,121], [29,41,52,78,83,103,122],
 [29,41,52,79,82,102,123], [29,42,55,64,93,106,119], [29,42,55,65,92,107,118],
 [29,42,55,66,95,104,117], [29,42,55,67,94,105,116], [29,42,55,68,89,110,115],
 [29,42,55,69,88,111,114], [29,42,55,70,91,108,113], [29,42,55,71,90,109,112],
 [29,42,55,72,85,98,127], [29,42,55,73,84,99,126], [29,42,55,74,87,96,125],
 [29,42,55,75,86,97,124], [29,42,55,76,81,102,123], [29,42,55,77,80,103,122],
 [29,42,55,78,83,100,121], [29,42,55,79,82,101,120], [29,43,54,64,93,107,118],
 [29,43,54,65,92,106,119], [29,43,54,66,95,105,116], [29,43,54,67,94,104,117],
 [29,43,54,68,89,111,114], [29,43,54,69,88,110,115], [29,43,54,70,91,109,112],
 [29,43,54,71,90,108,113], [29,43,54,72,85,99,126], [29,43,54,73,84,98,127],
 [29,43,54,74,87,97,124], [29,43,54,75,86,96,125], [29,43,54,76,81,103,122],
 [29,43,54,77,80,102,123], [29,43,54,78,83,101,120], [29,43,54,79,82,100,121],
 [29,44,49,64,93,108,113], [29,44,49,65,92,109,112], [29,44,49,66,95,110,115],
 [29,44,49,67,94,111,114], [29,44,49,68,89,104,117], [29,44,49,69,88,105,116],
 [29,44,49,70,91,106,119], [29,44,49,71,90,107,118], [29,44,49,72,85,100,121],
 [29,44,49,73,84,101,120], [29,44,49,74,87,102,123], [29,44,49,75,86,103,122],
 [29,44,49,76,81,96,125], [29,44,49,77,80,97,124], [29,44,49,78,83,98,127],
 [29,44,49,79,82,99,126], [29,45,48,64,93,109,112], [29,45,48,65,92,108,113],
 [29,45,48,66,95,111,114], [29,45,48,67,94,110,115], [29,45,48,68,89,105,116],
 [29,45,48,69,88,104,117], [29,45,48,70,91,107,118], [29,45,48,71,90,106,119],
 [29,45,48,72,85,101,120], [29,45,48,73,84,100,121], [29,45,48,74,87,103,122],
 [29,45,48,75,86,102,123], [29,45,48,76,81,97,124], [29,45,48,77,80,96,125],
 [29,45,48,78,83,99,126], [29,45,48,79,82,98,127], [29,46,51,64,93,110,115],
 [29,46,51,65,92,111,114], [29,46,51,66,95,108,113], [29,46,51,67,94,109,112],
 [29,46,51,68,89,106,119], [29,46,51,69,88,107,118], [29,46,51,70,91,104,117],
 [29,46,51,71,90,105,116], [29,46,51,72,85,102,123], [29,46,51,73,84,103,122],
 [29,46,51,74,87,100,121], [29,46,51,75,86,101,120], [29,46,51,76,81,98,127],
 [29,46,51,77,80,99,126], [29,46,51,78,83,96,125], [29,46,51,79,82,97,124],
 [29,47,50,64,93,111,114], [29,47,50,65,92,110,115], [29,47,50,66,95,109,112],
 [29,47,50,67,94,108,113], [29,47,50,68,89,107,118], [29,47,50,69,88,106,119],
 [29,47,50,70,91,105,116], [29,47,50,71,90,104,117], [29,47,50,72,85,103,122],
 [29,47,50,73,84,102,123], [29,47,50,74,87,101,120], [29,47,50,75,86,100,121],
 [29,47,50,76,81,99,126], [29,47,50,77,80,98,127], [29,47,50,78,83,97,124],
 [29,47,50,79,82,96,125], [30,32,62,64,94,96,126], [30,32,62,65,95,97,127],
 [30,32,62,66,92,98,124], [30,32,62,67,93,99,125], [30,32,62,68,90,100,122],
 [30,32,62,69,91,101,123], [30,32,62,70,88,102,120], [30,32,62,71,89,103,121],
 [30,32,62,72,86,104,118], [30,32,62,73,87,105,119], [30,32,62,74,84,106,116],
 [30,32,62,75,85,107,117], [30,32,62,76,82,108,114], [30,32,62,77,83,109,115],
 [30,32,62,78,80,110,112], [30,32,62,79,81,111,113], [30,33,63,64,94,97,127],
 [30,33,63,65,95,96,126], [30,33,63,66,92,99,125], [30,33,63,67,93,98,124],
 [30,33,63,68,90,101,123], [30,33,63,69,91,100,122], [30,33,63,70,88,103,121],
 [30,33,63,71,89,102,120], [30,33,63,72,86,105,119], [30,33,63,73,87,104,118],
 [30,33,63,74,84,107,117], [30,33,63,75,85,106,116], [30,33,63,76,82,109,115],
 [30,33,63,77,83,108,114], [30,33,63,78,80,111,113], [30,33,63,79,81,110,112],
 [30,34,60,64,94,98,124], [30,34,60,65,95,99,125], [30,34,60,66,92,96,126],
 [30,34,60,67,93,97,127], [30,34,60,68,90,102,120], [30,34,60,69,91,103,121],
 [30,34,60,70,88,100,122], [30,34,60,71,89,101,123], [30,34,60,72,86,106,116],
 [30,34,60,73,87,107,117], [30,34,60,74,84,104,118], [30,34,60,75,85,105,119],
 [30,34,60,76,82,110,112], [30,34,60,77,83,111,113], [30,34,60,78,80,108,114],
 [30,34,60,79,81,109,115], [30,35,61,64,94,99,125], [30,35,61,65,95,98,124],
 [30,35,61,66,92,97,127], [30,35,61,67,93,96,126], [30,35,61,68,90,103,121],
 [30,35,61,69,91,102,120], [30,35,61,70,88,101,123], [30,35,61,71,89,100,122],
 [30,35,61,72,86,107,117], [30,35,61,73,87,106,116], [30,35,61,74,84,105,119],
 [30,35,61,75,85,104,118], [30,35,61,76,82,111,113], [30,35,61,77,83,110,112],
 [30,35,61,78,80,109,115], [30,35,61,79,81,108,114], [30,36,58,64,94,100,122],
 [30,36,58,65,95,101,123], [30,36,58,66,92,102,120], [30,36,58,67,93,103,121],
 [30,36,58,68,90,96,126], [30,36,58,69,91,97,127], [30,36,58,70,88,98,124],
 [30,36,58,71,89,99,125], [30,36,58,72,86,108,114], [30,36,58,73,87,109,115],
 [30,36,58,74,84,110,112], [30,36,58,75,85,111,113], [30,36,58,76,82,104,118],
 [30,36,58,77,83,105,119], [30,36,58,78,80,106,116], [30,36,58,79,81,107,117],
 [30,37,59,64,94,101,123], [30,37,59,65,95,100,122], [30,37,59,66,92,103,121],
 [30,37,59,67,93,102,120], [30,37,59,68,90,97,127], [30,37,59,69,91,96,126],
 [30,37,59,70,88,99,125], [30,37,59,71,89,98,124], [30,37,59,72,86,109,115],
 [30,37,59,73,87,108,114], [30,37,59,74,84,111,113], [30,37,59,75,85,110,112],
 [30,37,59,76,82,105,119], [30,37,59,77,83,104,118], [30,37,59,78,80,107,117],
 [30,37,59,79,81,106,116], [30,38,56,64,94,102,120], [30,38,56,65,95,103,121],
 [30,38,56,66,92,100,122], [30,38,56,67,93,101,123], [30,38,56,68,90,98,124],
 [30,38,56,69,91,99,125], [30,38,56,70,88,96,126], [30,38,56,71,89,97,127],
 [30,38,56,72,86,110,112], [30,38,56,73,87,111,113], [30,38,56,74,84,108,114],
 [30,38,56,75,85,109,115], [30,38,56,76,82,106,116], [30,38,56,77,83,107,117],
 [30,38,56,78,80,104,118], [30,38,56,79,81,105,119], [30,39,57,64,94,103,121],
 [30,39,57,65,95,102,120], [30,39,57,66,92,101,123], [30,39,57,67,93,100,122],
 [30,39,57,68,90,99,125], [30,39,57,69,91,98,124], [30,39,57,70,88,97,127],
 [30,39,57,71,89,96,126], [30,39,57,72,86,111,113], [30,39,57,73,87,110,112],
 [30,39,57,74,84,109,115], [30,39,57,75,85,108,114], [30,39,57,76,82,107,117],
 [30,39,57,77,83,106,116], [30,39,57,78,80,105,119], [30,39,57,79,81,104,118],
 [30,40,54,64,94,104,118], [30,40,54,65,95,105,119], [30,40,54,66,92,106,116],
 [30,40,54,67,93,107,117], [30,40,54,68,90,108,114], [30,40,54,69,91,109,115],
 [30,40,54,70,88,110,112], [30,40,54,71,89,111,113], [30,40,54,72,86,96,126],
 [30,40,54,73,87,97,127], [30,40,54,74,84,98,124], [30,40,54,75,85,99,125],
 [30,40,54,76,82,100,122], [30,40,54,77,83,101,123], [30,40,54,78,80,102,120],
 [30,40,54,79,81,103,121], [30,41,55,64,94,105,119], [30,41,55,65,95,104,118],
 [30,41,55,66,92,107,117], [30,41,55,67,93,106,116], [30,41,55,68,90,109,115],
 [30,41,55,69,91,108,114], [30,41,55,70,88,111,113], [30,41,55,71,89,110,112],
 [30,41,55,72,86,97,127], [30,41,55,73,87,96,126], [30,41,55,74,84,99,125],
 [30,41,55,75,85,98,124], [30,41,55,76,82,101,123], [30,41,55,77,83,100,122],
 [30,41,55,78,80,103,121], [30,41,55,79,81,102,120], [30,42,52,64,94,106,116],
 [30,42,52,65,95,107,117], [30,42,52,66,92,104,118], [30,42,52,67,93,105,119],
 [30,42,52,68,90,110,112], [30,42,52,69,91,111,113], [30,42,52,70,88,108,114],
 [30,42,52,71,89,109,115], [30,42,52,72,86,98,124], [30,42,52,73,87,99,125],
 [30,42,52,74,84,96,126], [30,42,52,75,85,97,127], [30,42,52,76,82,102,120],
 [30,42,52,77,83,103,121], [30,42,52,78,80,100,122], [30,42,52,79,81,101,123],
 [30,43,53,64,94,107,117], [30,43,53,65,95,106,116], [30,43,53,66,92,105,119],
 [30,43,53,67,93,104,118], [30,43,53,68,90,111,113], [30,43,53,69,91,110,112],
 [30,43,53,70,88,109,115], [30,43,53,71,89,108,114], [30,43,53,72,86,99,125],
 [30,43,53,73,87,98,124], [30,43,53,74,84,97,127], [30,43,53,75,85,96,126],
 [30,43,53,76,82,103,121], [30,43,53,77,83,102,120], [30,43,53,78,80,101,123],
 [30,43,53,79,81,100,122], [30,44,50,64,94,108,114], [30,44,50,65,95,109,115],
 [30,44,50,66,92,110,112], [30,44,50,67,93,111,113], [30,44,50,68,90,104,118],
 [30,44,50,69,91,105,119], [30,44,50,70,88,106,116], [30,44,50,71,89,107,117],
 [30,44,50,72,86,100,122], [30,44,50,73,87,101,123], [30,44,50,74,84,102,120],
 [30,44,50,75,85,103,121], [30,44,50,76,82,96,126], [30,44,50,77,83,97,127],
 [30,44,50,78,80,98,124], [30,44,50,79,81,99,125], [30,45,51,64,94,109,115],
 [30,45,51,65,95,108,114], [30,45,51,66,92,111,113], [30,45,51,67,93,110,112],
 [30,45,51,68,90,105,119], [30,45,51,69,91,104,118], [30,45,51,70,88,107,117],
 [30,45,51,71,89,106,116], [30,45,51,72,86,101,123], [30,45,51,73,87,100,122],
 [30,45,51,74,84,103,121], [30,45,51,75,85,102,120], [30,45,51,76,82,97,127],
 [30,45,51,77,83,96,126], [30,45,51,78,80,99,125], [30,45,51,79,81,98,124],
 [30,46,48,64,94,110,112], [30,46,48,65,95,111,113], [30,46,48,66,92,108,114],
 [30,46,48,67,93,109,115], [30,46,48,68,90,106,116], [30,46,48,69,91,107,117],
 [30,46,48,70,88,104,118], [30,46,48,71,89,105,119], [30,46,48,72,86,102,120],
 [30,46,48,73,87,103,121], [30,46,48,74,84,100,122], [30,46,48,75,85,101,123],
 [30,46,48,76,82,98,124], [30,46,48,77,83,99,125], [30,46,48,78,80,96,126],
 [30,46,48,79,81,97,127], [30,47,49,64,94,111,113], [30,47,49,65,95,110,112],
 [30,47,49,66,92,109,115], [30,47,49,67,93,108,114], [30,47,49,68,90,107,117],
 [30,47,49,69,91,106,116], [30,47,49,70,88,105,119], [30,47,49,71,89,104,118],
 [30,47,49,72,86,103,121], [30,47,49,73,87,102,120], [30,47,49,74,84,101,123],
 [30,47,49,75,85,100,122], [30,47,49,76,82,99,125], [30,47,49,77,83,98,124],
 [30,47,49,78,80,97,127], [30,47,49,79,81,96,126], [31,32,63,64,95,96,127],
 [31,32,63,65,94,97,126], [31,32,63,66,93,98,125], [31,32,63,67,92,99,124],
 [31,32,63,68,91,100,123], [31,32,63,69,90,101,122], [31,32,63,70,89,102,121],
 [31,32,63,71,88,103,120], [31,32,63,72,87,104,119], [31,32,63,73,86,105,118],
 [31,32,63,74,85,106,117], [31,32,63,75,84,107,116], [31,32,63,76,83,108,115],
 [31,32,63,77,82,109,114], [31,32,63,78,81,110,113], [31,32,63,79,80,111,112],
 [31,33,62,64,95,97,126], [31,33,62,65,94,96,127], [31,33,62,66,93,99,124],
 [31,33,62,67,92,98,125], [31,33,62,68,91,101,122], [31,33,62,69,90,100,123],
 [31,33,62,70,89,103,120], [31,33,62,71,88,102,121], [31,33,62,72,87,105,118],
 [31,33,62,73,86,104,119], [31,33,62,74,85,107,116], [31,33,62,75,84,106,117],
 [31,33,62,76,83,109,114], [31,33,62,77,82,108,115], [31,33,62,78,81,111,112],
 [31,33,62,79,80,110,113], [31,34,61,64,95,98,125], [31,34,61,65,94,99,124],
 [31,34,61,66,93,96,127], [31,34,61,67,92,97,126], [31,34,61,68,91,102,121],
 [31,34,61,69,90,103,120], [31,34,61,70,89,100,123], [31,34,61,71,88,101,122],
 [31,34,61,72,87,106,117], [31,34,61,73,86,107,116], [31,34,61,74,85,104,119],
 [31,34,61,75,84,105,118], [31,34,61,76,83,110,113], [31,34,61,77,82,111,112],
 [31,34,61,78,81,108,115], [31,34,61,79,80,109,114], [31,35,60,64,95,99,124],
 [31,35,60,65,94,98,125], [31,35,60,66,93,97,126], [31,35,60,67,92,96,127],
 [31,35,60,68,91,103,120], [31,35,60,69,90,102,121], [31,35,60,70,89,101,122],
 [31,35,60,71,88,100,123], [31,35,60,72,87,107,116], [31,35,60,73,86,106,117],
 [31,35,60,74,85,105,118], [31,35,60,75,84,104,119], [31,35,60,76,83,111,112],
 [31,35,60,77,82,110,113], [31,35,60,78,81,109,114], [31,35,60,79,80,108,115],
 [31,36,59,64,95,100,123], [31,36,59,65,94,101,122], [31,36,59,66,93,102,121],
 [31,36,59,67,92,103,120], [31,36,59,68,91,96,127], [31,36,59,69,90,97,126],
 [31,36,59,70,89,98,125], [31,36,59,71,88,99,124], [31,36,59,72,87,108,115],
 [31,36,59,73,86,109,114], [31,36,59,74,85,110,113], [31,36,59,75,84,111,112],
 [31,36,59,76,83,104,119], [31,36,59,77,82,105,118], [31,36,59,78,81,106,117],
 [31,36,59,79,80,107,116], [31,37,58,64,95,101,122], [31,37,58,65,94,100,123],
 [31,37,58,66,93,103,120], [31,37,58,67,92,102,121], [31,37,58,68,91,97,126],
 [31,37,58,69,90,96,127], [31,37,58,70,89,99,124], [31,37,58,71,88,98,125],
 [31,37,58,72,87,109,114], [31,37,58,73,86,108,115], [31,37,58,74,85,111,112],
 [31,37,58,75,84,110,113], [31,37,58,76,83,105,118], [31,37,58,77,82,104,119],
 [31,37,58,78,81,107,116], [31,37,58,79,80,106,117], [31,38,57,64,95,102,121],
 [31,38,57,65,94,103,120], [31,38,57,66,93,100,123], [31,38,57,67,92,101,122],
 [31,38,57,68,91,98,125], [31,38,57,69,90,99,124], [31,38,57,70,89,96,127],
 [31,38,57,71,88,97,126], [31,38,57,72,87,110,113], [31,38,57,73,86,111,112],
 [31,38,57,74,85,108,115], [31,38,57,75,84,109,114], [31,38,57,76,83,106,117],
 [31,38,57,77,82,107,116], [31,38,57,78,81,104,119], [31,38,57,79,80,105,118],
 [31,39,56,64,95,103,120], [31,39,56,65,94,102,121], [31,39,56,66,93,101,122],
 [31,39,56,67,92,100,123], [31,39,56,68,91,99,124], [31,39,56,69,90,98,125],
 [31,39,56,70,89,97,126], [31,39,56,71,88,96,127], [31,39,56,72,87,111,112],
 [31,39,56,73,86,110,113], [31,39,56,74,85,109,114], [31,39,56,75,84,108,115],
 [31,39,56,76,83,107,116], [31,39,56,77,82,106,117], [31,39,56,78,81,105,118],
 [31,39,56,79,80,104,119], [31,40,55,64,95,104,119], [31,40,55,65,94,105,118],
 [31,40,55,66,93,106,117], [31,40,55,67,92,107,116], [31,40,55,68,91,108,115],
 [31,40,55,69,90,109,114], [31,40,55,70,89,110,113], [31,40,55,71,88,111,112],
 [31,40,55,72,87,96,127], [31,40,55,73,86,97,126], [31,40,55,74,85,98,125],
 [31,40,55,75,84,99,124], [31,40,55,76,83,100,123], [31,40,55,77,82,101,122],
 [31,40,55,78,81,102,121], [31,40,55,79,80,103,120], [31,41,54,64,95,105,118],
 [31,41,54,65,94,104,119], [31,41,54,66,93,107,116], [31,41,54,67,92,106,117],
 [31,41,54,68,91,109,114], [31,41,54,69,90,108,115], [31,41,54,70,89,111,112],
 [31,41,54,71,88,110,113], [31,41,54,72,87,97,126], [31,41,54,73,86,96,127],
 [31,41,54,74,85,99,124], [31,41,54,75,84,98,125], [31,41,54,76,83,101,122],
 [31,41,54,77,82,100,123], [31,41,54,78,81,103,120], [31,41,54,79,80,102,121],
 [31,42,53,64,95,106,117], [31,42,53,65,94,107,116], [31,42,53,66,93,104,119],
 [31,42,53,67,92,105,118], [31,42,53,68,91,110,113], [31,42,53,69,90,111,112],
 [31,42,53,70,89,108,115], [31,42,53,71,88,109,114], [31,42,53,72,87,98,125],
 [31,42,53,73,86,99,124], [31,42,53,74,85,96,127], [31,42,53,75,84,97,126],
 [31,42,53,76,83,102,121], [31,42,53,77,82,103,120], [31,42,53,78,81,100,123],
 [31,42,53,79,80,101,122], [31,43,52,64,95,107,116], [31,43,52,65,94,106,117],
 [31,43,52,66,93,105,118], [31,43,52,67,92,104,119], [31,43,52,68,91,111,112],
 [31,43,52,69,90,110,113], [31,43,52,70,89,109,114], [31,43,52,71,88,108,115],
 [31,43,52,72,87,99,124], [31,43,52,73,86,98,125], [31,43,52,74,85,97,126],
 [31,43,52,75,84,96,127], [31,43,52,76,83,103,120], [31,43,52,77,82,102,121],
 [31,43,52,78,81,101,122], [31,43,52,79,80,100,123], [31,44,51,64,95,108,115],
 [31,44,51,65,94,109,114], [31,44,51,66,93,110,113], [31,44,51,67,92,111,112],
 [31,44,51,68,91,104,119], [31,44,51,69,90,105,118], [31,44,51,70,89,106,117],
 [31,44,51,71,88,107,116], [31,44,51,72,87,100,123], [31,44,51,73,86,101,122],
 [31,44,51,74,85,102,121], [31,44,51,75,84,103,120], [31,44,51,76,83,96,127],
 [31,44,51,77,82,97,126], [31,44,51,78,81,98,125], [31,44,51,79,80,99,124],
 [31,45,50,64,95,109,114], [31,45,50,65,94,108,115], [31,45,50,66,93,111,112],
 [31,45,50,67,92,110,113], [31,45,50,68,91,105,118], [31,45,50,69,90,104,119],
 [31,45,50,70,89,107,116], [31,45,50,71,88,106,117], [31,45,50,72,87,101,122],
 [31,45,50,73,86,100,123], [31,45,50,74,85,103,120], [31,45,50,75,84,102,121],
 [31,45,50,76,83,97,126], [31,45,50,77,82,96,127], [31,45,50,78,81,99,124],
 [31,45,50,79,80,98,125], [31,46,49,64,95,110,113], [31,46,49,65,94,111,112],
 [31,46,49,66,93,108,115], [31,46,49,67,92,109,114], [31,46,49,68,91,106,117],
 [31,46,49,69,90,107,116], [31,46,49,70,89,104,119], [31,46,49,71,88,105,118],
 [31,46,49,72,87,102,121], [31,46,49,73,86,103,120], [31,46,49,74,85,100,123],
 [31,46,49,75,84,101,122], [31,46,49,76,83,98,125], [31,46,49,77,82,99,124],
 [31,46,49,78,81,96,127], [31,46,49,79,80,97,126], [31,47,48,64,95,111,112],
 [31,47,48,65,94,110,113], [31,47,48,66,93,109,114], [31,47,48,67,92,108,115],
 [31,47,48,68,91,107,116], [31,47,48,69,90,106,117], [31,47,48,70,89,105,118],
 [31,47,48,71,88,104,119], [31,47,48,72,87,103,120], [31,47,48,73,86,102,121],
 [31,47,48,74,85,101,122], [31,47,48,75,84,100,123], [31,47,48,76,83,99,124],
 [31,47,48,77,82,98,125], [31,47,48,78,81,97,126], [31,47,48,79,80,96,127]]
